fixed acidity,volatile acidity,citric acid,residual sugar,chlorides,free sulfur dioxide,total sulfur dioxide,density,pH,sulphates,alcohol,quality,class
7.4,0.7,0.0,1.9,0.076,11.0,34.0,0.9978,3.51,0.56,9.4,5,0
7.8,0.88,0.0,2.6,0.098,25.0,67.0,0.9968,3.2,0.68,9.8,5,0
7.8,0.76,0.04,2.3,0.092,15.0,54.0,0.997,3.26,0.65,9.8,5,0
11.2,0.28,0.56,1.9,0.075,17.0,60.0,0.998,3.16,0.58,,6,0
2.0488253357163346,0.7,0.0,1.9,0.076,11.0,34.0,0.9978,3.51,0.56,9.4,5,0
7.4,0.66,0.0,1.8,0.075,13.0,40.0,0.9978,3.51,0.56,9.4,5,0
7.9,0.6,0.06,1.6,0.069,15.0,59.0,0.9964,3.3,0.46,9.4,5,0
7.3,0.65,0.0,1.2,0.065,15.0,21.0,0.9946,3.39,0.47,10.0,7,0
2.9407959185647794,0.58,0.02,2.0,0.073,9.0,18.0,0.9968,3.36,0.57,9.5,7,0
7.5,4.016711404591325,0.36,6.1,0.071,17.0,102.0,0.9978,3.35,0.8,,5,0
1.1929039287186924,0.58,0.08,1.8,0.097,15.0,65.0,0.9959,3.28,0.54,9.2,5,0
7.5,-0.028263089678888464,0.36,6.1,0.071,17.0,102.0,0.9978,3.35,0.8,10.5,5,0
5.6,0.615,0.0,1.6,0.089,16.0,59.0,0.9943,3.58,0.52,9.9,5,0
7.8,2.620312275211475,0.29,1.6,0.114,9.0,29.0,0.9974,3.26,1.56,9.1,5,0
8.9,0.62,0.18,3.8,0.176,52.0,145.0,0.9986,3.16,0.88,9.2,5,0
10.038017498852719,2.0497237527987497,0.19,3.9,0.17,51.0,148.0,0.9986,3.17,0.93,9.2,5,0
8.5,1.929441341113966,0.56,1.8,0.092,35.0,103.0,0.9969,3.3,0.75,,7,0
4.013251560397621,0.56,0.28,1.7,0.368,16.0,56.0,0.9968,3.11,1.28,,5,0
7.4,0.5666734142769607,0.08,4.4,0.086,6.0,29.0,0.9974,3.38,0.5,9.0,4,0
7.9,0.32,0.51,1.8,0.341,17.0,56.0,0.9969,3.04,1.08,,6,0
8.9,0.22,0.48,1.8,0.077,29.0,60.0,0.9968,3.39,0.53,,6,0
11.366732097758149,1.5546821782175244,0.31,2.3,0.082,23.0,71.0,0.9982,3.52,0.65,9.7,5,0
7.9,-2.453853237835833,0.21,1.6,0.106,10.0,37.0,0.9966,3.17,0.91,9.5,5,0
8.5,0.49,0.11,2.3,0.084,9.0,67.0,0.9968,3.17,0.53,,5,0
6.9,0.4,0.14,2.4,0.085,21.0,40.0,0.9968,3.43,0.63,9.7,6,0
6.390739694567861,0.39,0.16,1.4,0.08,11.0,23.0,0.9955,3.34,0.56,,5,0
7.6,-3.1035356686891973,0.24,1.8,0.08,4.0,11.0,0.9962,3.28,0.59,9.5,5,0
7.167439242694994,0.43,0.21,1.6,0.106,10.0,37.0,0.9966,3.17,0.91,9.5,5,0
4.5684347743869855,0.71,0.0,1.9,0.08,14.0,35.0,0.9972,3.47,0.55,9.4,5,0
7.8,0.34168219948423556,0.0,2.0,0.082,8.0,16.0,0.9964,3.38,0.59,,6,0
6.7,-1.3643291411872969,0.07,2.4,0.089,17.0,82.0,0.9958,3.35,0.54,10.1,5,0
6.9,4.96139251974828,0.0,2.5,0.105,22.0,37.0,0.9966,3.46,0.57,10.6,6,0
10.16677624481062,1.7804332879213303,0.12,2.3,0.083,15.0,113.0,0.9966,3.17,0.66,9.8,5,0
4.486506541372766,0.605,0.12,10.7,0.073,40.0,83.0,0.9993,3.45,0.52,9.4,6,0
5.2,0.32,0.25,1.8,0.103,13.0,50.0,0.9957,3.38,0.55,9.2,5,0
4.843865987790357,0.645,0.0,5.5,0.086,5.0,18.0,0.9986,3.4,0.55,,6,0
11.365049761816046,0.6,0.14,2.4,0.086,3.0,15.0,0.9975,3.42,0.6,10.8,6,0
8.1,-1.7694441703616177,0.28,2.1,0.066,13.0,30.0,0.9968,3.23,0.73,9.7,7,0
6.763863482325068,1.13,0.09,1.5,0.172,7.0,19.0,0.994,3.5,0.48,9.8,4,0
7.3,-0.36462131551674054,0.36,5.9,0.074,12.0,87.0,0.9978,3.33,0.83,10.5,5,0
7.3,0.8490197459642985,0.36,5.9,0.074,12.0,87.0,0.9978,3.33,0.83,10.5,5,0
8.8,0.61,0.3,2.8,0.088,17.0,46.0,0.9976,3.26,0.51,,4,0
7.5,0.28599113155324923,0.2,2.6,0.332,8.0,14.0,0.9968,3.21,0.9,,6,0
7.395211715255183,0.66,0.22,2.2,0.069,9.0,23.0,0.9968,3.3,1.2,10.3,5,0
6.8,0.67,0.02,1.8,0.05,5.0,11.0,0.9962,3.48,0.52,9.5,5,0
4.6,0.52,0.15,2.1,0.054,8.0,65.0,0.9934,3.9,0.56,13.1,4,0
9.62429895420115,0.935,0.43,2.2,0.114,22.0,114.0,0.997,3.25,0.73,9.2,5,0
8.726795619332096,1.1052380988027948,0.52,1.6,0.113,12.0,37.0,0.9969,3.25,0.58,9.5,5,0
6.4,0.605963633386924,0.23,1.6,0.066,5.0,12.0,0.9958,3.34,0.56,9.2,5,0
6.749039451355051,0.31,0.37,1.4,0.074,12.0,96.0,0.9954,3.32,0.58,9.2,5,0
6.3494562928736356,0.66,0.26,1.7,0.074,4.0,23.0,0.9971,3.15,0.74,9.2,5,0
12.811195826731867,0.52,0.04,2.2,0.069,8.0,15.0,0.9956,3.4,0.63,,6,0
6.6,-3.6719702454102396,0.04,2.1,0.068,6.0,14.0,0.9955,3.39,0.64,9.4,6,0
8.6,-6.072713702511732,0.36,3.0,0.081,30.0,119.0,0.997,3.2,0.56,9.4,5,0
7.6,-0.6108271346759728,0.15,2.8,0.11,33.0,73.0,0.9955,3.17,0.63,10.2,6,0
7.7,0.62,0.04,3.8,0.084,25.0,45.0,0.9978,3.34,0.53,9.5,5,0
10.2,0.42,0.57,3.4,0.07,4.0,10.0,0.9971,3.04,0.63,9.6,5,0
7.5,0.63,0.12,5.1,0.111,50.0,110.0,0.9983,3.26,0.77,9.4,5,0
6.061140096971325,2.271478115295072,0.18,2.3,0.076,17.0,54.0,0.9975,3.43,0.59,10.0,5,0
11.968048980849932,0.39,0.31,2.4,0.074,9.0,46.0,0.9962,3.41,0.54,9.4,6,0
8.8,-0.6871071036907367,0.4,2.2,0.079,19.0,52.0,0.998,3.44,0.64,9.2,5,0
7.7,4.399692340215676,0.49,1.8,0.115,20.0,112.0,0.9968,3.21,0.71,9.3,5,0
7.5,0.3793399021033039,0.16,1.9,0.085,12.0,35.0,0.9968,3.38,0.62,9.5,7,0
7.0,0.735,0.05,2.0,0.081,13.0,54.0,0.9966,3.39,0.57,,5,0
7.2,0.725,0.05,4.65,0.086,4.0,11.0,0.9962,3.41,0.39,,5,0
7.2,4.7965881927559355,0.05,4.65,0.086,4.0,11.0,0.9962,3.41,0.39,10.9,5,0
7.5,0.52,0.11,1.5,0.079,11.0,39.0,0.9968,3.42,0.58,9.6,5,0
6.03339345208657,0.705,0.07,1.6,0.076,6.0,15.0,0.9962,3.44,0.58,10.7,5,0
11.721291346964888,3.775710317792916,0.57,2.0,0.074,27.0,65.0,0.9969,3.28,0.79,10.7,5,0
8.0,3.8588605955234008,0.05,1.9,0.074,8.0,19.0,0.9962,3.34,0.95,,6,0
9.90267049707841,0.63,0.08,1.9,0.076,15.0,27.0,0.9967,3.32,0.54,9.5,6,0
7.7,0.67,0.23,2.1,0.088,17.0,96.0,0.9962,3.32,0.48,9.5,5,0
7.7,0.69,0.22,1.9,0.084,18.0,94.0,0.9961,3.31,0.48,9.5,5,0
11.740555265450137,-2.9355349026210016,0.26,2.1,0.084,11.0,43.0,0.9976,3.31,0.53,9.2,4,0
7.1781288785075645,0.32,0.54,2.5,0.094,28.0,83.0,0.9984,3.28,0.82,,5,0
12.026906203836587,0.41,0.64,2.2,0.093,9.0,42.0,0.9986,3.54,0.66,,5,0
14.339319552734322,0.4614220039196051,0.64,2.2,0.093,9.0,42.0,0.9986,3.54,0.66,10.5,5,0
6.8,0.785,0.0,2.4,0.104,14.0,30.0,0.9966,3.52,0.55,10.7,6,0
6.7,0.75,0.12,2.0,0.086,12.0,80.0,0.9958,3.38,0.52,10.1,5,0
8.3,4.2933204624469425,0.2,1.5,0.08,27.0,119.0,0.9972,3.16,1.12,9.1,4,0
6.2,0.45,0.2,1.6,0.069,3.0,15.0,0.9958,3.41,0.56,,5,0
7.8,0.43,0.7,1.9,0.464,22.0,67.0,0.9974,3.13,1.28,9.4,5,0
7.4,1.317034174274115,0.47,2.0,0.086,21.0,73.0,0.997,3.36,0.57,,5,0
6.523921062274429,0.67,0.26,1.8,0.401,16.0,51.0,0.9969,3.16,1.14,9.4,5,0
6.404118201426367,0.3,0.48,1.8,0.069,18.0,61.0,0.9959,3.44,0.78,10.3,6,0
5.3296600725595376,0.55,0.15,2.2,0.076,19.0,40.0,0.9961,3.41,0.59,10.1,5,0
8.6,0.49,0.28,1.9,0.11,20.0,136.0,0.9972,2.93,1.95,,6,0
7.7,0.49,0.26,1.9,0.062,9.0,31.0,0.9966,3.39,0.64,9.6,5,0
8.2606912434447,2.053079714996904,0.44,2.1,0.107,34.0,125.0,0.9978,3.14,1.22,9.5,5,0
7.0,0.62,0.08,1.8,0.076,8.0,24.0,0.9978,3.48,0.53,9.0,5,0
13.034268396797472,0.52,0.26,1.9,0.079,42.0,140.0,0.9964,3.23,0.54,9.5,5,0
8.6,0.49,0.28,1.9,0.11,20.0,136.0,0.9972,2.93,1.95,9.9,6,0
8.6,0.49,0.29,2.0,0.11,19.0,133.0,0.9972,2.93,1.98,9.8,5,0
4.687296421609387,-3.673661915346864,0.26,1.9,0.062,9.0,31.0,0.9966,3.39,0.64,9.6,5,0
2.173643534447684,1.02,0.04,1.4,0.045,41.0,85.0,0.9938,3.75,0.48,10.5,4,0
4.7,6.356369791824201,0.17,2.3,0.058,17.0,106.0,0.9932,3.85,0.6,12.9,6,0
11.632702809243131,-1.5991232076962492,0.0,3.0,0.102,8.0,23.0,0.9965,3.45,0.56,10.7,5,0
8.873645277665087,0.5,0.25,2.0,0.07,3.0,22.0,0.9963,3.25,0.63,,5,0
13.961110747127572,0.9,0.06,2.5,0.079,5.0,10.0,0.9967,3.39,0.56,9.8,5,0
8.1,0.545,0.18,1.9,0.08,13.0,35.0,0.9972,3.3,0.59,9.0,6,0
8.3,0.61,0.3,2.1,0.084,11.0,50.0,0.9972,3.4,0.61,,6,0
7.8,-5.48327542525059,0.3,1.9,0.075,8.0,22.0,0.9959,3.31,0.56,10.4,6,0
6.74868408652244,0.545,0.18,1.9,0.08,13.0,35.0,0.9972,3.3,0.59,9.0,6,0
8.1,-0.47837721347520046,0.22,2.1,0.077,12.0,65.0,0.9967,3.29,0.51,,5,0
7.2,0.49,0.24,2.2,0.07,5.0,36.0,0.996,3.33,0.48,9.4,5,0
8.1,0.575,0.22,2.1,0.077,12.0,65.0,0.9967,3.29,0.51,9.2,5,0
7.8,0.41,0.68,1.7,0.467,18.0,69.0,0.9973,3.08,1.31,,5,0
6.578843411712708,-6.7124515545631995,0.31,1.7,0.088,15.0,64.0,0.9969,3.46,0.79,9.3,5,0
6.017969168684587,0.33,0.53,2.5,0.091,18.0,80.0,0.9976,3.37,0.8,,6,0
8.1,0.785,0.52,2.0,0.122,37.0,153.0,0.9969,3.21,0.69,9.3,5,0
7.8,0.56,0.19,1.8,0.104,12.0,47.0,0.9964,3.19,0.93,9.5,5,0
8.829903505943088,-2.6353754343735,0.09,2.2,0.084,11.0,108.0,0.9964,3.15,0.66,,5,0
3.0777099081470887,8.275535499313337,0.1,2.2,0.085,14.0,111.0,0.9964,3.15,0.66,9.8,5,0
10.1,-0.8301223325096594,0.44,2.3,0.08,22.0,46.0,0.9988,3.32,0.67,9.7,6,0
9.854863669965024,-3.723361503939373,0.19,1.8,0.104,12.0,47.0,0.9964,3.19,0.93,9.5,5,0
9.4,0.4,0.31,2.2,0.09,13.0,62.0,0.9966,3.07,0.63,10.5,6,0
8.3,0.54,0.28,1.9,0.077,11.0,40.0,0.9978,3.39,0.61,10.0,6,0
7.8,0.6358936596983527,0.12,2.0,0.082,7.0,28.0,0.997,3.37,0.5,9.4,6,0
8.8,0.55,0.04,2.2,0.119,14.0,56.0,0.9962,3.21,0.6,10.9,6,0
7.0,-2.0034112350959252,0.08,1.8,0.097,22.0,89.0,0.9959,3.34,0.54,9.2,6,0
7.3,3.6635575990217903,0.09,1.7,0.178,10.0,89.0,0.9962,3.3,0.57,9.0,5,0
8.8,0.55,0.04,2.2,0.119,14.0,56.0,0.9962,3.21,0.6,10.9,6,0
8.270422250477013,-1.9736343381581212,0.0,2.5,0.075,3.0,13.0,0.998,3.49,0.52,9.2,5,0
8.0,0.71,0.0,2.6,0.08,11.0,34.0,0.9976,3.44,0.53,9.5,5,0
7.627336012602243,0.5,0.17,1.6,0.082,21.0,102.0,0.996,3.39,0.48,9.5,5,0
9.0,0.62,0.04,1.9,0.146,27.0,90.0,0.9984,3.16,0.7,9.4,5,0
7.028907026201005,2.1422011304054767,0.0,1.7,0.081,3.0,12.0,0.9964,3.53,0.49,10.9,5,0
5.415738037895701,1.33,0.0,1.8,0.082,3.0,12.0,0.9964,3.54,0.48,10.9,5,0
10.183138736098282,-2.8511771106173773,0.16,1.8,0.065,3.0,16.0,0.9962,3.42,0.92,,7,0
6.1,0.38,0.15,1.8,0.072,6.0,19.0,0.9955,3.42,0.57,9.4,5,0
4.48673004288978,8.54208443437166,0.56,2.0,0.118,30.0,134.0,0.9968,3.24,0.66,9.4,5,0
5.6,0.5,0.09,2.3,0.049,17.0,99.0,0.9937,3.63,0.63,13.0,5,0
5.6,2.0108711600819427,0.09,2.3,0.049,17.0,99.0,0.9937,3.63,0.63,13.0,5,0
8.135687736147728,0.5,0.01,1.5,0.06,17.0,26.0,0.9952,3.4,0.58,9.8,6,0
7.9,1.04,0.05,2.2,0.084,13.0,29.0,0.9959,3.22,0.55,9.9,6,0
14.623354184428372,0.30848260755259765,0.11,1.9,0.09,16.0,63.0,0.9965,3.19,0.82,9.6,5,0
8.3,0.715,0.15,1.8,0.089,10.0,52.0,0.9968,3.23,0.77,9.5,5,0
7.2,-0.4638747518938556,0.36,2.0,0.081,13.0,45.0,0.9972,3.48,0.64,9.2,5,0
7.8,0.56,0.19,2.1,0.081,15.0,105.0,0.9962,3.33,0.54,9.5,5,0
12.256564465932893,-1.1007999497480925,0.19,2.0,0.081,17.0,108.0,0.9962,3.32,0.54,9.5,5,0
8.4,-1.537740439422553,0.11,1.9,0.09,16.0,63.0,0.9965,3.19,0.82,,5,0
8.3,0.715,0.15,1.8,0.089,10.0,52.0,0.9968,3.23,0.77,9.5,5,0
5.2,0.34,0.0,1.8,0.05,27.0,63.0,0.9916,3.68,0.79,14.0,6,0
6.3,0.39,0.08,1.7,0.066,3.0,20.0,0.9954,3.34,0.58,9.4,5,0
5.2,0.34,0.0,1.8,0.05,27.0,63.0,0.9916,3.68,0.79,14.0,6,0
3.5846161719880403,-1.6951901785435588,0.55,1.8,0.117,32.0,141.0,0.9968,3.17,0.62,9.4,5,0
4.189785818970091,5.714986551385854,0.02,1.8,0.087,21.0,94.0,0.9944,3.54,0.52,10.0,5,0
7.6,0.49,0.26,1.6,0.236,10.0,88.0,0.9968,3.11,0.8,9.3,5,0
6.9,0.49,0.1,2.3,0.074,12.0,30.0,0.9959,3.42,0.58,10.2,6,0
9.464352221666012,-1.2578418731637155,0.44,2.8,0.089,11.0,43.0,0.9975,3.53,0.61,10.5,6,0
7.3,-6.0582567199152635,0.47,2.1,0.077,5.0,11.0,0.9958,3.33,0.53,,6,0
9.2,0.52,1.0,3.4,0.61,32.0,69.0,0.9996,2.74,2.0,9.4,4,0
7.28915423395695,0.6,0.03,1.8,0.095,25.0,99.0,0.995,3.35,0.54,10.1,5,0
7.5,0.6,0.03,1.8,0.095,25.0,99.0,0.995,3.35,0.54,,5,0
2.901782845152736,0.43,0.42,5.5,0.07,29.0,129.0,0.9973,3.42,0.72,10.5,5,0
7.1,0.43,0.42,5.5,0.071,28.0,128.0,0.9973,3.42,0.71,10.5,5,0
8.255947854420473,0.43,0.42,5.5,0.07,29.0,129.0,0.9973,3.42,0.72,10.5,5,0
7.1,-3.067903162639683,0.42,5.5,0.071,28.0,128.0,0.9973,3.42,0.71,,5,0
7.1,3.4631738599974127,0.0,2.2,0.073,12.0,22.0,0.9969,3.48,0.5,9.3,5,0
6.8,-0.15697216977401052,0.18,1.9,0.079,18.0,86.0,0.9968,3.59,0.57,9.3,6,0
7.569949314651102,0.95,0.03,2.0,0.09,7.0,20.0,0.9959,3.2,0.56,9.6,5,0
7.6,0.27775519959088707,0.02,1.3,0.072,9.0,20.0,0.9965,3.17,1.08,9.2,4,0
13.542976225811344,0.53,0.04,1.7,0.076,17.0,31.0,0.9964,3.33,0.56,10.0,6,0
6.6403138921476605,0.6,0.26,7.3,0.07,36.0,121.0,0.9982,3.37,0.49,9.4,5,0
7.3,4.099443354257278,0.26,7.2,0.07,35.0,121.0,0.9981,3.37,0.49,,5,0
11.304010155979773,0.63,0.48,1.7,0.1,14.0,96.0,0.9961,3.19,0.62,9.5,5,0
6.8,0.64,0.1,2.1,0.085,18.0,101.0,0.9956,3.34,0.52,10.2,5,0
7.3,-1.7814997675169095,0.03,1.6,0.072,17.0,42.0,0.9956,3.37,0.48,9.0,4,0
2.998734790610073,0.63,0.07,2.1,0.089,11.0,44.0,0.9953,3.47,0.55,10.4,6,0
7.5,0.705,0.24,1.8,0.36,15.0,63.0,0.9964,3.0,1.59,9.5,5,0
4.8159721063104755,2.782253166392712,0.03,1.8,0.058,4.0,8.0,0.9972,3.36,0.33,9.1,4,0
8.0,0.42,0.17,2.0,0.073,6.0,18.0,0.9972,3.29,0.61,9.2,6,0
10.164985879428471,0.42,0.17,2.0,0.073,6.0,18.0,0.9972,3.29,0.61,9.2,6,0
7.4,-1.3836494493627773,0.05,1.9,0.068,24.0,42.0,0.9961,3.42,0.57,11.5,6,0
10.551192341822123,0.38,0.21,2.0,0.08,7.0,35.0,0.9961,3.33,0.47,9.5,5,0
4.027821821776824,0.5,0.04,1.5,0.085,19.0,49.0,0.9958,3.35,0.78,9.5,5,0
7.3,0.38,0.21,2.0,0.08,7.0,35.0,0.9961,3.33,0.47,9.5,5,0
7.5,2.247629910257001,0.42,2.3,0.087,8.0,38.0,0.9972,3.58,0.61,10.5,6,0
7.0,-0.36840575230897576,0.0,2.5,0.068,7.0,20.0,0.9969,3.48,0.56,9.6,5,0
8.8,0.61,0.14,2.4,0.067,10.0,42.0,0.9969,3.19,0.59,9.5,5,0
8.8,0.61,0.14,2.4,0.067,10.0,42.0,0.9969,3.19,0.59,9.5,5,0
8.9,0.61,0.49,2.0,0.27,23.0,110.0,0.9972,3.12,1.02,9.3,5,0
7.2,0.73,0.02,2.5,0.076,16.0,42.0,0.9972,3.44,0.52,,5,0
6.872232219451735,-0.11464752456707095,0.2,1.8,0.077,11.0,65.0,0.9971,3.54,0.58,9.3,5,0
6.7,0.62,0.21,1.9,0.079,8.0,62.0,0.997,3.52,0.58,,6,0
8.9,0.31,0.57,2.0,0.111,26.0,85.0,0.9971,3.26,0.53,9.7,5,0
3.2552624794127665,0.39,0.48,2.0,0.082,14.0,67.0,0.9972,3.34,0.55,9.2,5,0
7.156340521083562,0.705,0.1,2.6,0.084,9.0,26.0,0.9976,3.39,0.49,,5,0
7.9,0.5,0.33,2.0,0.084,15.0,143.0,0.9968,3.2,0.55,9.5,5,0
10.410768356872378,2.9504009725338323,0.32,1.9,0.082,17.0,144.0,0.9968,3.2,0.55,9.5,5,0
8.2,0.5,0.35,2.9,0.077,21.0,127.0,0.9976,3.23,0.62,,5,0
5.095124502591566,0.37,0.25,1.9,0.074,21.0,49.0,0.9974,3.57,0.62,9.8,6,0
6.052895882168592,0.63,0.12,3.8,0.099,16.0,126.0,0.9969,3.28,0.61,9.5,5,0
7.6,2.7940744230474985,0.21,2.2,0.071,7.0,28.0,0.9964,3.28,0.55,,5,0
4.210613805111844,0.55,0.21,2.2,0.071,7.0,28.0,0.9964,3.28,0.55,9.7,5,0
5.854924759125223,0.09371604378624565,0.33,2.0,0.074,24.0,120.0,0.9968,3.25,0.54,9.4,5,0
7.3,-0.8348710099843563,0.3,2.4,0.074,15.0,55.0,0.9968,3.46,0.59,,5,0
11.5,5.097442753444962,0.6,2.0,0.067,12.0,27.0,0.9981,3.11,0.97,10.1,6,0
10.674332748643016,0.835,0.08,1.2,0.046,13.0,93.0,0.9924,3.57,0.85,13.0,7,0
7.118774675151399,1.09,0.06,2.1,0.061,12.0,31.0,0.9948,3.51,0.43,11.4,4,0
9.6,0.32,0.47,1.4,0.056,9.0,24.0,0.99695,3.22,0.82,10.3,7,0
8.8,0.37,0.48,2.1,0.097,39.0,145.0,0.9975,3.04,1.03,9.3,5,0
6.8,0.5,0.11,1.5,0.075,16.0,49.0,0.99545,3.36,0.79,9.5,5,0
3.9930767000482055,0.42,0.35,1.6,0.088,16.0,39.0,0.9961,3.34,0.55,9.2,5,0
6.055684150246025,0.43,0.36,1.6,0.089,14.0,37.0,0.99615,3.34,0.56,9.2,6,0
8.007717136500315,0.3,0.74,2.6,0.095,9.0,28.0,0.9994,3.2,0.77,10.8,7,0
9.757520923579364,2.067992434493906,0.74,2.6,0.095,9.0,28.0,0.9994,3.2,0.77,10.8,7,0
7.8,-0.6034254259736552,0.31,1.8,0.069,26.0,120.0,0.99625,3.29,0.53,,5,0
11.881019217139361,0.44,0.28,2.7,0.1,18.0,95.0,0.9966,3.22,0.67,9.4,5,0
11.0,0.3,0.58,2.1,0.054,7.0,19.0,0.998,3.31,0.88,10.5,7,0
9.7,0.53,0.6,2.0,0.039,5.0,19.0,0.99585,3.3,0.86,12.4,6,0
8.0,-1.2342530898692652,0.24,2.8,0.083,10.0,62.0,0.99685,3.35,0.56,10.0,6,0
11.172552726840184,0.44,0.64,2.1,0.059,5.0,15.0,0.998,3.21,0.67,10.2,6,0
8.2,0.57,0.26,2.2,0.06,28.0,65.0,0.9959,3.3,0.43,,5,0
7.8,0.735,0.08,2.4,0.092,10.0,41.0,0.9974,3.24,0.71,9.8,6,0
7.0,0.49,0.49,5.6,0.06,26.0,121.0,0.9974,3.34,0.76,10.5,5,0
14.372190528303618,0.625,0.16,2.0,0.101,13.0,49.0,0.9962,3.14,0.57,11.0,5,0
7.813956484511832,0.725,0.22,2.2,0.072,11.0,41.0,0.9967,3.36,0.55,9.1,5,0
7.5,0.49,0.19,1.9,0.076,10.0,44.0,0.9957,3.39,0.54,9.7,5,0
7.692063911425512,0.53,0.33,2.4,0.08,24.0,144.0,0.99655,3.3,0.6,9.5,5,0
9.722682475626371,0.34,0.37,2.0,0.082,24.0,58.0,0.9964,3.34,0.59,9.4,6,0
7.4,0.53,0.26,2.0,0.101,16.0,72.0,0.9957,3.15,0.57,9.4,5,0
6.8,0.61,0.04,1.5,0.057,5.0,10.0,0.99525,3.42,0.6,9.5,5,0
8.6,0.645,0.25,2.0,0.083,8.0,28.0,0.99815,3.28,0.6,10.0,6,0
0.38223725334179726,0.635,0.36,2.0,0.089,15.0,55.0,0.99745,3.31,0.57,,4,0
7.7,3.504692520826419,0.25,2.6,0.073,29.0,63.0,0.99615,3.37,0.58,10.5,6,0
9.514817970960724,0.59,0.5,2.0,0.337,27.0,81.0,0.9964,3.04,1.61,9.5,6,0
9.0,0.82,0.14,2.6,0.089,9.0,23.0,0.9984,3.39,0.63,9.8,5,0
7.7,0.776200258159478,0.25,2.6,0.073,29.0,63.0,0.99615,3.37,0.58,10.5,6,0
6.753040535817146,0.029341014621741324,0.25,2.6,0.081,10.0,37.0,0.99685,3.46,0.5,11.0,5,0
9.658116680545444,0.8249255266877813,0.04,1.6,0.054,19.0,106.0,0.9927,3.54,0.62,12.2,7,0
8.0,0.38,0.06,1.8,0.078,12.0,49.0,0.99625,3.37,0.52,9.9,6,0
8.5,0.37,0.2,2.8,0.09,18.0,58.0,0.998,3.34,0.7,9.6,6,0
6.9,0.52,0.25,2.6,0.081,10.0,37.0,0.99685,3.46,0.5,11.0,5,0
8.2,1.0,0.09,2.3,0.065,7.0,37.0,0.99685,3.32,0.55,9.0,6,0
7.2,0.63,0.0,1.9,0.097,14.0,38.0,0.99675,3.37,0.58,9.0,6,0
7.2,0.63,0.0,1.9,0.097,14.0,38.0,0.99675,3.37,0.58,9.0,6,0
7.2,0.645,0.0,1.9,0.097,15.0,39.0,0.99675,3.37,0.58,9.2,6,0
10.094038182490852,1.6433906239109746,0.0,1.9,0.097,14.0,38.0,0.99675,3.37,0.58,,6,0
4.798924943359597,0.8299325577076853,0.09,2.3,0.065,7.0,37.0,0.99685,3.32,0.55,9.0,6,0
8.9,0.635,0.37,1.7,0.263,5.0,62.0,0.9971,3.0,1.09,9.3,5,0
12.0,3.991060600528983,0.56,2.1,0.093,6.0,24.0,0.99925,3.14,0.71,10.9,6,0
11.426415855882741,0.58,0.1,1.8,0.102,28.0,109.0,0.99565,3.08,0.49,9.8,6,0
15.0,0.21,0.44,2.2,0.075,10.0,24.0,1.00005,3.07,0.84,9.2,7,0
15.0,3.9880154286359604,0.44,2.2,0.075,10.0,24.0,1.00005,3.07,0.84,9.2,7,0
7.3,0.66,0.0,2.0,0.084,6.0,23.0,0.9983,3.61,0.96,9.9,6,0
7.1,0.68,0.07,1.9,0.075,16.0,51.0,0.99685,3.38,0.52,9.5,5,0
8.2,0.6,0.17,2.3,0.072,11.0,73.0,0.9963,3.2,0.45,,5,0
6.913056423257014,0.53,0.06,1.7,0.074,9.0,39.0,0.99615,3.35,0.48,,6,0
7.3,2.2556643576053985,0.0,2.0,0.084,6.0,23.0,0.9983,3.61,0.96,,6,0
10.8,0.32,0.44,1.6,0.063,16.0,37.0,0.9985,3.22,0.78,,6,0
7.1,0.6,0.0,1.8,0.074,16.0,34.0,0.9972,3.47,0.7,9.9,6,0
11.1,0.35,0.48,3.1,0.09,5.0,21.0,0.9986,3.17,0.53,10.5,5,0
4.9866403211118655,0.775,0.42,1.9,0.092,8.0,86.0,0.9959,3.23,0.59,9.5,5,0
7.6913097526136065,4.724156971486882,0.0,1.8,0.074,16.0,34.0,0.9972,3.47,0.7,9.9,6,0
8.0,0.57,0.23,3.2,0.073,17.0,119.0,0.99675,3.26,0.57,,5,0
9.4,0.34,0.37,2.2,0.075,5.0,13.0,0.998,3.22,0.62,,5,0
5.9916919330085445,0.7204903044146661,0.0,2.1,0.075,12.0,56.0,0.9968,3.49,0.67,,5,0
12.315395942085573,0.41,0.76,1.8,0.611,8.0,45.0,0.9968,3.06,1.26,9.4,5,0
10.0,0.31,0.47,2.6,0.085,14.0,33.0,0.99965,3.36,0.8,,7,0
8.92186608547363,0.33,0.23,1.7,0.077,18.0,45.0,0.99625,3.29,0.65,9.3,5,0
7.0,3.045993015013846,0.04,2.0,0.087,12.0,67.0,0.99565,3.35,0.6,9.4,4,0
8.616976762658018,0.52,0.03,1.7,0.07,10.0,35.0,0.99575,3.34,0.57,10.0,5,0
10.60194124856632,3.3833689566158247,0.23,1.8,0.077,23.0,49.0,0.9963,3.28,0.67,,5,0
12.5,0.56,0.49,2.4,0.064,5.0,27.0,0.9999,3.08,0.87,10.9,5,0
15.078614854278136,0.26,0.52,1.8,0.071,6.0,10.0,0.9968,3.2,0.72,10.2,7,0
10.450815282891897,3.92711484004983,0.0,3.3,0.096,26.0,61.0,1.00025,3.6,0.72,,4,0
12.15839041844486,3.0979974432150317,0.46,3.6,0.078,15.0,37.0,0.9973,3.35,0.86,12.8,8,0
8.726047238741366,0.54,0.04,3.0,0.077,7.0,27.0,0.9987,3.69,0.91,9.4,6,0
12.002954394180106,2.073567582245054,0.51,4.0,0.104,4.0,23.0,0.9996,3.28,0.97,10.1,6,0
11.617516186264089,0.545,0.06,4.0,0.087,27.0,61.0,0.9965,3.36,0.67,10.7,6,0
11.227311579753584,0.18,0.51,4.0,0.104,4.0,23.0,0.9996,3.28,0.97,10.1,6,0
10.999739549033984,0.37,0.58,4.0,0.071,17.0,65.0,0.99935,3.22,0.78,10.1,5,0
8.4,6.586384346914258,0.2,2.4,0.076,10.0,38.0,0.99735,3.31,0.64,9.4,5,0
7.5,-0.9690873557964733,0.18,7.0,0.088,27.0,94.0,0.99915,3.38,0.77,9.4,5,0
13.064730751890744,0.07933763731936816,0.06,4.0,0.087,27.0,61.0,0.9965,3.36,0.67,10.7,6,0
11.765772383865695,0.54,0.04,3.0,0.077,7.0,27.0,0.9987,3.69,0.91,9.4,6,0
11.5,0.18,0.51,4.0,0.104,4.0,23.0,0.9996,3.28,0.97,,6,0
10.3,0.32,0.45,6.4,0.073,5.0,13.0,0.9976,3.23,0.82,12.6,8,0
8.9,-0.24353142995040244,0.32,5.6,0.087,10.0,47.0,0.9991,3.38,0.77,10.5,7,0
11.375472579230031,-0.8442014342914284,0.44,3.6,0.071,6.0,19.0,0.9986,3.12,0.82,9.3,6,0
6.33934526808315,-5.696316130244808,0.68,3.5,0.358,5.0,10.0,0.9972,3.25,1.08,,7,0
11.989520500625495,0.52,0.12,3.0,0.067,12.0,53.0,0.9971,3.36,0.57,9.1,5,0
11.301255073745644,4.524594417124743,0.32,5.6,0.087,10.0,47.0,0.9991,3.38,0.77,,7,0
9.9,-2.4881213771388326,0.07,3.4,0.102,32.0,71.0,1.00015,3.31,0.71,9.8,5,0
9.9,0.59,0.07,3.4,0.102,32.0,71.0,1.00015,3.31,0.71,9.8,5,0
12.946743762592089,0.45,0.55,2.0,0.073,25.0,49.0,0.9997,3.1,0.76,10.3,6,0
6.534381869430167,0.9094447262382916,0.12,3.0,0.092,29.0,53.0,0.9967,3.37,0.7,10.3,6,0
8.7,0.52,0.09,2.5,0.091,20.0,49.0,0.9976,3.34,0.86,10.6,7,0
12.595089736143782,-3.8455835330246604,0.53,3.3,0.105,33.0,98.0,1.001,3.2,0.95,,5,0
8.7,2.3821471921592154,0.09,2.5,0.091,20.0,49.0,0.9976,3.34,0.86,10.6,7,0
10.934874620336892,-2.1561881078205936,0.48,2.0,0.343,6.0,18.0,0.9979,3.3,0.71,10.5,5,0
10.4,-2.8578857723271733,0.23,2.7,0.091,18.0,48.0,0.9994,3.22,0.64,10.3,6,0
4.906985461281013,0.36,0.25,2.4,0.098,5.0,16.0,0.9964,3.41,0.6,10.1,6,0
13.3,0.34,0.52,3.2,0.094,17.0,53.0,1.0014,3.05,0.81,,6,0
10.8,0.5,0.46,2.5,0.073,5.0,27.0,1.0001,3.05,0.64,9.5,5,0
10.6,1.4130303934451187,0.37,2.6,0.086,26.0,70.0,0.9981,3.16,0.52,9.9,5,0
7.1,0.63,0.06,2.0,0.083,8.0,29.0,0.99855,3.67,0.73,9.6,5,0
7.2,0.65,0.02,2.3,0.094,5.0,31.0,0.9993,3.67,0.8,9.7,5,0
6.9,-1.4322037414478865,0.06,2.1,0.08,8.0,33.0,0.99845,3.68,0.71,9.6,5,0
7.5,0.53,0.06,2.6,0.086,20.0,44.0,0.9965,3.38,0.59,10.7,6,0
11.487126985761705,0.18,0.48,1.5,0.068,7.0,15.0,0.9973,3.22,0.64,,6,0
8.3,0.705,0.12,2.6,0.092,12.0,28.0,0.9994,3.51,0.72,,5,0
7.4,-1.052477288259119,0.12,1.6,0.186,5.0,21.0,0.996,3.39,0.54,9.5,5,0
8.4,0.65,0.6,2.1,0.112,12.0,90.0,0.9973,3.2,0.52,9.2,5,0
10.3,0.53,0.48,2.5,0.063,6.0,25.0,0.9998,3.12,0.59,9.3,6,0
8.396272136918823,0.62,0.32,2.2,0.082,7.0,54.0,0.9966,3.36,0.52,9.4,5,0
10.3,0.41,0.42,2.4,0.213,6.0,14.0,0.9994,3.19,0.62,9.5,6,0
9.173814799239308,0.9453688455988618,0.44,2.4,0.214,5.0,12.0,0.9994,3.19,0.63,9.5,6,0
10.111477065828552,0.29,0.38,1.7,0.062,9.0,30.0,0.9968,3.41,0.53,,6,0
10.3,0.53,0.48,2.5,0.063,6.0,25.0,0.9998,3.12,0.59,,6,0
7.9,0.53,0.24,2.0,0.072,15.0,105.0,0.996,3.27,0.54,9.4,6,0
12.866497176932967,2.859968360903252,0.31,2.8,0.093,19.0,98.0,0.99815,3.32,0.63,9.5,6,0
11.509693080966237,-1.985201463615135,0.3,3.0,0.076,30.0,135.0,0.9976,3.3,0.53,9.4,5,0
6.571254844358016,-2.613577421974499,0.29,2.6,0.087,26.0,72.0,0.99645,3.39,0.68,11.0,5,0
9.367464512565116,0.4204510000468247,0.29,2.5,0.096,20.0,53.0,0.9962,3.42,0.65,11.0,6,0
9.83388419238012,0.56,0.23,3.4,0.102,37.0,92.0,0.9996,3.3,0.65,10.1,5,0
9.6,2.387757740774247,0.12,2.9,0.082,30.0,74.0,0.99865,3.3,0.64,10.4,6,0
6.092762064302145,0.66,0.39,3.2,0.083,21.0,59.0,0.9989,3.37,0.71,,7,0
9.6,0.77,0.12,2.9,0.082,30.0,74.0,0.99865,3.3,0.64,10.4,6,0
9.8,0.66,0.39,3.2,0.083,21.0,59.0,0.9989,3.37,0.71,11.5,7,0
9.3,4.9982655755818755,0.26,3.4,0.09,25.0,87.0,0.99975,3.24,0.62,9.7,5,0
9.818188135493237,0.62,0.05,2.3,0.079,6.0,18.0,0.99735,3.29,0.63,,5,0
10.3,0.59,0.42,2.8,0.09,35.0,73.0,0.999,3.28,0.7,9.5,6,0
10.0,0.49,0.2,11.0,0.071,13.0,50.0,1.0015,3.16,0.69,9.2,6,0
10.0,-2.7239887948811043,0.2,11.0,0.071,13.0,50.0,1.0015,3.16,0.69,9.2,6,0
11.6,0.53,0.66,3.65,0.121,6.0,14.0,0.9978,3.05,0.74,11.5,7,0
10.3,-0.513901303811142,0.5,4.5,0.107,5.0,13.0,0.998,3.28,0.83,11.5,5,0
13.4,0.27,0.62,2.6,0.082,6.0,21.0,1.0002,3.16,0.67,9.7,6,0
11.138394922870845,0.46,0.39,2.0,0.061,7.0,15.0,0.9981,3.18,0.62,9.5,5,0
10.2,3.887358075225763,0.64,2.9,0.122,10.0,41.0,0.998,3.23,0.66,12.5,6,0
17.98064400620792,0.36,0.64,2.9,0.122,10.0,41.0,0.998,3.23,0.66,12.5,6,0
8.0,6.499283608416156,0.28,3.2,0.066,21.0,114.0,0.9973,3.22,0.54,9.4,6,0
8.4,0.56,0.08,2.1,0.105,16.0,44.0,0.9958,3.13,0.52,11.0,5,0
12.27181258983568,0.65,0.01,2.5,0.078,17.0,38.0,0.9963,3.34,0.74,11.7,7,0
11.9,-2.2842729979262626,0.53,3.4,0.128,7.0,21.0,0.9992,3.17,0.84,12.2,7,0
11.033450470803572,-1.7864357594199498,0.45,1.9,0.052,6.0,16.0,0.9948,3.35,0.7,,6,0
7.8,1.573300283829579,0.32,2.8,0.08,29.0,58.0,0.9974,3.31,0.64,10.3,5,0
13.14751150386454,0.49,0.58,3.0,0.103,28.0,99.0,1.0008,3.16,1.0,,6,0
12.5,0.28,0.54,2.3,0.082,12.0,29.0,0.9997,3.11,1.36,9.8,7,0
12.691166765174053,-1.3932294265792617,0.5,2.4,0.066,10.0,21.0,1.0,3.12,1.18,9.2,6,0
10.6,0.42,0.48,2.7,0.065,5.0,18.0,0.9972,3.21,0.87,11.3,6,0
10.9,-1.8876952635298578,0.47,1.8,0.118,6.0,14.0,0.9982,3.3,0.75,9.8,6,0
10.9,0.39,0.47,1.8,0.118,6.0,14.0,0.9982,3.3,0.75,,6,0
11.9,0.57,0.5,2.6,0.082,6.0,32.0,1.0006,3.12,0.78,10.7,6,0
7.0,1.4184118191067214,0.0,1.9,0.067,40.0,63.0,0.9979,3.6,0.81,9.9,5,0
6.6,0.815,0.02,2.7,0.072,17.0,34.0,0.9955,3.58,0.89,12.3,7,0
10.788931789100678,5.138259861219333,0.67,3.0,0.093,6.0,15.0,0.9986,3.02,0.93,,6,0
9.6,0.56,0.31,2.8,0.089,15.0,46.0,0.9979,3.11,0.92,10.0,6,0
3.883038318400267,0.785,0.0,2.6,0.093,11.0,28.0,0.9994,3.36,0.86,9.4,6,0
10.7,0.67,0.22,2.7,0.107,17.0,34.0,1.0004,3.28,0.98,,6,0
6.482322672755304,0.795,0.0,2.6,0.096,11.0,26.0,0.9994,3.35,0.83,9.4,6,0
7.7,0.665,0.0,2.4,0.09,8.0,19.0,0.9974,3.27,0.73,9.3,5,0
13.5,-3.398446885298158,0.79,4.8,0.12,23.0,77.0,1.0018,3.18,0.77,13.0,5,0
6.1,0.21,0.4,1.4,0.066,40.5,165.0,0.9912,3.25,0.59,11.9,6,0
6.7,5.2450023233385386,0.01,2.4,0.078,17.0,32.0,0.9955,3.55,0.61,12.8,6,0
11.5,0.41,0.52,3.0,0.08,29.0,55.0,1.0001,3.26,0.88,11.0,5,0
10.5,-1.3043076557486644,0.66,2.95,0.116,12.0,29.0,0.997,3.24,0.75,11.7,7,0
11.9,0.43,0.66,3.1,0.109,10.0,23.0,1.0,3.15,0.85,10.4,7,0
12.6,0.38,0.66,2.6,0.088,10.0,41.0,1.001,3.17,0.68,9.8,6,0
8.2,0.7,0.23,2.0,0.099,14.0,81.0,0.9973,3.19,0.7,9.4,5,0
8.456848945488709,0.45,0.31,2.6,0.086,21.0,50.0,0.9982,3.37,0.91,9.9,6,0
5.583382165373048,0.58,0.66,2.5,0.072,6.0,37.0,0.9992,3.05,0.56,10.0,5,0
10.867034623181752,1.4973757637745957,0.63,2.0,0.071,6.0,15.0,0.9988,2.99,0.87,10.2,5,0
12.8,0.615,0.66,5.8,0.083,7.0,42.0,1.0022,3.07,0.73,10.0,7,0
10.0,0.42,0.5,3.4,0.107,7.0,21.0,0.9979,3.26,0.93,,6,0
12.8,0.615,0.66,5.8,0.083,7.0,42.0,1.0022,3.07,0.73,10.0,7,0
10.4,5.347552163305582,0.61,2.6,0.076,11.0,24.0,1.0,3.16,0.69,9.0,5,0
9.557160900626723,0.34,0.52,2.8,0.159,15.0,75.0,0.9998,3.18,0.64,9.4,5,0
9.4,1.245970776906336,0.53,2.4,0.074,6.0,18.0,0.9962,3.2,1.13,12.0,7,0
6.9,0.765,0.02,2.3,0.063,35.0,63.0,0.9975,3.57,0.78,9.9,5,0
7.2537203395436265,-0.6524731445975648,0.4,1.6,0.056,11.0,25.0,0.9967,3.32,0.87,8.7,6,0
7.114829205435566,2.434526868084218,0.48,1.8,0.067,26.0,46.0,0.9967,3.32,1.04,10.6,6,0
6.375458556855799,0.030501393002678623,0.22,2.2,0.106,12.0,72.0,0.9959,3.05,0.63,,5,0
19.171681484371586,1.9740531487838429,0.63,3.8,0.089,6.0,47.0,1.0014,3.01,0.81,10.8,6,0
13.48643584447181,0.54,0.71,4.4,0.124,6.0,15.0,0.9984,3.01,0.83,11.8,7,0
11.5,0.45,0.5,3.0,0.078,19.0,47.0,1.0003,3.26,1.11,11.0,6,0
9.4,0.27,0.53,2.4,0.074,6.0,18.0,0.9962,3.2,1.13,12.0,7,0
9.719097669305551,0.625,0.66,6.2,0.088,6.0,24.0,0.9988,3.11,0.99,,6,0
8.3,-0.1940429951334583,0.38,2.5,0.094,24.0,60.0,0.9979,3.31,0.7,,6,0
8.3,2.8434586909671156,0.42,2.0,0.08,11.0,27.0,0.9974,3.21,0.8,,6,0
13.7,0.415,0.68,2.9,0.085,17.0,43.0,1.0014,3.06,0.8,10.0,6,0
8.3,0.26,0.42,2.0,0.08,11.0,27.0,0.9974,3.21,0.8,9.4,6,0
8.3,0.26,0.42,2.0,0.08,11.0,27.0,0.9974,3.21,0.8,9.4,6,0
7.49495663491411,-3.6726950776506495,0.28,2.1,0.087,23.0,54.0,0.998,3.42,0.74,9.2,5,0
7.4,0.63,0.07,2.4,0.09,11.0,37.0,0.9979,3.43,0.76,,6,0
7.8,-2.5005648722810276,0.26,2.0,0.088,23.0,48.0,0.9981,3.41,0.74,9.2,6,0
8.3,0.66,0.15,1.9,0.079,17.0,42.0,0.9972,3.31,0.54,9.6,6,0
7.715059993043199,-3.766785274603838,0.26,1.9,0.088,23.0,53.0,0.9981,3.43,0.74,9.2,6,0
9.6,0.38,0.31,2.5,0.096,16.0,49.0,0.9982,3.19,0.7,10.0,7,0
5.6,0.85,0.05,1.4,0.045,12.0,88.0,0.9924,3.56,0.82,12.9,8,0
11.396133698779547,0.415,0.68,2.9,0.085,17.0,43.0,1.0014,3.06,0.8,10.0,6,0
9.5,0.2007117124109812,0.52,2.0,0.082,6.0,26.0,0.998,3.18,0.51,,5,0
8.4,0.665,0.61,2.0,0.112,13.0,95.0,0.997,3.16,0.54,9.1,5,0
10.392609346768435,-3.9886146564293106,0.65,2.3,0.063,6.0,25.0,0.9997,3.03,0.57,9.9,5,0
12.0,0.37,0.76,4.2,0.066,7.0,38.0,1.0004,3.22,0.6,13.0,7,0
6.6,-1.340494725200458,0.02,7.9,0.122,68.0,124.0,0.9994,3.47,0.53,,5,0
14.531572060980139,-2.732525813706424,0.59,2.6,0.087,13.0,49.0,0.9988,3.18,0.65,11.0,6,0
11.5,0.59,0.59,2.6,0.087,13.0,49.0,0.9988,3.18,0.65,11.0,6,0
8.7,5.2040286886164715,0.22,2.3,0.064,9.0,42.0,0.9963,3.1,0.55,9.4,5,0
5.340646867449552,-2.2370410565275174,0.02,7.9,0.122,68.0,124.0,0.9994,3.47,0.53,,5,0
7.7,0.26,0.3,1.7,0.059,20.0,38.0,0.9949,3.29,0.47,10.8,6,0
12.2,0.48,0.54,2.6,0.085,19.0,64.0,1.0,3.1,0.61,,6,0
8.115910838907386,0.6,0.49,2.7,0.085,10.0,41.0,0.9994,3.15,0.63,10.5,6,0
7.7,-3.169637108770027,0.05,2.7,0.075,15.0,27.0,0.9974,3.26,0.61,9.1,5,0
8.7,0.31,0.46,1.4,0.059,11.0,25.0,0.9966,3.36,0.76,10.1,6,0
9.670578967791673,0.44,0.47,2.5,0.063,9.0,28.0,0.9981,3.24,0.65,10.8,6,0
12.0,1.1350156012973085,0.66,3.0,0.093,12.0,30.0,0.9996,3.18,0.63,10.8,7,0
10.754029259387371,0.34,0.58,3.7,0.174,6.0,16.0,0.997,3.19,0.7,11.3,6,0
12.5,5.5204634636849805,0.49,4.5,0.07,26.0,49.0,0.9981,3.05,0.57,,4,0
9.0,0.43,0.34,2.5,0.08,26.0,86.0,0.9987,3.38,0.62,9.5,6,0
9.1,0.45,0.35,2.4,0.08,23.0,78.0,0.9987,3.38,0.62,9.5,5,0
1.1818873274184938,0.735,0.16,1.9,0.1,15.0,77.0,0.9966,3.27,0.64,9.3,5,0
9.9,0.4,0.53,6.7,0.097,6.0,19.0,0.9986,3.27,0.82,11.7,7,0
8.677760926548421,0.17179876226294505,0.34,2.7,0.087,24.0,122.0,0.9982,3.26,0.61,,5,0
11.203939803044781,0.6088420805688075,0.24,6.6,0.117,31.0,134.0,1.0014,3.32,1.07,,5,0
11.953688156565498,0.48,0.64,2.2,0.111,6.0,20.0,0.997,3.26,0.66,11.7,6,0
7.0,0.58,0.12,1.9,0.091,34.0,124.0,0.9956,3.44,0.48,10.5,5,0
18.589385345584915,0.38,0.51,2.0,0.121,7.0,20.0,0.9996,3.24,0.76,10.4,6,0
6.8,4.642272383235428,0.0,1.8,0.066,34.0,52.0,0.9976,3.62,0.68,9.9,5,0
9.5,0.56,0.33,2.4,0.089,35.0,67.0,0.9972,3.28,0.73,11.8,7,0
10.353328446936537,3.474688014649338,0.03,2.3,0.059,32.0,48.0,0.9952,3.52,0.56,12.3,7,0
12.046802074252561,2.2362449538356772,0.2,2.0,0.047,15.0,60.0,0.9955,3.36,0.44,,5,0
18.90025780774298,0.24,0.47,2.1,0.066,6.0,24.0,0.9978,3.15,0.9,11.0,7,0
7.7,0.96,0.2,2.0,0.047,15.0,60.0,0.9955,3.36,0.44,10.9,5,0
6.6,0.84,0.03,2.3,0.059,32.0,48.0,0.9952,3.52,0.56,12.3,7,0
8.674468785323793,0.67,0.08,2.1,0.045,19.0,48.0,0.9949,3.49,0.49,11.4,6,0
9.5,-0.96702218520058,0.22,1.9,0.077,6.0,32.0,0.9988,3.26,0.56,10.6,6,0
9.589210623798103,0.52,0.33,1.3,0.07,9.0,30.0,0.9978,3.24,0.6,9.3,5,0
12.8,0.84,0.63,2.4,0.088,13.0,35.0,0.9997,3.1,0.6,10.4,6,0
10.5,0.24,0.47,2.1,0.066,6.0,24.0,0.9978,3.15,0.9,11.0,7,0
7.8,1.9178737188598387,0.35,2.2,0.074,21.0,66.0,0.9974,3.25,0.56,9.2,5,0
11.9,-3.712352286058061,0.69,2.3,0.078,12.0,24.0,0.9958,3.0,0.65,12.8,6,0
12.3,0.39,0.63,2.3,0.091,6.0,18.0,1.0004,3.16,0.49,9.5,5,0
13.321220880293996,-1.4610266481777938,0.55,3.2,0.076,22.0,54.0,0.9996,3.15,0.89,9.9,6,0
10.62229069981502,4.684387952865748,0.63,2.3,0.091,6.0,18.0,1.0004,3.16,0.49,9.5,5,0
8.323058958484907,0.67,0.3,2.0,0.06,38.0,62.0,0.9958,3.26,0.56,10.2,6,0
11.1,0.45,0.73,3.2,0.066,6.0,22.0,0.9986,3.17,0.66,,6,0
10.4,4.315978054223365,0.55,3.2,0.076,22.0,54.0,0.9996,3.15,0.89,9.9,6,0
7.0,0.62,0.18,1.5,0.062,7.0,50.0,0.9951,3.08,0.6,,5,0
12.6,0.31,0.72,2.2,0.072,6.0,29.0,0.9987,2.88,0.82,9.8,8,0
9.956817070765059,0.4,0.65,2.15,0.068,7.0,27.0,0.9988,3.06,0.68,11.3,6,0
15.6,0.685,0.76,3.7,0.1,6.0,43.0,1.0032,2.95,0.68,11.2,7,0
11.193953672688645,0.44,0.49,2.7,0.077,11.0,19.0,0.9963,3.23,0.63,,7,0
3.3442727359405393,1.8824540980061277,0.01,1.7,0.054,5.0,27.0,0.9934,3.57,0.84,,7,0
9.5,-5.053061164129974,0.1,2.1,0.079,6.0,31.0,0.9986,3.23,0.56,10.1,6,0
12.5,0.38,0.6,2.6,0.081,31.0,72.0,0.9996,3.1,0.73,,5,0
9.3,0.48,0.29,2.1,0.127,6.0,16.0,0.9968,3.22,0.72,11.2,5,0
6.539214500414847,0.53,0.22,2.0,0.1,7.0,27.0,0.9967,3.2,0.56,,6,0
11.9,0.39,0.69,2.8,0.095,17.0,35.0,0.9994,3.1,0.61,10.8,6,0
13.140419879316514,-3.23466458394945,0.69,2.8,0.095,17.0,35.0,0.9994,3.1,0.61,10.8,6,0
8.4,-1.6684172858422062,0.53,1.8,0.413,9.0,26.0,0.9979,3.06,1.06,9.1,6,0
6.8,0.56,0.03,1.7,0.084,18.0,35.0,0.9968,3.44,0.63,10.0,6,0
9.9868656776583,-0.18509709401615143,0.63,2.8,0.084,5.0,22.0,0.9998,3.26,0.74,11.2,7,0
1.2174365928497588,0.23,0.4,1.6,0.063,21.0,67.0,0.9952,3.5,0.63,11.1,5,0
6.933329236063732,0.62,0.67,5.2,0.086,6.0,19.0,0.9988,3.22,0.69,13.4,8,0
8.9,0.59,0.39,2.3,0.095,5.0,22.0,0.9986,3.37,0.58,10.3,5,0
9.2,-3.121233451517889,0.21,2.7,0.097,29.0,65.0,0.9988,3.28,0.58,,5,0
10.4,0.33,0.63,2.8,0.084,5.0,22.0,0.9998,3.26,0.74,11.2,7,0
11.6,-0.15894117074669556,0.66,2.2,0.074,10.0,47.0,1.0008,3.25,0.57,9.0,3,0
9.2,0.43,0.52,2.3,0.083,14.0,23.0,0.9976,3.35,0.61,11.3,6,0
4.858200525615611,5.916885714466067,0.22,2.6,0.087,6.0,19.0,0.9982,3.26,0.61,9.3,5,0
11.0,0.26,0.68,2.55,0.085,10.0,25.0,0.997,3.18,0.61,,5,0
5.451084281658076,0.66,0.7,2.2,0.098,25.0,129.0,0.9972,3.08,0.53,,5,0
11.5,0.315,0.54,2.1,0.084,5.0,15.0,0.9987,2.98,0.7,9.2,6,0
10.0,0.29,0.4,2.9,0.098,10.0,26.0,1.0006,3.48,0.91,9.7,5,0
10.3,1.7025076305760183,0.42,2.0,0.069,21.0,51.0,0.9982,3.16,0.72,11.5,6,0
8.8,0.46,0.45,2.6,0.065,7.0,18.0,0.9947,3.32,0.79,14.0,6,0
12.643269988435915,0.36,0.69,2.1,0.09,6.0,21.0,1.0,3.17,0.62,,6,0
8.7,0.82,0.02,1.2,0.07,36.0,48.0,0.9952,3.2,0.58,9.8,5,0
13.0,0.9764798868831093,0.65,2.6,0.093,15.0,47.0,0.9996,3.05,0.61,10.6,5,0
9.6,0.54,0.42,2.4,0.081,25.0,52.0,0.997,3.2,0.71,11.4,6,0
13.156816541214909,0.37,0.55,2.6,0.083,25.0,68.0,0.9995,3.15,0.82,10.4,6,0
13.095838115097598,0.35,0.55,2.1,0.062,5.0,14.0,0.9971,3.26,0.79,10.6,5,0
12.758405468825313,0.28,0.51,1.7,0.08,10.0,24.0,0.9982,3.2,0.89,,6,0
12.815708868547972,-2.372666257055464,0.24,2.2,0.087,5.0,28.0,0.9988,3.14,0.6,10.2,5,0
9.3,0.27,0.41,2.0,0.091,6.0,16.0,0.998,3.28,0.7,9.7,5,0
10.4,-4.676954360137521,0.49,1.8,0.075,6.0,20.0,0.9977,3.18,1.06,11.0,6,0
9.6,-3.0045892766291145,0.24,2.2,0.087,5.0,28.0,0.9988,3.14,0.6,,5,0
9.4,0.685,0.11,2.7,0.077,6.0,31.0,0.9984,3.19,0.7,10.1,6,0
10.6,-4.75816744412303,0.39,15.5,0.069,6.0,23.0,1.0026,3.12,0.66,9.2,5,0
11.22518857437737,0.3,0.56,2.8,0.08,6.0,17.0,0.9964,3.15,0.92,11.7,8,0
10.6,0.5851057867245273,0.59,2.2,0.152,6.0,18.0,0.9986,3.04,1.05,9.4,5,0
11.229037927274469,0.36,0.6,2.2,0.152,7.0,18.0,0.9986,3.04,1.06,9.4,5,0
13.898055226862965,0.44,0.68,4.1,0.114,6.0,24.0,0.997,3.06,0.66,13.4,6,0
10.2,0.67,0.39,1.9,0.054,6.0,17.0,0.9976,3.17,0.47,,5,0
10.2,0.67,0.39,1.9,0.054,6.0,17.0,0.9976,3.17,0.47,10.0,5,0
12.958238375220297,0.645,0.36,1.8,0.053,5.0,14.0,0.9982,3.17,0.42,10.0,6,0
11.6,1.4716574132220777,0.55,2.8,0.081,35.0,67.0,1.0002,3.32,0.92,10.8,7,0
9.3,0.39,0.4,2.6,0.073,10.0,26.0,0.9984,3.34,0.75,10.2,6,0
9.3,0.775,0.27,2.8,0.078,24.0,56.0,0.9984,3.31,0.67,10.6,6,0
9.2,0.41,0.5,2.5,0.055,12.0,25.0,0.9952,3.34,0.79,13.3,7,0
8.9,0.4,0.51,2.6,0.052,13.0,27.0,0.995,3.32,0.9,13.4,7,0
9.828286102661973,-2.20586985845804,0.31,3.0,0.086,23.0,81.0,1.0002,3.48,0.74,11.6,6,0
6.5,0.39,0.23,8.3,0.051,28.0,91.0,0.9952,3.44,0.55,12.1,6,0
10.7,0.35,0.53,2.6,0.07,5.0,16.0,0.9972,3.15,0.65,,8,0
7.8,0.52,0.25,1.9,0.081,14.0,38.0,0.9984,3.43,0.65,9.0,6,0
7.2,0.34,0.32,2.5,0.09,43.0,113.0,0.9966,3.32,0.79,,5,0
14.513215612580426,0.35,0.53,2.6,0.07,5.0,16.0,0.9972,3.15,0.65,11.0,8,0
8.7,1.1337580197274422,0.31,3.0,0.086,23.0,81.0,1.0002,3.48,0.74,,6,0
7.8,0.52,0.25,1.9,0.081,14.0,38.0,0.9984,3.43,0.65,9.0,6,0
10.4,4.846981448696851,0.73,6.55,0.074,38.0,76.0,0.999,3.17,0.85,12.0,7,0
10.4,6.313092027041711,0.73,6.55,0.074,38.0,76.0,0.999,3.17,0.85,12.0,7,0
10.5,2.571231052247655,0.47,1.9,0.078,6.0,24.0,0.9976,3.18,1.04,10.9,7,0
10.5,0.24,0.42,1.8,0.077,6.0,22.0,0.9976,3.21,1.05,,7,0
10.2,0.49,0.63,2.9,0.072,10.0,26.0,0.9968,3.16,0.78,12.5,7,0
3.3626352724898103,-0.2845215118750303,0.46,1.8,0.075,6.0,21.0,0.9976,3.25,1.02,10.8,7,0
11.2,2.8843127316287664,0.55,2.3,0.084,6.0,13.0,1.0,3.17,0.71,9.5,6,0
10.0,0.59,0.31,2.2,0.09,26.0,62.0,0.9994,3.18,0.63,10.2,6,0
12.428610477578651,4.345429951033884,0.75,2.8,0.084,23.0,43.0,0.9986,3.04,0.68,11.4,7,0
11.482628603044807,0.42,0.49,4.6,0.073,19.0,43.0,0.9978,3.02,0.61,,5,0
10.0,-5.431684413371677,0.31,2.2,0.09,26.0,62.0,0.9994,3.18,0.63,10.2,6,0
14.15804863244471,0.4,0.48,2.1,0.125,15.0,49.0,0.998,3.03,0.81,9.7,6,0
15.214184990852308,4.956207113389248,0.64,2.4,0.107,6.0,15.0,0.9973,3.09,0.66,11.8,7,0
6.149461889369213,0.51,0.64,2.4,0.107,6.0,15.0,0.9973,3.09,0.66,11.8,7,0
12.733501522447828,0.655,0.49,6.1,0.122,34.0,151.0,1.001,3.31,1.14,9.3,5,0
8.985664441921193,-1.0337604617791873,0.49,4.3,0.1,5.0,14.0,1.001,3.25,0.74,11.9,6,0
10.4,-0.9948888648124709,0.49,2.1,0.2,5.0,16.0,0.9994,3.16,0.63,8.4,3,0
7.476354263317532,-0.8547839177577536,0.49,2.8,0.088,11.0,32.0,0.9972,3.22,0.68,11.7,6,0
7.3,1.3252524163272659,0.49,2.5,0.088,39.0,106.0,0.9966,3.36,0.78,11.0,5,0
9.8,0.25,0.49,2.7,0.088,15.0,33.0,0.9982,3.42,0.9,10.0,6,0
6.8971428930179055,-2.923762761096299,0.49,2.0,0.088,16.0,43.0,0.998,3.48,0.64,9.1,5,0
7.245380583602246,-0.46444210407285447,0.49,2.3,0.099,47.0,133.0,0.9979,3.38,0.99,,5,0
9.3,1.9758316194936718,0.49,2.5,0.085,38.0,142.0,0.9978,3.22,0.55,9.4,5,0
4.52474816084937,0.43,0.49,2.4,0.086,23.0,116.0,0.9976,3.23,0.64,9.5,5,0
12.3496339204777,0.64,0.24,2.8,0.105,29.0,53.0,0.9998,3.24,0.67,9.9,5,0
7.3,0.365,0.49,2.5,0.088,39.0,106.0,0.9966,3.36,0.78,,5,0
7.0,0.38,0.49,2.5,0.097,33.0,85.0,0.9962,3.39,0.77,,6,0
8.2,0.42,0.49,2.6,0.084,32.0,55.0,0.9988,3.34,0.75,8.7,6,0
11.938207274179806,0.63,0.24,2.4,0.077,6.0,33.0,0.9974,3.09,0.57,,5,0
9.1,0.22,0.24,2.1,0.078,1.0,28.0,0.999,3.41,0.87,,6,0
11.9,0.38,0.49,2.7,0.098,12.0,42.0,1.0004,3.16,0.61,10.3,5,0
15.062124788491012,1.0357137478219782,0.49,2.7,0.098,12.0,42.0,1.0004,3.16,0.61,,5,0
10.3,0.27,0.24,2.1,0.072,15.0,33.0,0.9956,3.22,0.66,12.8,6,0
8.699634010666404,1.6224435430844077,0.24,2.7,0.102,13.0,32.0,1.0,3.28,0.56,10.0,6,0
8.981251855082654,-0.7519061371436881,0.24,2.1,0.078,1.0,28.0,0.999,3.41,0.87,,6,0
9.9,0.63,0.24,2.4,0.077,6.0,33.0,0.9974,3.09,0.57,9.4,5,0
8.008718505292071,2.906129857387974,0.24,2.1,0.084,5.0,13.0,0.9972,3.37,0.77,,6,0
17.963986324405393,0.35,0.49,5.8,0.066,5.0,35.0,1.0014,3.2,0.66,,7,0
11.2,0.5,0.74,5.15,0.1,5.0,17.0,0.9996,3.22,0.62,11.2,5,0
9.2,0.59,0.24,3.3,0.101,20.0,47.0,0.9988,3.26,0.67,9.6,5,0
9.5,3.629248366008567,0.49,6.3,0.064,5.0,17.0,0.9988,3.21,0.73,11.0,6,0
9.3,0.715,0.24,2.1,0.07,5.0,20.0,0.9966,3.12,0.59,9.9,5,0
11.2,0.66,0.24,2.5,0.085,16.0,53.0,0.9993,3.06,0.72,11.0,6,0
5.7972656521003465,3.299317936488134,0.74,1.8,0.075,6.0,15.0,1.0008,2.86,0.79,8.4,6,0
9.1,1.7528306985294073,0.49,2.6,0.094,38.0,106.0,0.9982,3.08,0.59,9.1,5,0
4.62916695303269,0.55,0.24,2.0,0.078,10.0,28.0,0.9983,3.45,0.78,9.5,6,0
10.616622528375393,0.31,0.49,2.5,0.067,6.0,21.0,0.9987,3.26,0.86,10.7,6,0
12.4,3.166677826171037,0.49,2.6,0.079,27.0,69.0,0.9994,3.12,0.75,,6,0
9.0,3.1431817523441916,0.49,1.9,0.171,6.0,25.0,0.9975,3.27,0.61,9.4,6,0
6.8,0.51,0.01,2.1,0.074,9.0,25.0,0.9958,3.33,0.56,9.5,6,0
6.143289295253491,8.459523720052438,0.24,2.8,0.092,14.0,45.0,0.998,3.19,0.73,,6,0
8.725038928186647,4.114201210146125,0.24,2.7,0.092,14.0,44.0,0.998,3.12,0.74,10.0,6,0
5.0,1.04,0.24,1.6,0.05,32.0,96.0,0.9934,3.74,0.62,11.5,5,0
15.121773390890272,0.37876759009415567,0.49,4.2,0.095,10.0,23.0,1.00315,2.92,0.74,,5,0
13.526941673622593,-2.090037862040609,0.49,4.2,0.095,10.0,23.0,1.00315,2.92,0.74,11.1,5,0
11.093406778308017,0.53,0.49,4.6,0.118,10.0,17.0,1.0002,3.07,0.56,11.7,6,0
15.6,0.645,0.49,4.2,0.095,10.0,23.0,1.00315,2.92,0.74,11.1,5,0
10.9,0.53,0.49,4.6,0.118,10.0,17.0,1.0002,3.07,0.56,11.7,6,0
13.0,-0.3134207642773321,0.49,4.3,0.085,6.0,47.0,1.0021,3.3,0.68,12.7,6,0
14.58444783327344,0.6,0.49,2.8,0.075,5.0,19.0,0.9994,3.14,0.57,11.4,5,0
8.291200664906993,0.44,0.49,2.4,0.078,26.0,121.0,0.9978,3.23,0.58,9.2,5,0
9.0,0.54,0.49,2.9,0.094,41.0,110.0,0.9982,3.08,0.61,9.2,5,0
7.6,0.29,0.49,2.7,0.092,25.0,60.0,0.9971,3.31,0.61,10.1,6,0
13.0,0.47,0.49,4.3,0.085,6.0,47.0,1.0021,3.3,0.68,12.7,6,0
12.7,0.6,0.49,2.8,0.075,5.0,19.0,0.9994,3.14,0.57,11.4,5,0
8.7,0.7,0.24,2.5,0.226,5.0,15.0,0.9991,3.32,0.6,9.0,6,0
7.340415798093792,-0.29535456679993843,0.24,2.5,0.226,5.0,15.0,0.9991,3.32,0.6,,6,0
9.302705250038384,0.5,0.49,2.6,0.25,5.0,20.0,0.999,3.31,0.79,10.7,6,0
6.2,0.36,0.24,2.2,0.095,19.0,42.0,0.9946,3.57,0.57,,6,0
11.477690960063232,1.8842677031776036,0.49,3.3,0.07,10.0,37.0,1.0003,3.32,0.91,11.0,6,0
6.2,-1.7407687355678978,0.24,2.2,0.095,19.0,42.0,0.9946,3.57,0.57,,6,0
10.2,0.24,0.49,2.4,0.075,10.0,28.0,0.9978,3.14,0.61,10.4,5,0
10.5,0.59,0.49,2.1,0.07,14.0,47.0,0.9991,3.3,0.56,9.6,4,0
10.6,0.34,0.49,3.2,0.078,20.0,78.0,0.9992,3.19,0.7,10.0,6,0
12.3,0.27,0.49,3.1,0.079,28.0,46.0,0.9993,3.2,0.8,10.2,6,0
9.9,4.076531514561211,0.24,2.3,0.103,6.0,14.0,0.9978,3.34,0.52,,4,0
8.8,-3.728689017685887,0.49,2.8,0.083,18.0,111.0,0.9982,3.3,0.6,9.5,5,0
8.8,0.47,0.49,2.9,0.085,17.0,110.0,0.9982,3.29,0.6,9.8,5,0
5.379041303996734,-4.587575408949249,0.49,2.2,0.063,18.0,40.0,0.9976,3.14,0.51,,6,0
12.3,0.5,0.49,2.2,0.089,5.0,14.0,1.0002,3.19,0.44,9.6,5,0
12.3,0.094651976223953,0.49,2.2,0.089,5.0,14.0,1.0002,3.19,0.44,9.6,5,0
13.084661753883836,0.49,0.49,2.2,0.083,5.0,15.0,1.0,3.19,0.43,,5,0
10.646996311659617,0.28,0.49,1.9,0.074,10.0,21.0,0.9976,2.98,0.66,9.9,7,0
11.8,-2.1976771475865347,0.49,3.4,0.093,54.0,80.0,1.0002,3.3,0.76,,7,0
7.6,0.51,0.24,2.4,0.091,8.0,38.0,0.998,3.47,0.66,,6,0
14.884605224433153,0.31,0.49,2.7,0.094,16.0,47.0,0.9986,3.12,1.02,,7,0
9.073160426927423,-3.04470156195289,0.24,1.9,0.108,18.0,102.0,0.9967,3.26,0.59,9.3,5,0
8.510199212658964,-1.4912098650145276,0.24,2.0,0.06,19.0,50.0,0.9917,3.72,0.74,14.0,8,0
7.1669886188552745,0.29,0.49,2.6,0.059,5.0,13.0,0.9976,3.05,0.74,10.5,7,0
9.0,0.45,0.49,2.6,0.084,21.0,75.0,0.9987,3.35,0.57,9.7,5,0
6.6,0.39,0.49,1.7,0.07,23.0,149.0,0.9922,3.12,0.5,11.5,6,0
7.88584007643772,0.45,0.49,2.6,0.084,21.0,75.0,0.9987,3.35,0.57,9.7,5,0
9.9,-1.7944574872367685,0.58,3.5,0.094,9.0,43.0,1.0004,3.29,0.58,9.0,5,0
4.172624537627772,0.7504029937026571,0.17,2.6,0.096,20.0,38.0,0.9978,3.4,0.53,9.5,5,0
6.784426373212022,0.595,0.41,7.9,0.086,30.0,109.0,0.9998,3.27,0.57,9.3,5,0
12.4,0.4,0.51,2.0,0.059,6.0,24.0,0.9994,3.04,0.6,9.3,6,0
11.9,0.58,0.58,1.9,0.071,5.0,18.0,0.998,3.09,0.63,,6,0
8.5,-1.2764123649427839,0.18,2.1,0.078,5.0,30.0,0.9967,3.2,0.48,9.8,6,0
12.7,0.59,0.45,2.3,0.082,11.0,22.0,1.0,3.0,0.7,9.3,6,0
8.2,0.915,0.27,2.1,0.088,7.0,23.0,0.9962,3.26,0.47,10.0,4,0
13.2,-1.1574030747502175,0.52,2.2,0.071,12.0,35.0,1.0006,3.1,0.56,9.0,6,0
7.7,0.835,0.0,2.6,0.081,6.0,14.0,0.9975,3.3,0.52,,5,0
13.2,0.46,0.52,2.2,0.071,12.0,35.0,1.0006,3.1,0.56,9.0,6,0
8.3,0.5654028453361212,0.13,2.9,0.096,14.0,63.0,0.9984,3.17,0.62,9.1,6,0
8.3,3.6427247122062734,0.13,2.6,0.085,6.0,24.0,0.9984,3.31,0.59,9.2,6,0
9.4,4.822236396466372,0.48,4.6,0.072,10.0,20.0,0.9973,3.34,0.79,12.2,7,0
12.556316273525775,0.48,0.41,3.3,0.092,26.0,52.0,0.9982,3.31,0.53,10.5,6,0
10.1,1.0933026874521938,0.37,5.1,0.11,11.0,65.0,1.0026,3.32,0.64,10.4,6,0
6.3,1.0366293563115607,0.19,3.2,0.075,15.0,39.0,0.9956,3.56,0.52,12.7,6,0
8.8,-0.30956105188752303,0.54,2.5,0.083,25.0,57.0,0.9983,3.39,0.54,9.2,5,0
13.2,1.8237458601772354,0.55,2.7,0.081,5.0,16.0,1.0006,2.98,0.54,9.4,5,0
7.5,1.8106580817524165,0.0,2.4,0.077,18.0,29.0,0.9965,3.32,0.6,10.0,6,0
8.2,0.39,0.38,1.5,0.058,10.0,29.0,0.9962,3.26,0.74,9.8,5,0
13.662471733767486,4.732543049265237,0.18,2.2,0.148,10.0,103.0,0.9969,2.87,1.36,,6,0
9.6,-5.066113887466288,0.5,2.3,0.079,28.0,71.0,0.9997,3.5,0.57,9.7,5,0
9.6,-0.10349323113662323,0.5,2.3,0.079,28.0,71.0,0.9997,3.5,0.57,9.7,5,0
8.055600115586621,0.31,0.51,2.2,0.079,14.0,28.0,0.9982,3.03,0.93,9.8,6,0
10.02516699504815,1.4775696073829312,0.5,2.7,0.122,4.0,17.0,1.0006,3.13,0.7,,5,0
11.071412983928154,0.37,0.41,2.3,0.088,6.0,16.0,0.9988,3.09,0.8,9.3,5,0
8.3,0.54,0.24,3.4,0.076,16.0,112.0,0.9976,3.27,0.61,9.4,5,0
8.2,0.56,0.23,3.4,0.078,14.0,104.0,0.9976,3.28,0.62,,5,0
10.0,0.5011481273736661,0.22,1.9,0.08,9.0,32.0,0.9974,3.13,0.55,,5,0
7.9,0.51,0.25,2.9,0.077,21.0,45.0,0.9974,3.49,0.96,12.1,6,0
6.8,0.69,0.0,5.6,0.124,21.0,58.0,0.9997,3.46,0.72,,5,0
6.8,-2.1275190962883364,0.0,5.6,0.124,21.0,58.0,0.9997,3.46,0.72,10.2,5,0
8.8,0.6,0.29,2.2,0.098,5.0,15.0,0.9988,3.36,0.49,9.1,5,0
10.556816925429345,0.6,0.29,2.2,0.098,5.0,15.0,0.9988,3.36,0.49,9.1,5,0
8.7,-3.3581000377214325,0.26,2.5,0.097,7.0,31.0,0.9976,3.27,0.6,9.3,6,0
7.6,3.103967278086586,0.23,2.3,0.111,20.0,84.0,0.9964,3.21,0.61,9.3,5,0
8.7,0.54,0.26,2.5,0.097,7.0,31.0,0.9976,3.27,0.6,,6,0
10.4,-1.9907775511892443,0.54,2.7,0.105,5.0,19.0,0.9988,3.25,0.63,9.5,5,0
2.3205692093905217,0.41,0.14,3.0,0.087,21.0,43.0,0.9964,3.32,0.57,,6,0
5.290999755414685,-4.329701474516806,0.22,3.4,0.105,11.0,86.0,1.001,3.43,0.64,,4,0
9.368878431617208,2.9197185800296945,0.21,1.9,0.073,46.0,102.0,0.9964,3.27,0.58,,5,0
2.852884293246226,2.2169487013381963,0.0,1.4,0.065,24.0,33.0,0.9954,3.27,0.55,9.7,5,0
9.6,0.5323777076252939,0.28,2.4,0.086,30.0,147.0,0.9979,3.24,0.53,,5,0
9.5,0.885,0.27,2.3,0.084,31.0,145.0,0.9978,3.24,0.53,,5,0
7.7,0.915,0.12,2.2,0.143,7.0,23.0,0.9964,3.35,0.65,10.2,7,0
8.9,0.29,0.35,1.9,0.067,25.0,57.0,0.997,3.18,1.36,,6,0
9.9,0.54,0.45,2.3,0.071,16.0,40.0,0.9991,3.39,0.62,9.4,5,0
9.5,0.59,0.44,2.3,0.071,21.0,68.0,0.9992,3.46,0.63,9.5,5,0
8.55960778158339,-2.2036547782830858,0.45,2.3,0.071,16.0,40.0,0.9991,3.39,0.62,9.4,5,0
9.986275425676522,0.2496756698885182,0.44,2.3,0.071,21.0,68.0,0.9992,3.46,0.63,,5,0
9.9,0.54,0.45,2.3,0.071,16.0,40.0,0.9991,3.39,0.62,,5,0
7.8,0.64,0.1,6.0,0.115,5.0,11.0,0.9984,3.37,0.69,10.1,7,0
8.546997909799352,0.67,0.05,3.6,0.107,6.0,20.0,0.9972,3.4,0.63,10.1,5,0
8.3,0.845,0.01,2.2,0.07,5.0,14.0,0.9967,3.32,0.58,,4,0
8.7,0.48,0.3,2.8,0.066,10.0,28.0,0.9964,3.33,0.67,11.2,7,0
6.274845713368504,4.066762801557616,0.27,8.6,0.068,24.0,148.0,0.9948,3.16,0.57,11.3,6,0
10.7,0.43,0.39,2.2,0.106,8.0,32.0,0.9986,2.89,0.5,,5,0
9.8,0.88,0.25,2.5,0.104,35.0,155.0,1.001,3.41,0.67,11.2,5,0
15.9,0.36,0.65,7.5,0.096,22.0,71.0,0.9976,2.98,0.84,14.9,5,0
8.302729842857408,-4.514097858086399,0.59,2.8,0.079,9.0,30.0,0.9976,3.12,0.54,12.0,6,0
8.6,-4.221932850218782,0.47,2.4,0.074,7.0,29.0,0.9979,3.08,0.46,9.5,5,0
12.233712579149437,0.55,0.17,2.9,0.087,20.0,53.0,1.0004,3.14,0.61,9.4,5,0
10.7,0.43,0.39,2.2,0.106,8.0,32.0,0.9986,2.89,0.5,9.6,5,0
12.855617779097273,0.5,0.59,1.4,0.073,23.0,42.0,0.998,2.92,0.68,10.5,7,0
7.2,0.52,0.07,1.4,0.074,5.0,20.0,0.9973,3.32,0.81,9.6,6,0
5.15895013414562,-1.0432959687372314,0.02,4.4,0.096,5.0,13.0,0.997,3.41,0.57,11.0,4,0
7.313168690046715,0.44006893962038485,0.07,1.4,0.074,5.0,20.0,0.9973,3.32,0.81,9.6,6,0
7.5,0.42,0.31,1.6,0.08,15.0,42.0,0.9978,3.31,0.64,,5,0
8.34950706796858,-0.9188756936513417,0.06,1.6,0.076,9.0,27.0,0.9972,3.36,0.7,9.6,6,0
15.254711724354143,0.28,0.46,1.8,0.05,5.0,13.0,0.9974,3.04,0.79,10.2,6,0
14.458971004874737,0.4,0.52,2.0,0.092,15.0,54.0,1.0,3.03,0.66,10.2,5,0
9.4,2.5184497255010583,0.14,2.0,0.084,25.0,48.0,0.9981,3.14,0.56,9.7,5,0
8.3,3.756501833345042,0.36,1.8,0.222,6.0,16.0,0.998,3.18,0.6,9.5,6,0
11.3,1.1763063238224036,0.45,2.0,0.082,6.0,15.0,0.9988,2.94,0.66,9.2,6,0
13.64367056786183,2.4112970312683126,0.43,2.3,0.059,15.0,31.0,0.9966,3.15,0.57,11.0,5,0
11.3,0.34,0.45,2.0,0.082,6.0,15.0,0.9988,2.94,0.66,,6,0
5.06817781110111,1.2162986560710172,0.24,2.5,0.083,30.0,45.0,0.9959,3.26,0.58,10.0,5,0
8.2,0.7585242727459544,0.21,1.7,0.074,5.0,13.0,0.9968,3.2,0.52,,5,0
9.8,-2.640676099444085,0.34,2.0,0.079,32.0,151.0,0.998,3.15,0.53,9.5,5,0
8.2,-2.3539751228078845,0.21,1.7,0.074,5.0,13.0,0.9968,3.2,0.52,9.5,5,0
10.8,0.4,0.41,2.2,0.084,7.0,17.0,0.9984,3.08,0.67,9.3,6,0
7.727451281234993,0.41,0.39,2.2,0.064,12.0,31.0,0.9984,3.26,0.65,,5,0
10.8,0.4,0.41,2.2,0.084,7.0,17.0,0.9984,3.08,0.67,9.3,6,0
8.6,0.8,0.11,2.3,0.084,12.0,31.0,0.9979,3.4,0.48,9.9,5,0
7.593860021561031,-3.2727554309157805,0.1,2.6,0.081,45.0,87.0,0.9983,3.48,0.53,10.0,5,0
10.369282060085508,0.26,0.45,3.3,0.06,20.0,49.0,0.9972,3.13,0.54,,5,0
10.275925126591329,-0.01551438488325163,0.58,1.9,0.07,15.0,40.0,1.0004,3.06,0.49,9.0,5,0
11.797800879670454,0.45,0.23,2.2,0.094,16.0,29.0,0.9962,3.21,0.49,10.2,6,0
11.150054913276376,1.156834093763117,0.31,2.25,0.078,32.0,58.0,0.998,3.33,0.54,9.8,5,0
8.1,0.78,0.23,2.6,0.059,5.0,15.0,0.997,3.37,0.56,11.3,5,0
9.8,-3.36778715434413,0.32,2.3,0.078,35.0,152.0,0.998,3.25,0.48,9.4,5,0
7.1829664160954785,0.78,0.23,2.6,0.059,5.0,15.0,0.997,3.37,0.56,11.3,5,0
7.1,0.8677851413060229,0.18,1.8,0.07,13.0,40.0,0.997,3.44,0.6,9.1,5,0
9.1,0.64,0.23,3.1,0.095,13.0,38.0,0.9998,3.28,0.59,,5,0
7.7,-1.9656489847806262,0.04,1.6,0.039,4.0,9.0,0.9962,3.4,0.47,,5,0
8.1,0.38,0.48,1.8,0.157,5.0,17.0,0.9976,3.3,1.05,,5,0
9.32513194704156,1.185,0.0,4.25,0.097,5.0,14.0,0.9966,3.63,0.54,10.7,3,0
9.2,-2.287598030610577,0.24,2.6,0.087,12.0,93.0,0.9998,3.48,0.54,9.8,5,0
9.268697489011513,-1.3860482496821265,0.51,2.0,0.422,16.0,62.0,0.9979,3.03,1.17,9.0,5,0
11.159483942794123,-2.8814294950351393,0.32,2.8,0.084,21.0,122.0,0.9984,3.32,0.62,9.4,5,0
9.0,0.47,0.31,2.7,0.084,24.0,125.0,0.9984,3.31,0.61,9.4,5,0
5.1,0.47,0.02,1.3,0.034,18.0,44.0,0.9921,3.9,0.62,12.8,6,0
7.0,2.469977353877859,0.02,2.1,0.066,8.0,25.0,0.9972,3.47,0.67,9.5,6,0
7.0,0.14598674585321747,0.02,2.1,0.066,8.0,25.0,0.9972,3.47,0.67,9.5,6,0
9.4,3.0606421709627636,0.28,3.2,0.087,18.0,72.0,1.0001,3.31,0.53,,5,0
7.767078629423111,-0.9504890563188092,0.55,2.1,0.071,5.0,19.0,0.9986,3.11,0.62,10.8,6,0
10.163016780407695,1.02,0.43,2.9,0.076,26.0,88.0,0.9984,3.08,0.57,10.1,6,0
6.825884416282614,-0.5670581856510569,0.02,2.1,0.066,8.0,25.0,0.9972,3.47,0.67,9.5,6,0
8.870926298834954,6.260147922440367,0.02,2.1,0.067,9.0,23.0,0.997,3.47,0.67,9.4,6,0
7.5,0.38,0.48,2.6,0.073,22.0,84.0,0.9972,3.32,0.7,9.6,4,0
7.2146871964536,0.765,0.04,1.6,0.078,4.0,14.0,0.998,3.29,0.54,9.7,4,0
8.4,1.035,0.15,6.0,0.073,11.0,54.0,0.999,3.37,0.49,9.9,5,0
7.0,-4.0891814150410175,0.08,2.0,0.093,10.0,19.0,0.9956,3.4,0.47,10.0,5,0
7.4,0.49,0.19,3.0,0.077,16.0,37.0,0.9966,3.37,0.51,10.5,5,0
7.8,0.545,0.12,2.5,0.068,11.0,35.0,0.996,3.34,0.61,11.6,6,0
9.7,0.31,0.47,1.6,0.062,13.0,33.0,0.9983,3.27,0.66,10.0,6,0
10.6,4.878443730259098,0.43,2.8,0.08,21.0,84.0,0.9985,3.06,0.57,10.1,5,0
8.9,0.565,0.34,3.0,0.093,16.0,112.0,0.9998,3.38,0.61,9.5,5,0
8.7,0.69,0.0,3.2,0.084,13.0,33.0,0.9992,3.36,0.45,,5,0
8.0,0.43,0.36,2.3,0.075,10.0,48.0,0.9976,3.34,0.46,9.4,5,0
9.9,0.74,0.28,2.6,0.078,21.0,77.0,0.998,3.28,0.51,9.8,5,0
-0.2997921722471881,0.49,0.18,2.7,0.069,13.0,34.0,0.9967,3.29,0.48,,6,0
8.0,0.43,0.36,2.3,0.075,10.0,48.0,0.9976,3.34,0.46,9.4,5,0
4.354900846951238,0.46,0.11,2.6,0.079,12.0,49.0,0.9968,3.21,0.57,10.0,5,0
8.4,5.523572112937481,0.04,2.0,0.082,10.0,22.0,0.9976,3.22,0.44,9.6,5,0
7.1,2.9574524887844986,0.0,3.9,0.086,17.0,45.0,0.9976,3.46,0.54,9.5,5,0
8.4,0.56,0.04,2.0,0.082,10.0,22.0,0.9976,3.22,0.44,9.6,5,0
8.9,0.48,0.24,2.85,0.094,35.0,106.0,0.9982,3.1,0.53,9.2,5,0
7.416856042867278,0.42,0.08,2.7,0.084,15.0,48.0,0.9968,3.21,0.59,10.0,5,0
7.1,0.31,0.3,2.2,0.053,36.0,127.0,0.9965,2.94,1.62,9.5,5,0
7.691652676509995,1.115,0.1,3.1,0.086,5.0,12.0,0.9958,3.54,0.6,11.2,4,0
14.051244367874954,0.66,0.17,3.0,0.077,5.0,13.0,0.9976,3.29,0.55,10.4,5,0
9.848239321974297,-0.2714114081130732,0.09,2.8,0.084,18.0,49.0,0.9994,3.43,0.72,11.1,6,0
6.6445908376944685,0.57,0.02,1.8,0.067,4.0,11.0,0.997,3.46,0.68,9.5,5,0
6.4,4.850706215219225,0.02,1.8,0.067,4.0,11.0,0.997,3.46,0.68,9.5,5,0
6.4,0.865,0.03,3.2,0.071,27.0,58.0,0.995,3.61,0.49,12.7,6,0
9.402826169655688,0.55,0.66,2.3,0.387,12.0,37.0,0.9982,3.17,0.67,9.6,5,0
12.212550146509079,-0.09028407966999685,0.13,3.45,0.088,4.0,14.0,0.9994,3.44,0.52,11.5,5,0
5.529668643527685,-1.2823567571321637,0.03,2.1,0.092,10.0,19.0,0.9966,3.39,0.47,9.6,5,0
6.5791486367782035,-0.7148050325749915,0.34,2.7,0.082,16.0,72.0,0.998,3.55,0.6,9.5,5,0
4.432225639585095,0.56,0.2,2.0,0.075,9.0,39.0,0.9987,3.48,0.62,9.3,5,0
7.7,0.965,0.1,2.1,0.112,11.0,22.0,0.9963,3.26,0.5,,5,0
11.956718146085912,-0.7455812173556137,0.1,2.1,0.112,11.0,22.0,0.9963,3.26,0.5,,5,0
9.377496811004841,0.59,0.0,2.5,0.093,19.0,58.0,1.0002,3.5,0.65,9.3,6,0
6.877430111988162,-2.379869374758746,0.23,2.8,0.092,28.0,104.0,0.9983,3.1,0.56,9.2,5,0
9.0,0.69,0.0,2.4,0.088,19.0,38.0,0.999,3.35,0.6,,5,0
7.956634969045077,0.76,0.29,4.2,0.075,12.0,16.0,0.9965,3.45,0.68,11.5,6,0
10.72895228961884,3.8600235023268947,0.24,2.6,0.078,28.0,139.0,0.99788,3.21,0.57,9.5,5,0
6.5,-1.7053450578653508,0.0,1.9,0.065,9.0,18.0,0.9972,3.46,0.65,9.2,5,0
10.847843261833173,0.41,0.58,2.8,0.096,25.0,101.0,1.00024,3.13,0.53,10.0,5,0
11.1,0.39,0.54,2.7,0.095,21.0,101.0,1.0001,3.13,0.51,9.5,5,0
7.3,0.421059033235881,0.18,2.1,0.07,12.0,28.0,0.99768,3.52,0.73,9.5,6,0
6.596588134862197,0.34,0.38,2.5,0.08,12.0,57.0,0.9978,3.3,0.47,9.0,6,0
8.6,0.33,0.4,2.6,0.083,16.0,68.0,0.99782,3.3,0.48,9.4,5,0
7.2,-3.831315668196412,0.18,2.1,0.071,12.0,31.0,0.99761,3.52,0.72,9.6,6,0
7.3,0.51,0.18,2.1,0.07,12.0,28.0,0.99768,3.52,0.73,9.5,6,0
6.337178942047006,0.65,0.1,2.9,0.089,17.0,40.0,0.99803,3.29,0.55,9.5,5,0
9.316885697723345,0.7424320452475752,0.1,2.9,0.089,17.0,40.0,0.99803,3.29,0.55,9.5,5,0
6.525837162367944,0.54,0.13,2.5,0.097,24.0,66.0,0.99785,3.39,0.61,9.4,5,0
8.3,-2.817778132668218,0.1,2.9,0.089,17.0,40.0,0.99803,3.29,0.55,,5,0
7.8,-3.0614574687756995,0.68,1.7,0.415,14.0,32.0,0.99656,3.09,1.06,9.1,6,0
6.438726795711761,0.5821362697117516,0.07,1.9,0.058,22.0,47.0,0.99525,3.51,0.43,,6,0
2.2918147348337827,0.98,0.01,2.0,0.057,15.0,33.0,0.99488,3.6,0.46,11.2,6,0
8.1,0.87,0.0,2.2,0.084,10.0,31.0,0.99656,3.25,0.5,9.8,5,0
8.332921729581509,0.87,0.0,2.2,0.084,10.0,31.0,0.99656,3.25,0.5,9.8,5,0
8.8,3.590916795542806,0.21,2.5,0.092,33.0,88.0,0.99823,3.19,0.52,,5,0
9.0,0.58,0.25,2.8,0.075,9.0,104.0,0.99779,3.23,0.57,9.7,5,0
8.756329683624276,0.655,0.26,2.0,0.096,5.0,35.0,0.99738,3.25,0.42,,5,0
7.835054954074106,2.0212410632193887,0.0,1.7,0.069,8.0,19.0,0.99701,3.31,0.53,10.0,6,0
9.896312032466156,2.182361158398278,0.26,2.0,0.096,5.0,35.0,0.99738,3.25,0.42,9.6,5,0
9.1,0.68,0.11,2.8,0.093,11.0,44.0,0.99888,3.31,0.55,9.5,6,0
11.444006788207693,0.28024846006297743,0.1,3.0,0.091,12.0,48.0,0.99888,3.31,0.54,,6,0
10.904696415821405,0.59,0.18,2.9,0.089,12.0,74.0,0.99738,3.14,0.54,,5,0
9.158185502699288,0.6,0.32,2.7,0.103,13.0,98.0,0.99938,3.45,0.62,9.5,5,0
6.377989164092836,-0.4169207954515527,0.02,2.3,0.082,24.0,94.0,0.99744,3.55,0.53,9.7,6,0
7.9,0.72,0.01,1.9,0.076,7.0,32.0,0.99668,3.39,0.54,9.6,5,0
5.399004992176273,0.59,0.02,2.3,0.082,24.0,94.0,0.99744,3.55,0.53,9.7,6,0
9.4,0.685,0.26,2.4,0.082,23.0,143.0,0.9978,3.28,0.55,,5,0
9.5,0.57,0.27,2.3,0.082,23.0,144.0,0.99782,3.27,0.55,9.4,5,0
7.9,0.4,0.29,1.8,0.157,1.0,44.0,0.9973,3.3,0.92,9.5,6,0
4.768253076032688,0.4,0.3,1.8,0.157,2.0,45.0,0.99727,3.31,0.91,9.5,6,0
7.2,3.373421915482707,0.0,3.0,0.102,7.0,16.0,0.99586,3.43,0.46,,5,0
6.9,0.765,0.18,2.4,0.243,5.5,48.0,0.99612,3.4,0.6,,6,0
5.120530477985755,-1.054531486962407,0.17,2.4,0.241,6.0,18.0,0.9961,3.4,0.59,10.3,6,0
8.3,0.43,0.3,3.4,0.079,7.0,34.0,0.99788,3.36,0.61,10.5,5,0
7.1,0.52,0.03,2.6,0.076,21.0,92.0,0.99745,3.5,0.6,9.8,5,0
7.058950285409709,3.0733024633430874,0.0,2.0,0.19,12.0,45.0,0.99676,3.31,0.6,9.4,6,0
6.5,0.46,0.14,2.4,0.114,9.0,37.0,0.99732,3.66,0.65,9.8,5,0
9.0,4.527840816802179,0.05,2.4,0.081,26.0,96.0,0.99814,3.36,0.53,10.0,5,0
6.5,-2.0641603489273317,0.14,2.4,0.114,9.0,37.0,0.99732,3.66,0.65,9.8,5,0
7.1,-1.4933364868996235,0.01,2.5,0.077,20.0,85.0,0.99746,3.55,0.59,,5,0
7.541141635042552,0.35,0.41,2.3,0.083,11.0,61.0,0.9982,3.21,0.5,,5,0
9.9,-1.2870865192438128,0.41,2.3,0.083,11.0,61.0,0.9982,3.21,0.5,9.5,5,0
10.288171417352329,0.56,0.24,2.2,0.079,19.0,58.0,0.9991,3.18,0.56,,6,0
10.0,0.56,0.24,2.2,0.079,19.0,58.0,0.9991,3.18,0.56,10.1,6,0
8.6,-3.7708878772602397,0.17,2.9,0.099,21.0,119.0,0.998,3.09,0.52,9.3,5,0
4.503629966264407,0.37,0.43,2.6,0.082,18.0,82.0,0.99708,3.33,0.68,9.7,6,0
8.8,-0.7682081949015732,0.17,2.9,0.084,25.0,130.0,0.99818,3.23,0.54,9.6,5,0
2.117024332978933,0.61,0.02,2.5,0.081,17.0,87.0,0.99745,3.48,0.6,9.7,6,0
10.158218362594386,4.504349211658516,0.0,2.6,0.055,7.0,13.0,0.99639,3.38,0.56,10.8,5,0
8.676756213902467,0.27,0.54,2.3,0.065,7.0,26.0,0.99531,3.17,0.53,12.5,6,0
8.288899040328328,0.89,0.3,2.6,0.132,7.0,60.0,0.99786,2.99,1.18,10.2,5,0
5.4184585761076836,-2.676726627006043,0.31,2.5,0.126,24.0,64.0,0.99746,3.1,0.74,9.6,5,0
10.569107924191202,4.345588325961845,0.44,1.6,0.038,21.0,42.0,0.99526,3.24,0.81,10.8,7,0
9.4,-0.8003333738592318,0.34,3.6,0.082,5.0,14.0,0.9987,3.29,0.52,10.7,6,0
9.4,6.842106911308259,0.34,3.6,0.082,5.0,14.0,0.9987,3.29,0.52,,6,0
7.2,0.61,0.08,4.0,0.082,26.0,108.0,0.99641,3.25,0.51,9.4,5,0
12.724723134403902,0.55,0.09,3.3,0.068,8.0,17.0,0.99735,3.23,0.44,10.0,5,0
5.1,0.585,0.0,1.7,0.044,14.0,86.0,0.99264,3.56,0.94,12.9,7,0
7.7,0.56,0.08,2.5,0.114,14.0,46.0,0.9971,3.24,0.66,9.6,6,0
7.190778416981567,0.52,0.22,2.7,0.084,4.0,18.0,0.99682,3.26,0.57,9.9,6,0
7.553309876012254,0.28,0.4,2.4,0.052,4.0,10.0,0.99356,3.33,0.7,12.8,7,0
8.4,-1.7954391959462828,0.39,2.0,0.041,4.0,10.0,0.99386,3.27,0.71,12.5,7,0
11.414895519667215,-0.15194584946647904,0.4,2.4,0.052,4.0,10.0,0.99356,3.33,0.7,12.8,7,0
7.4,-2.2005491955771994,0.12,1.9,0.165,4.0,12.0,0.99702,3.26,0.86,9.2,5,0
7.6,-1.583102320757479,0.31,2.8,0.07,4.0,15.0,0.99693,3.22,0.55,10.3,6,0
1.8686628869250628,4.504537500575173,0.1,2.6,0.068,4.0,14.0,0.99562,3.3,0.47,,5,0
18.800605928738,1.9236100554169397,0.55,2.8,0.072,7.0,24.0,1.00012,3.09,0.68,10.9,6,0
10.8,3.536453337532348,0.33,2.5,0.099,20.0,38.0,0.99818,3.24,0.71,10.8,5,0
6.9,0.39,0.24,2.1,0.102,4.0,7.0,0.99462,3.44,0.58,,4,0
19.93230090697911,-3.5367679029700976,0.54,2.8,0.103,19.0,41.0,0.99939,3.21,0.76,11.3,6,0
10.8,2.4144853594737454,0.33,2.5,0.099,20.0,38.0,0.99818,3.24,0.71,10.8,5,0
9.8,-2.4043299501614133,0.19,3.2,0.081,8.0,30.0,0.9984,3.23,0.58,10.5,6,0
10.8,0.29,0.42,1.6,0.084,19.0,27.0,0.99545,3.28,0.73,11.9,6,0
7.1,0.715,0.0,2.35,0.071,21.0,47.0,0.99632,3.29,0.45,9.4,5,0
0.9809874117397506,0.66,0.15,3.2,0.097,9.0,59.0,0.99976,3.28,0.54,,5,0
6.707490313249729,-3.326955539098558,0.0,1.9,0.099,9.0,22.0,0.99606,3.34,0.6,9.7,5,0
4.9,1.1362984165606675,0.0,2.1,0.048,16.0,42.0,0.99154,3.71,0.74,14.0,7,0
4.543158904391309,1.2256150002342403,0.13,2.0,0.076,15.0,36.0,0.9973,3.61,0.64,9.8,5,0
6.7,0.700037358897451,0.13,2.0,0.076,15.0,36.0,0.9973,3.61,0.64,9.8,5,0
7.1,2.6326752378829963,0.28,2.8,0.068,6.0,16.0,0.99682,3.24,0.53,,5,0
6.305684687285798,0.46,0.14,2.8,0.076,15.0,37.0,0.99624,3.36,0.49,10.7,5,0
7.5,2.890698952901031,0.34,2.3,0.05,4.0,8.0,0.9951,3.4,0.64,11.0,7,0
5.844844791152229,4.869188017581103,0.14,2.8,0.076,15.0,37.0,0.99624,3.36,0.49,10.7,5,0
7.8,0.57,0.09,2.3,0.065,34.0,45.0,0.99417,3.46,0.74,12.7,8,0
8.335277295438075,0.61,0.08,2.1,0.071,16.0,24.0,0.99376,3.56,0.77,11.1,6,0
7.5,-2.8860289949175058,0.07,2.5,0.058,5.0,9.0,0.99632,3.38,0.55,10.9,4,0
5.9,5.116048736350675,0.08,2.1,0.071,16.0,24.0,0.99376,3.56,0.77,11.1,6,0
10.062290279096027,0.44,0.42,1.5,0.145,34.0,48.0,0.99832,3.38,0.86,9.9,3,0
11.6,6.116934469086729,0.44,1.6,0.147,36.0,51.0,0.99836,3.38,0.86,9.9,4,0
8.8,0.685,0.26,1.6,0.088,16.0,23.0,0.99694,3.32,0.47,9.4,5,0
7.6,0.665,0.1,1.5,0.066,27.0,55.0,0.99655,3.39,0.51,9.3,5,0
6.7,-0.8186900493561036,0.28,2.4,0.012,36.0,100.0,0.99064,3.26,0.39,11.7,7,0
6.7,0.28,0.28,2.4,0.012,36.0,100.0,0.99064,3.26,0.39,11.7,7,0
10.1,-4.69547504921953,0.35,1.6,0.075,9.0,28.0,0.99672,3.24,0.83,,7,0
6.0,-3.6504967392073535,0.04,2.2,0.092,13.0,26.0,0.99647,3.46,0.47,10.0,5,0
8.36727835740013,-0.9655541428011354,0.47,2.65,0.085,9.0,34.0,0.99736,3.24,0.77,12.1,7,0
6.6,0.66,0.0,3.0,0.115,21.0,31.0,0.99629,3.45,0.63,10.3,5,0
10.6,6.542424770922266,0.45,2.6,0.119,34.0,68.0,0.99708,3.23,0.72,10.9,6,0
7.1,0.7362400006095363,0.35,2.0,0.088,9.0,92.0,0.9963,3.28,0.62,9.4,5,0
9.383444516114627,0.25,0.46,1.7,0.062,26.0,42.0,0.9959,3.18,0.83,10.6,6,0
6.4,-1.2115523502554386,0.21,1.8,0.081,14.0,31.0,0.99689,3.59,0.66,9.8,5,0
7.944352710887229,0.64,0.21,1.8,0.081,14.0,31.0,0.99689,3.59,0.66,9.8,5,0
7.4,0.68,0.16,1.8,0.078,12.0,39.0,0.9977,3.5,0.7,9.9,6,0
2.848836016704155,0.64,0.21,1.8,0.081,14.0,31.0,0.99689,3.59,0.66,9.8,5,0
6.4,0.63,0.21,1.6,0.08,12.0,32.0,0.99689,3.58,0.66,9.8,5,0
4.361298933090059,0.43,0.44,1.9,0.085,9.0,22.0,0.99708,3.28,0.55,9.5,5,0
15.278228402505961,-1.6262067750718907,0.44,1.9,0.085,9.0,22.0,0.99708,3.28,0.55,9.5,5,0
8.0,0.42,0.32,2.5,0.08,26.0,122.0,0.99801,3.22,1.07,9.7,5,0
9.3,0.36,0.39,1.5,0.08,41.0,55.0,0.99652,3.47,0.73,10.9,6,0
7.372719960874692,0.36,0.39,1.5,0.08,41.0,55.0,0.99652,3.47,0.73,10.9,6,0
7.6,0.735,0.02,2.5,0.071,10.0,14.0,0.99538,3.51,0.71,11.7,7,0
9.3,0.36,0.39,1.5,0.08,41.0,55.0,0.99652,3.47,0.73,10.9,6,0
8.2,0.26,0.34,2.5,0.073,16.0,47.0,0.99594,3.4,0.78,,7,0
11.287941039241431,-3.6881669750173742,0.47,1.7,0.054,17.0,32.0,0.99686,3.15,0.67,10.6,7,0
6.8,0.56,0.22,1.8,0.074,15.0,24.0,0.99438,3.4,0.82,11.2,6,0
7.2,0.62,0.06,2.7,0.077,15.0,85.0,0.99746,3.51,0.54,9.5,5,0
5.8,1.01,0.66,2.0,0.039,15.0,88.0,0.99357,3.66,0.6,11.5,6,0
7.5,3.04372808904117,0.32,2.7,0.067,7.0,25.0,0.99628,3.24,0.44,10.4,5,0
7.2,0.62,0.06,2.5,0.078,17.0,84.0,0.99746,3.51,0.53,9.7,5,0
6.006613782523282,0.62,0.06,2.7,0.077,15.0,85.0,0.99746,3.51,0.54,9.5,5,0
7.2,0.635,0.07,2.6,0.077,16.0,86.0,0.99748,3.51,0.54,9.7,5,0
6.8,0.49,0.22,2.3,0.071,13.0,24.0,0.99438,3.41,0.83,11.3,6,0
6.9,0.51,0.23,2.0,0.072,13.0,22.0,0.99438,3.4,0.84,,6,0
8.444263112246425,0.28379376584274657,0.22,1.8,0.074,15.0,24.0,0.99438,3.4,0.82,11.2,6,0
12.91836976927313,6.929488529287297,0.03,2.0,0.08,27.0,43.0,0.99578,3.44,0.64,10.9,6,0
7.7,0.715,0.01,2.1,0.064,31.0,43.0,0.99371,3.41,0.57,11.8,6,0
8.639801525187853,0.56,0.03,1.5,0.086,36.0,46.0,0.99522,3.53,0.57,10.6,5,0
7.3,0.35,0.24,2.0,0.067,28.0,48.0,0.99576,3.43,0.54,10.0,4,0
4.544904557380026,2.0946281892793515,0.37,1.6,0.067,6.0,10.0,0.99552,3.23,0.58,11.1,7,0
10.4,2.8698089481718103,0.46,2.1,0.104,6.0,10.0,0.99664,3.12,0.65,11.8,7,0
8.8,-0.4163144922280339,0.4,2.8,0.109,7.0,16.0,0.99614,3.31,0.79,11.8,7,0
2.94762971897441,0.47,0.0,2.2,0.067,7.0,14.0,0.99517,3.4,0.58,10.9,4,0
6.503105674019251,0.715,0.01,2.1,0.064,31.0,43.0,0.99371,3.41,0.57,11.8,6,0
8.8,0.61,0.19,4.0,0.094,30.0,69.0,0.99787,3.22,0.5,10.0,6,0
7.2,0.6,0.04,2.5,0.076,18.0,88.0,0.99745,3.53,0.55,9.5,5,0
9.2,0.56,0.18,1.6,0.078,10.0,21.0,0.99576,3.15,0.49,9.9,5,0
7.6,-2.558091014520464,0.0,2.1,0.068,30.0,35.0,0.99533,3.48,0.65,11.4,6,0
8.4,0.31,0.29,3.1,0.194,14.0,26.0,0.99536,3.22,0.78,,6,0
7.2,0.6,0.04,2.5,0.076,18.0,88.0,0.99745,3.53,0.55,9.5,5,0
7.9953004014002005,-2.010742940987541,0.19,4.0,0.094,30.0,69.0,0.99787,3.22,0.5,10.0,6,0
3.7341461913601988,0.75,0.14,2.5,0.086,9.0,30.0,0.99824,3.34,0.64,10.5,5,0
11.458022760523322,-3.307740831667245,0.12,2.4,0.083,8.0,28.0,0.99836,3.33,0.65,10.4,6,0
7.441038326355564,3.2511841594542727,0.38,2.6,0.066,29.0,56.0,0.99577,3.15,0.79,,7,0
11.279904686377266,0.57,0.0,2.5,0.072,32.0,64.0,0.99491,3.43,0.56,11.2,6,0
10.7,0.9,0.34,6.6,0.112,23.0,99.0,1.00289,3.22,0.68,9.3,5,0
12.661897791617161,-0.8147455617376591,0.24,2.0,0.071,30.0,52.0,0.99576,3.44,0.58,,5,0
7.2,0.66,0.03,2.3,0.078,16.0,86.0,0.99743,3.53,0.57,9.7,5,0
9.355239402103468,3.307501618776199,0.23,1.9,0.082,10.0,18.0,0.99774,3.22,0.65,9.3,6,0
8.516917921254555,0.66,0.03,2.3,0.078,16.0,86.0,0.99743,3.53,0.57,9.7,5,0
7.2,0.63,0.03,2.2,0.08,17.0,88.0,0.99745,3.53,0.58,9.8,6,0
7.1,0.9977432069226907,0.01,2.3,0.08,27.0,43.0,0.9955,3.42,0.58,10.7,6,0
4.604158333747396,0.31,0.39,2.4,0.078,17.0,43.0,0.99444,3.31,0.77,,7,0
8.971028979437342,0.59,0.01,2.3,0.08,27.0,43.0,0.9955,3.42,0.58,10.7,6,0
6.8054227296968905,0.31,0.39,2.4,0.078,17.0,43.0,0.99444,3.31,0.77,12.5,7,0
8.3,0.1415449326886622,0.02,3.4,0.084,6.0,11.0,0.99892,3.48,0.49,11.0,3,0
8.9,-3.19880850490565,0.36,2.6,0.056,10.0,39.0,0.99562,3.4,0.69,11.8,5,0
4.13829403523494,0.635,0.1,2.4,0.08,16.0,33.0,0.99736,3.58,0.69,10.8,7,0
6.531995035241048,0.635,0.1,2.4,0.08,16.0,33.0,0.99736,3.58,0.69,10.8,7,0
6.8,0.59,0.06,6.0,0.06,11.0,18.0,0.9962,3.41,0.59,10.8,7,0
6.8,0.59,0.06,6.0,0.06,11.0,18.0,0.9962,3.41,0.59,10.8,7,0
9.2,0.58,0.2,3.0,0.081,15.0,115.0,0.998,3.23,0.59,9.5,5,0
7.2,1.4448981988880332,0.27,2.6,0.084,12.0,78.0,0.9964,3.39,0.71,,5,0
4.70275597478391,0.56,0.0,2.2,0.079,6.0,9.0,0.9948,3.59,0.54,,6,0
6.424521790988737,0.52,0.13,2.4,0.078,34.0,61.0,0.99528,3.43,0.59,10.8,6,0
10.149039708449077,-0.350899049340385,0.39,1.2,0.059,7.0,11.0,0.99331,3.29,0.52,11.5,6,0
9.3,3.0865517838662635,0.48,3.8,0.132,3.0,11.0,0.99577,3.23,0.57,,6,0
9.1,0.28,0.46,9.0,0.114,3.0,9.0,0.99901,3.18,0.6,10.9,6,0
10.0,0.46,0.44,2.9,0.065,4.0,8.0,0.99674,3.33,0.62,12.2,6,0
9.4,0.395,0.46,4.6,0.094,3.0,10.0,0.99639,3.27,0.64,12.2,7,0
7.3,-1.841232027626796,0.39,1.2,0.059,7.0,11.0,0.99331,3.29,0.52,11.5,6,0
8.6,0.315,0.4,2.2,0.079,3.0,6.0,0.99512,3.27,0.67,11.9,6,0
2.944077222092802,2.5633233204911083,0.19,1.5,0.161,7.0,62.0,0.99395,3.62,0.61,,5,0
12.005068999321628,5.3325452486676115,0.31,8.8,0.084,26.0,45.0,0.99824,3.38,0.64,10.1,6,0
4.424821101523939,0.36,0.32,2.2,0.081,32.0,79.0,0.9964,3.3,0.72,11.0,6,0
8.4,0.62,0.12,1.8,0.072,38.0,46.0,0.99504,3.38,0.89,11.8,6,0
14.446290819535786,0.41,0.37,2.3,0.091,10.0,23.0,0.99786,3.24,0.56,10.5,5,0
8.4,0.36,0.32,2.2,0.081,32.0,79.0,0.9964,3.3,0.72,11.0,6,0
8.4,0.62,0.12,1.8,0.072,38.0,46.0,0.99504,3.38,0.89,11.8,6,0
6.8,1.227667743979159,0.31,8.8,0.084,26.0,45.0,0.99824,3.38,0.64,10.1,6,0
5.550468134279918,2.8258743582256436,0.27,2.3,0.055,14.0,28.0,0.99516,3.18,0.8,11.2,5,0
8.596960302390153,0.22,0.36,1.9,0.064,53.0,77.0,0.99604,3.47,0.87,,7,0
7.929411659565941,0.24,0.33,2.3,0.061,52.0,73.0,0.99786,3.47,0.9,10.2,6,0
8.4,2.3856707385327383,0.19,2.2,0.093,11.0,75.0,0.99736,3.2,0.59,9.2,4,0
8.6,6.164274453552564,0.27,2.3,0.055,14.0,28.0,0.99516,3.18,0.8,11.2,5,0
8.7,1.4446812650814864,0.38,3.3,0.063,10.0,19.0,0.99468,3.3,0.73,12.0,7,0
5.568813985386436,2.7098765552065296,0.01,1.9,0.08,8.0,25.0,0.99746,3.69,0.73,,5,0
9.804071709066648,0.61,0.01,2.0,0.074,13.0,38.0,0.99748,3.48,0.65,,5,0
7.6,0.29117191445213,0.29,1.9,0.078,29.0,66.0,0.9971,3.45,0.59,,6,0
7.4,0.61,0.01,2.0,0.074,13.0,38.0,0.99748,3.48,0.65,9.8,5,0
6.6,0.61,0.01,1.9,0.08,8.0,25.0,0.99746,3.69,0.73,10.5,5,0
13.299480391686433,0.3,0.38,2.3,0.06,19.0,72.0,0.99543,3.39,0.72,,6,0
8.8,0.3,0.38,2.3,0.06,19.0,72.0,0.99543,3.39,0.72,,6,0
15.571574114866927,-1.6931656070482775,0.5,1.4,0.071,6.0,26.0,0.99791,3.07,0.6,,4,0
7.2,-3.244527057043507,0.38,2.8,0.068,23.0,42.0,0.99356,3.34,0.72,12.9,7,0
4.985431002974456,4.2607721969100245,0.17,1.6,0.073,7.0,11.0,0.99425,3.61,0.54,11.4,5,0
10.152765667213659,-2.69507811402762,0.52,2.2,0.074,13.0,25.0,0.99509,3.36,0.76,12.4,7,0
9.9,2.5075934993502966,0.49,5.0,0.082,9.0,17.0,0.99484,3.19,0.52,12.5,7,0
7.753766378994913,1.678049891151285,0.4,2.6,0.092,13.0,52.0,0.99834,3.22,0.64,10.0,7,0
9.8,3.2533560346871946,0.34,2.3,0.094,10.0,45.0,0.99864,3.24,0.6,9.7,7,0
8.3,-1.2441360677496556,0.49,3.8,0.09,11.0,24.0,0.99498,3.27,0.64,12.1,7,0
7.225349062275915,0.44,0.42,2.0,0.071,7.0,20.0,0.99566,3.14,0.79,11.1,7,0
10.2,-1.9321897434496318,0.58,4.1,0.092,11.0,24.0,0.99745,3.29,0.99,12.0,7,0
8.3,1.4151155142992726,0.48,2.1,0.093,6.0,12.0,0.99408,3.26,0.62,12.4,7,0
8.9,0.12,0.45,1.8,0.075,10.0,21.0,0.99552,3.41,0.76,11.9,7,0
5.461097282813994,-0.7570250196225398,0.45,1.8,0.075,10.0,21.0,0.99552,3.41,0.76,11.9,7,0
8.9,0.12,0.45,1.8,0.075,10.0,21.0,0.99552,3.41,0.76,,7,0
6.987280079047613,0.28,0.48,2.1,0.093,6.0,12.0,0.99408,3.26,0.62,,7,0
8.948816893044825,0.31,0.4,2.2,0.058,6.0,10.0,0.99536,3.31,0.68,11.2,7,0
4.4645545207454855,-3.3530850098188347,0.48,2.1,0.052,5.0,9.0,0.99458,3.2,0.69,12.1,7,0
7.6,0.43,0.4,2.7,0.082,6.0,11.0,0.99538,3.44,0.54,,6,0
8.5,0.21,0.52,1.9,0.09,9.0,23.0,0.99648,3.36,0.67,,5,0
9.0,6.175576627021039,0.52,2.1,0.111,5.0,10.0,0.99568,3.31,0.62,11.3,6,0
9.5,-2.004224497887636,0.52,2.0,0.088,12.0,51.0,0.99613,3.29,0.58,11.1,6,0
6.4,-2.4108981359550437,0.12,2.3,0.12,25.0,36.0,0.99519,3.47,0.71,11.3,7,0
8.0,0.59,0.05,2.0,0.089,12.0,32.0,0.99735,3.36,0.61,10.0,5,0
8.5,-0.25640730453813276,0.27,1.9,0.058,18.0,38.0,0.99518,3.16,0.85,11.1,6,0
7.1,4.318575707473742,0.14,1.6,0.078,7.0,18.0,0.99592,3.27,0.62,9.3,5,0
6.460938892257702,0.57,0.02,2.1,0.115,6.0,16.0,0.99654,3.38,0.69,9.5,5,0
13.348075373648575,0.27,0.39,2.0,0.1,20.0,27.0,0.99546,3.15,0.69,11.2,6,0
8.5,-6.03020512937085,0.27,1.9,0.058,18.0,38.0,0.99518,3.16,0.85,11.1,6,0
8.3,3.8496508437263475,0.4,2.4,0.065,24.0,48.0,0.99554,3.34,0.86,11.0,6,0
9.0,0.38,0.41,2.4,0.103,6.0,10.0,0.99604,3.13,0.58,11.9,7,0
11.865733207222377,0.66,0.2,2.1,0.097,23.0,113.0,0.99733,3.13,0.48,9.2,5,0
9.0,0.4,0.43,2.4,0.068,29.0,46.0,0.9943,3.2,0.6,,6,0
4.944447770420003,0.56,0.09,2.9,0.079,7.0,22.0,0.99669,3.46,0.61,10.2,5,0
6.209381272151642,-2.4744205043689087,0.48,1.9,0.066,6.0,10.0,0.99724,3.33,0.87,10.9,6,0
11.77949091939448,1.0535757203247629,0.48,1.9,0.066,6.0,10.0,0.99724,3.33,0.87,,6,0
3.1477152493775,-1.6480208851714018,0.5,2.4,0.104,6.0,13.0,0.99643,3.22,0.65,11.6,7,0
8.5,6.315750562006018,0.44,1.7,0.079,6.0,12.0,0.99605,3.52,0.63,10.7,5,0
12.130462347648033,0.33,0.41,5.9,0.073,7.0,13.0,0.99658,3.3,0.62,12.1,7,0
7.2,0.41,0.3,2.1,0.083,35.0,72.0,0.997,3.44,0.52,9.4,5,0
7.2,0.7838602599270543,0.3,2.1,0.083,35.0,72.0,0.997,3.44,0.52,,5,0
8.4,0.59,0.29,2.6,0.109,31.0,119.0,0.99801,3.15,0.5,9.1,5,0
7.0,-1.7242746510237081,0.32,3.6,0.061,9.0,29.0,0.99416,3.28,0.49,,7,0
11.559237626350278,0.45,0.49,1.4,0.075,3.0,6.0,0.9969,3.13,0.63,10.4,5,0
9.1,-0.4032739655130715,0.3,1.9,0.065,8.0,17.0,0.99774,3.32,0.71,10.5,6,0
9.5,0.86,0.26,1.9,0.079,13.0,28.0,0.99712,3.25,0.62,10.0,5,0
7.3,0.7889112247050623,0.32,2.1,0.07,51.0,70.0,0.99418,3.34,0.82,12.9,6,0
9.1,0.5,0.3,1.9,0.065,8.0,17.0,0.99774,3.32,0.71,10.5,6,0
17.6939009617322,0.45,0.49,1.4,0.075,3.0,6.0,0.9969,3.13,0.63,10.4,5,0
7.4,0.58,0.0,2.0,0.064,7.0,11.0,0.99562,3.45,0.58,11.3,6,0
4.619103543270604,0.34,0.39,1.4,0.066,3.0,7.0,0.9947,3.19,0.55,,7,0
9.854438675623499,0.893029823286602,0.3,1.6,0.08,35.0,70.0,0.99693,3.44,0.5,9.4,5,0
7.3984734895574045,0.39,0.12,1.7,0.097,19.0,27.0,0.99596,3.16,0.49,,5,0
9.7,1.611287450563962,0.4,1.5,0.073,14.0,21.0,0.99556,3.14,0.51,10.9,6,0
7.7,0.39,0.12,1.7,0.097,19.0,27.0,0.99596,3.16,0.49,9.4,5,0
7.1,0.33578617695305524,0.28,2.0,0.082,31.0,68.0,0.99694,3.45,0.48,9.4,5,0
6.5,-3.731487249826148,0.1,2.0,0.076,30.0,47.0,0.99554,3.36,0.48,9.4,6,0
6.106848405583758,0.34,0.28,2.0,0.082,31.0,68.0,0.99694,3.45,0.48,9.4,5,0
10.0,-0.6708030127049828,0.45,2.5,0.092,20.0,88.0,0.99918,3.15,0.43,9.4,5,0
7.7,0.6,0.06,2.0,0.079,19.0,41.0,0.99697,3.39,0.62,10.1,6,0
5.6,2.4799751245225754,0.0,2.2,0.087,3.0,11.0,0.99378,3.71,0.63,,7,0
1.4904696043635663,0.66,0.0,2.2,0.087,3.0,11.0,0.99378,3.71,0.63,12.8,7,0
8.9,0.84,0.34,1.4,0.05,4.0,10.0,0.99554,3.12,0.48,9.1,6,0
8.18724372013515,0.69,0.0,1.65,0.055,7.0,12.0,0.99162,3.47,0.53,12.9,6,0
9.528412154330574,-1.5796484191370028,0.3,2.2,0.062,6.0,12.0,0.99495,3.44,0.72,11.5,7,0
9.9,2.368343839095133,0.38,1.5,0.058,31.0,47.0,0.99676,3.26,0.82,10.6,7,0
14.455383405897669,0.38515439887343084,0.33,2.05,0.063,13.0,27.0,0.99516,3.26,0.84,11.7,7,0
9.824150788581777,-0.2932204702994694,0.32,1.8,0.067,4.0,8.0,0.9928,3.36,0.55,12.8,7,0
8.2,0.43,0.29,1.6,0.081,27.0,45.0,0.99603,3.25,0.54,10.3,5,0
5.018314013132795,3.942431677618777,0.32,1.8,0.067,4.0,8.0,0.9928,3.36,0.55,12.8,7,0
9.1,-4.924394333152844,0.33,2.05,0.063,13.0,27.0,0.99516,3.26,0.84,11.7,7,0
6.0884122491474555,-1.7259626947939484,0.34,2.0,0.064,12.0,25.0,0.99516,3.26,0.84,11.7,7,0
8.9,0.35,0.4,3.6,0.11,12.0,24.0,0.99549,3.23,0.7,,7,0
9.6,4.1972861290363275,0.36,2.8,0.116,26.0,55.0,0.99722,3.18,0.68,10.9,5,0
8.9,5.770147489460603,0.45,1.7,0.067,7.0,12.0,0.99354,3.25,0.55,12.3,7,0
8.9,0.32,0.31,2.0,0.088,12.0,19.0,0.9957,3.17,0.55,10.4,6,0
7.7,7.862977454015101,0.15,2.1,0.102,11.0,32.0,0.99604,3.23,0.48,,5,0
7.5,0.71,0.0,1.6,0.092,22.0,31.0,0.99635,3.38,0.58,10.0,6,0
3.894525699432841,0.7310665910149116,0.16,2.0,0.12,3.0,7.0,0.99454,3.22,0.58,,6,0
14.919673036918411,0.39,0.46,2.2,0.075,14.0,27.0,0.99598,3.06,0.84,11.4,6,0
8.9,0.38,0.4,2.2,0.068,12.0,28.0,0.99486,3.27,0.75,,7,0
8.0,0.18,0.37,0.9,0.049,36.0,109.0,0.99007,2.89,0.44,12.7,6,0
5.665477147166403,0.18,0.37,0.9,0.049,36.0,109.0,0.99007,2.89,0.44,,6,0
7.0,0.5,0.14,1.8,0.078,10.0,23.0,0.99636,3.53,0.61,10.4,5,0
11.3,0.36,0.66,2.4,0.123,3.0,8.0,0.99642,3.2,0.53,11.9,6,0
11.3,0.36,0.66,2.4,0.123,3.0,8.0,0.99642,3.2,0.53,11.9,6,0
7.0,0.51,0.09,2.1,0.062,4.0,9.0,0.99584,3.35,0.54,10.5,5,0
8.2,0.32,0.42,2.3,0.098,3.0,9.0,0.99506,3.27,0.55,12.3,6,0
7.7,0.58,0.01,1.8,0.088,12.0,18.0,0.99568,3.32,0.56,10.5,7,0
13.040689606913922,2.2036921388466286,0.0,2.8,0.095,17.0,43.0,0.99822,3.33,0.6,,6,0
7.9,2.762283481707001,0.32,1.9,0.066,14.0,36.0,0.99364,3.41,0.56,12.6,6,0
7.9752161225862,4.620225816474853,0.0,2.2,0.065,28.0,52.0,0.99378,3.49,0.52,11.6,5,0
7.2,1.2792758040242838,0.21,2.5,0.075,41.0,68.0,0.99586,3.37,0.54,10.1,6,0
7.7,0.58,0.01,1.8,0.088,12.0,18.0,0.99568,3.32,0.56,10.5,7,0
7.1,3.3684467703382004,0.0,2.1,0.091,9.0,14.0,0.99488,3.42,0.55,11.5,7,0
7.3,0.55,0.01,1.8,0.093,9.0,15.0,0.99514,3.35,0.58,11.0,7,0
8.1,0.82,0.0,4.1,0.095,5.0,14.0,0.99854,3.36,0.53,9.6,5,0
7.5,0.57,0.08,2.6,0.089,14.0,27.0,0.99592,3.3,0.59,10.4,6,0
8.9,0.745,0.18,2.5,0.077,15.0,48.0,0.99739,3.2,0.47,9.7,6,0
10.1,1.749321401333566,0.34,2.4,0.085,5.0,17.0,0.99683,3.17,0.65,10.6,7,0
8.589708644781881,1.8766718257251291,0.34,2.5,0.082,26.0,35.0,0.99356,3.22,0.59,12.5,7,0
7.3,0.91,0.1,1.8,0.074,20.0,56.0,0.99672,3.35,0.56,9.2,5,0
8.7,0.41,0.41,6.2,0.078,25.0,42.0,0.9953,3.24,0.77,12.6,7,0
7.979395062319106,0.5,0.21,2.2,0.088,21.0,39.0,0.99692,3.33,0.83,11.1,6,0
9.382018739006753,0.965,0.0,2.2,0.088,16.0,32.0,0.99756,3.58,0.67,10.2,5,0
6.9,0.49,0.19,1.7,0.079,13.0,26.0,0.99547,3.38,0.64,,6,0
8.9,0.5,0.21,2.2,0.088,21.0,39.0,0.99692,3.33,0.83,11.1,6,0
9.5,0.39,0.41,8.9,0.069,18.0,39.0,0.99859,3.29,0.81,10.9,7,0
6.353587711489594,0.39,0.33,3.3,0.046,12.0,53.0,0.99294,3.36,0.62,12.2,6,0
5.792360125593569,-2.31510771070024,0.0,1.4,0.07,32.0,38.0,0.99438,3.32,0.58,,6,0
9.6880143599446,-0.2076411581286719,0.0,1.7,0.076,33.0,45.0,0.99612,3.31,0.62,10.7,6,0
7.1,-1.1383075942334586,0.17,1.8,0.082,27.0,51.0,0.99634,3.49,0.64,10.4,5,0
9.3,0.49,0.36,1.7,0.081,3.0,14.0,0.99702,3.27,0.78,10.9,6,0
8.86808367233661,0.5,0.36,1.8,0.084,6.0,17.0,0.99704,3.27,0.77,10.8,6,0
7.1,-3.1366863607355646,0.17,1.8,0.082,27.0,51.0,0.99634,3.49,0.64,10.4,5,0
6.104995663783519,-4.494815672632746,0.59,1.4,0.414,16.0,45.0,0.99702,3.03,1.34,9.2,5,0
7.399480326381953,0.605,0.05,2.4,0.073,19.0,25.0,0.99258,3.56,0.55,,5,0
8.108043033114305,-0.9408824957764454,0.42,2.3,0.07,9.0,20.0,0.99426,3.38,0.77,12.7,7,0
9.666730035273414,0.64,0.27,2.0,0.095,5.0,77.0,0.99747,3.13,0.62,9.1,6,0
8.2,-0.1516469793087789,0.27,2.0,0.095,5.0,77.0,0.99747,3.13,0.62,9.1,6,0
8.9,0.7951112280835261,0.53,4.0,0.101,3.0,10.0,0.99586,3.21,0.59,12.1,7,0
6.23842042493744,0.42,0.25,3.9,0.104,28.0,90.0,0.99784,3.15,0.57,9.1,5,0
9.9,2.1972135225204217,0.57,2.4,0.093,30.0,52.0,0.9971,3.19,0.76,,7,0
8.9,1.0443667308174667,0.53,4.0,0.101,3.0,10.0,0.99586,3.21,0.59,12.1,7,0
11.6,-0.5407335325917288,0.57,1.8,0.074,3.0,8.0,0.9981,3.14,0.7,9.9,6,0
9.1,-2.3453789473306252,0.5,1.8,0.071,7.0,16.0,0.99462,3.21,0.69,12.5,8,0
4.372636085957132,3.0112072925036535,0.44,1.9,0.098,6.0,15.0,0.9956,3.3,0.64,11.4,6,0
10.2,0.29,0.65,2.4,0.075,6.0,17.0,0.99565,3.22,0.63,11.8,6,0
13.405221887542826,0.43453334813179617,0.09,2.0,0.067,5.0,10.0,0.99418,3.28,0.57,11.8,6,0
7.7,-0.6913693850207284,0.18,2.4,0.083,6.0,20.0,0.9963,3.29,0.6,10.2,6,0
11.239834232290722,-0.03936284723980776,0.08,2.4,0.07,13.0,26.0,0.99358,3.4,0.72,12.5,7,0
11.1,0.31,0.53,2.2,0.06,3.0,10.0,0.99572,3.02,0.83,10.9,7,0
13.751354883785883,0.31,0.53,2.2,0.06,3.0,10.0,0.99572,3.02,0.83,,7,0
8.0,0.62,0.35,2.8,0.086,28.0,52.0,0.997,3.31,0.62,10.8,5,0
9.3,0.33,0.45,1.5,0.057,19.0,37.0,0.99498,3.18,0.89,11.1,7,0
7.5,-1.428233042064123,0.2,8.1,0.098,30.0,92.0,0.99892,3.2,0.58,9.2,5,0
7.2,0.35,0.26,1.8,0.083,33.0,75.0,0.9968,3.4,0.58,,6,0
8.0,-0.9720217702333197,0.33,2.7,0.088,16.0,37.0,0.9972,3.31,0.58,10.7,6,0
7.5,0.77,0.2,8.1,0.098,30.0,92.0,0.99892,3.2,0.58,9.2,5,0
7.93656794387718,0.25,0.34,2.0,0.071,45.0,67.0,0.99769,3.44,0.86,10.2,7,0
9.9,-1.3673749398705641,0.56,2.0,0.073,3.0,8.0,0.99534,3.15,0.73,11.4,6,0
8.6,0.37,0.65,6.4,0.08,3.0,8.0,0.99817,3.27,0.58,11.0,5,0
8.6,0.37,0.65,6.4,0.08,3.0,8.0,0.99817,3.27,0.58,11.0,5,0
6.9990460805167825,0.3,0.68,8.3,0.05,37.5,278.0,0.99316,3.01,0.51,12.3,7,0
14.446982337689395,-0.5920122540014059,0.56,1.4,0.047,3.0,8.0,0.99471,3.16,0.51,11.8,6,0
7.9,2.2672648704542695,0.68,8.3,0.05,37.5,289.0,0.99316,3.01,0.51,12.3,7,0
7.2,1.6013362056218243,0.3,1.8,0.073,31.0,70.0,0.99685,3.42,0.59,9.5,6,0
8.7,0.42,0.45,2.4,0.072,32.0,59.0,0.99617,3.33,0.77,12.0,6,0
7.2,0.38,0.3,1.8,0.073,31.0,70.0,0.99685,3.42,0.59,9.5,6,0
6.8,5.120212221842353,0.08,1.8,0.074,40.0,64.0,0.99529,3.12,0.49,9.6,5,0
8.5,0.34,0.4,4.7,0.055,3.0,9.0,0.99738,3.38,0.66,,7,0
7.9,3.825187276336026,0.42,1.6,0.057,18.0,30.0,0.994,3.29,0.69,11.2,6,0
11.6,0.41,0.54,1.5,0.095,22.0,41.0,0.99735,3.02,0.76,9.9,7,0
11.6,0.41,0.54,1.5,0.095,22.0,41.0,0.99735,3.02,0.76,9.9,7,0
8.93850988729776,0.26,0.54,1.9,0.083,42.0,74.0,0.99451,2.98,0.63,11.8,8,0
7.9,6.209265319703727,0.42,2.0,0.086,8.0,19.0,0.99546,3.35,0.6,11.4,6,0
5.102331890958108,2.217475439012488,0.09,2.0,0.081,10.0,16.0,0.99479,3.43,0.59,11.5,6,0
14.81670402690936,1.9393156671205918,0.36,2.2,0.079,11.0,31.0,0.99615,3.33,0.86,12.0,7,0
6.6,0.725,0.09,5.5,0.117,9.0,17.0,0.99655,3.35,0.49,,6,0
9.4,0.4,0.47,2.5,0.087,6.0,20.0,0.99772,3.15,0.5,10.5,5,0
6.456966955158383,-0.7372473329114072,0.09,5.5,0.117,9.0,17.0,0.99655,3.35,0.49,10.8,6,0
8.6,0.52,0.38,1.5,0.096,5.0,18.0,0.99666,3.2,0.52,9.4,5,0
8.0,0.31,0.45,2.1,0.216,5.0,16.0,0.99358,3.15,0.81,12.5,7,0
13.905275985541536,0.52,0.38,1.5,0.096,5.0,18.0,0.99666,3.2,0.52,9.4,5,0
4.204824267929994,0.34,0.42,2.1,0.072,23.0,36.0,0.99392,3.11,0.78,12.4,6,0
8.954554648353506,0.49,0.27,2.1,0.071,14.0,25.0,0.99388,3.35,0.63,,6,0
6.1,2.9580446924864954,0.09,1.7,0.078,18.0,30.0,0.99402,3.45,0.54,,6,0
7.4,-1.478350790129268,0.27,2.1,0.071,14.0,25.0,0.99388,3.35,0.63,12.0,6,0
14.213247797649846,0.48,0.34,2.2,0.073,16.0,25.0,0.9936,3.28,0.66,12.4,6,0
6.3,0.57,0.28,2.1,0.048,13.0,49.0,0.99374,3.41,0.6,,5,0
8.289252233976585,0.23,0.42,1.9,0.069,9.0,17.0,0.99376,3.21,0.54,12.3,6,0
8.307986523196611,-4.1113665731447355,0.41,2.0,0.068,10.0,24.0,0.99523,3.27,0.85,11.7,7,0
8.1,5.358970176743265,0.1,3.3,0.09,4.0,13.0,0.99855,3.36,0.49,9.5,5,0
7.2967442472047415,0.47,0.43,2.1,0.171,27.0,66.0,0.9982,3.17,0.76,10.8,6,0
11.547029163305742,0.53,0.0,1.4,0.07,6.0,14.0,0.99593,3.25,0.64,10.0,6,0
5.4,-3.3275447838980146,0.27,2.0,0.092,23.0,55.0,0.99471,3.78,0.64,12.3,7,0
7.9,1.6465553687867955,0.41,1.5,0.056,6.0,35.0,0.99396,3.29,0.71,,6,0
8.9,0.24,0.39,1.6,0.074,3.0,10.0,0.99698,3.12,0.59,9.5,6,0
5.0,0.4,0.5,4.3,0.046,29.0,80.0,0.9902,3.49,0.66,,6,0
4.689615752077938,0.69,0.07,2.5,0.091,15.0,21.0,0.99572,3.38,0.6,11.3,6,0
6.715574321830035,0.69,0.07,2.5,0.091,15.0,21.0,0.99572,3.38,0.6,11.3,6,0
7.0,0.69,0.07,2.5,0.091,15.0,21.0,0.99572,3.38,0.6,11.3,6,0
3.396493160622165,-2.2509941185000866,0.12,2.1,0.065,14.0,24.0,0.99252,3.3,0.53,13.3,6,0
5.6,0.66,0.0,2.5,0.066,7.0,15.0,0.99256,3.52,0.58,12.9,5,0
7.9,0.54,0.34,2.5,0.076,8.0,17.0,0.99235,3.2,0.72,13.1,8,0
11.270683800292296,0.5,0.0,1.8,0.062,21.0,28.0,0.99352,3.44,0.55,,6,0
6.3,0.47,0.0,1.4,0.055,27.0,33.0,0.9922,3.45,0.48,12.3,6,0
14.164655932177048,0.4,0.37,1.9,0.081,17.0,29.0,0.99674,3.12,0.65,11.2,6,0
6.5,0.58,0.0,2.2,0.096,3.0,13.0,0.99557,3.62,0.62,,4,0
8.8,3.6200028683755017,0.35,1.7,0.055,13.0,27.0,0.99394,3.14,0.59,,7,0
5.8,0.29,0.26,1.7,0.063,3.0,11.0,0.9915,3.39,0.54,13.5,6,0
6.3,4.548849957312087,0.0,2.9,0.072,26.0,52.0,0.99379,3.51,0.6,11.5,6,0
10.0,2.0175334222695582,0.33,2.7,0.095,28.0,89.0,0.9984,3.22,0.68,10.0,5,0
10.5,0.43,0.35,3.3,0.092,24.0,70.0,0.99798,3.21,0.69,10.5,6,0
9.1,0.6,0.0,1.9,0.058,5.0,10.0,0.9977,3.18,0.63,10.4,6,0
5.9,0.19,0.21,1.7,0.045,57.0,135.0,0.99341,3.32,0.44,9.5,5,0
7.305245752360608,0.36,0.34,1.8,0.075,18.0,38.0,0.9933,3.38,0.88,13.6,7,0
7.2,0.48,0.07,5.5,0.089,10.0,18.0,0.99684,3.37,0.68,11.2,7,0
8.5,4.0190941284285975,0.35,1.7,0.061,6.0,15.0,0.99524,3.3,0.74,,7,0
4.537553193239216,0.25,0.43,1.7,0.067,22.0,50.0,0.9946,3.38,0.6,11.9,6,0
10.4,0.52,0.45,2.0,0.08,6.0,13.0,0.99774,3.22,0.76,11.4,6,0
10.4,0.52,0.45,2.0,0.08,6.0,13.0,0.99774,3.22,0.76,11.4,6,0
12.107721147727897,0.41,0.15,3.7,0.104,29.0,94.0,0.99786,3.14,0.58,9.1,5,0
8.2,0.51,0.24,2.0,0.079,16.0,86.0,0.99764,3.34,0.64,9.5,6,0
6.202204818858558,0.42201122749336895,0.3,1.7,0.08,33.0,79.0,0.9969,3.41,0.65,9.5,6,0
8.2,0.38,0.32,2.5,0.08,24.0,71.0,0.99624,3.27,0.85,11.0,6,0
6.9,7.15252404247815,0.11,2.4,0.043,6.0,12.0,0.99354,3.3,0.65,,6,0
7.0,2.4584957004787227,0.3,1.8,0.065,16.0,20.0,0.99672,3.61,0.82,10.0,6,0
7.3,-2.38165467887108,0.23,2.3,0.066,35.0,70.0,0.99588,3.43,0.62,10.1,5,0
4.884385477547443,0.4088201262324169,0.43,2.5,0.076,31.0,51.0,0.99672,3.53,0.81,10.4,6,0
7.8,0.042493921354795794,0.12,1.8,0.178,6.0,21.0,0.996,3.28,0.87,9.8,6,0
10.0,0.41,0.45,6.2,0.071,6.0,14.0,0.99702,3.21,0.49,11.8,7,0
7.8,-0.3612721753129827,0.42,2.0,0.086,9.0,21.0,0.99526,3.39,0.66,11.6,6,0
10.0,0.35,0.47,2.0,0.061,6.0,11.0,0.99585,3.23,0.52,,6,0
2.9136459625823674,0.33,0.32,2.8,0.067,4.0,12.0,0.99473,3.3,0.76,12.8,7,0
6.1,-4.391417683697621,0.23,2.5,0.044,16.0,70.0,0.99352,3.46,0.65,12.5,6,0
6.3621046043186755,1.7605936333303802,0.25,2.2,0.118,9.0,38.0,0.99616,3.15,0.53,9.8,5,0
5.23608563241018,0.42,0.35,2.1,0.083,17.0,38.0,0.99622,3.23,0.66,11.1,6,0
6.6,0.58,0.0,2.2,0.1,50.0,63.0,0.99544,3.59,0.68,11.4,6,0
6.431537490431527,0.6,0.25,2.2,0.118,9.0,38.0,0.99616,3.15,0.53,9.8,5,0
10.733226201093146,-3.977258936821657,0.51,1.75,0.071,45.0,88.0,0.99524,3.33,0.76,11.8,7,0
3.9737995080742996,0.51,0.18,2.1,0.042,16.0,101.0,0.9924,3.46,0.87,,7,0
6.7,0.41,0.43,2.8,0.076,22.0,54.0,0.99572,3.42,1.16,10.6,6,0
10.2,0.41,0.43,2.2,0.11,11.0,37.0,0.99728,3.16,0.67,10.8,5,0
11.667080146341132,-7.21622184156715,0.57,2.3,0.087,6.0,20.0,0.99676,3.14,0.72,11.1,7,0
8.8,0.45,0.43,1.4,0.076,12.0,21.0,0.99551,3.21,0.75,10.2,6,0
8.5,-0.7120409233699128,0.42,2.3,0.075,12.0,19.0,0.99434,3.14,0.71,,7,0
6.829996021403304,0.785,0.24,1.7,0.078,10.0,21.0,0.99692,3.29,0.67,10.0,5,0
9.195507199092694,0.785,0.24,1.7,0.078,10.0,21.0,0.99692,3.29,0.67,10.0,5,0
8.5,0.44,0.5,1.9,0.369,15.0,38.0,0.99634,3.01,1.1,9.4,5,0
9.9,-1.7276809601767131,0.26,2.0,0.111,7.0,60.0,0.99709,2.94,0.98,10.2,5,0
8.2,0.33,0.39,2.5,0.074,29.0,48.0,0.99528,3.32,0.88,12.4,7,0
6.5,-2.24461103790666,0.27,2.8,0.067,8.0,44.0,0.99384,3.21,0.56,12.0,6,0
13.362702466258064,0.5,0.29,2.3,0.086,5.0,14.0,0.99502,3.32,0.62,11.5,6,0
8.15454176591931,0.36,0.34,1.6,0.062,5.0,12.0,0.99667,3.2,0.67,10.5,6,0
7.1,0.59,0.0,2.2,0.078,26.0,44.0,0.99522,3.42,0.68,10.8,6,0
10.853288312858975,0.42,0.46,2.1,0.074,5.0,16.0,0.99649,3.27,0.74,12.3,6,0
7.6,0.36,0.31,1.7,0.079,26.0,65.0,0.99716,3.46,0.62,9.5,6,0
7.6,0.36,0.31,1.7,0.079,26.0,65.0,0.99716,3.46,0.62,9.5,6,0
6.5,0.61,0.0,2.2,0.095,48.0,59.0,0.99541,3.61,0.7,11.5,6,0
6.5,0.88,0.03,5.6,0.079,23.0,47.0,0.99572,3.58,0.5,11.2,4,0
2.403418317594684,0.66,0.0,2.4,0.052,6.0,11.0,0.99318,3.35,0.66,,7,0
10.16031836725061,0.915,0.0,2.1,0.041,17.0,78.0,0.99346,3.68,0.73,,5,0
6.768380113165404,0.35,0.33,2.4,0.076,11.0,47.0,0.99599,3.27,0.81,11.0,6,0
8.2,-8.959287851096564,0.33,2.4,0.076,11.0,47.0,0.99599,3.27,0.81,11.0,6,0
12.951600949719504,0.39,0.43,1.65,0.068,5.0,11.0,0.99478,3.19,0.46,,5,0
9.830459112723284,-2.1525286278591453,0.4,2.5,0.068,41.0,54.0,0.99754,3.38,0.86,10.5,6,0
8.634738095062419,0.139074404481893,0.07,1.6,0.07,16.0,61.0,0.99572,3.29,0.6,,5,0
8.713037281633003,0.64,0.23,2.1,0.08,11.0,119.0,0.99538,3.36,0.7,10.9,5,0
7.0,0.43,0.3,2.0,0.085,6.0,39.0,0.99346,3.33,0.46,11.9,6,0
5.242678981461848,0.8,0.03,7.8,0.079,6.0,12.0,0.9963,3.52,0.5,12.2,5,0
7.0,0.43,0.3,2.0,0.085,6.0,39.0,0.99346,3.33,0.46,,6,0
9.975719307285555,-1.262461820288281,0.23,2.1,0.08,11.0,119.0,0.99538,3.36,0.7,10.9,5,0
8.8,2.1170310287599943,0.05,1.8,0.075,5.0,19.0,0.99616,3.3,0.44,9.6,4,0
9.1,4.577981945426688,0.57,4.6,0.08,6.0,20.0,0.99652,3.28,0.57,12.5,6,0
4.223045408020701,2.4341023207655255,0.0,2.3,0.166,6.0,12.0,0.99551,3.56,0.51,10.8,5,0
7.2,0.25,0.37,2.5,0.063,11.0,41.0,0.99439,3.52,0.8,12.4,7,0
6.4,0.885,0.0,2.3,0.166,6.0,12.0,0.99551,3.56,0.51,10.8,5,0
7.0,0.745,0.12,1.8,0.114,15.0,64.0,0.99588,3.22,0.59,9.5,6,0
8.533802660082628,3.509182882305956,0.22,1.8,0.078,21.0,56.0,0.99633,3.52,0.6,9.5,6,0
6.729384117500407,0.58,0.23,2.3,0.076,23.0,94.0,0.99686,3.21,0.58,9.5,6,0
7.7,3.897380068945345,0.21,1.5,0.069,4.0,9.0,0.99458,3.16,0.54,9.8,6,0
8.74867384589618,0.26,0.26,2.0,0.052,19.0,77.0,0.9951,3.15,0.79,10.9,6,0
7.9,0.58,0.23,2.3,0.076,23.0,94.0,0.99686,3.21,0.58,,6,0
7.7,-2.4865823012001385,0.21,1.5,0.069,4.0,9.0,0.99458,3.16,0.54,9.8,6,0
7.9,0.34,0.36,1.9,0.065,5.0,10.0,0.99419,3.27,0.54,,7,0
8.6,0.42,0.39,1.8,0.068,6.0,12.0,0.99516,3.35,0.69,11.7,8,0
9.9,2.057344078058585,0.19,5.8,0.111,33.0,76.0,0.99878,3.14,0.55,9.4,5,0
5.814020992937217,0.36,0.46,2.1,0.074,24.0,44.0,0.99534,3.4,0.85,11.0,7,0
7.349927924119787,0.36,0.46,2.1,0.074,24.0,44.0,0.99534,3.4,0.85,,7,0
7.2,3.345472060096398,0.46,2.1,0.074,24.0,44.0,0.99534,3.4,0.85,11.0,7,0
9.9,-0.5878814341454379,0.55,1.7,0.136,24.0,52.0,0.99752,3.35,0.94,10.0,5,0
3.975918894924699,0.36,0.46,2.1,0.074,24.0,44.0,0.99534,3.4,0.85,11.0,7,0
6.2,0.39,0.43,2.0,0.071,14.0,24.0,0.99428,3.45,0.87,11.2,7,0
6.8,0.65,0.02,2.1,0.078,8.0,15.0,0.99498,3.35,0.62,,6,0
6.6,0.44,0.15,2.1,0.076,22.0,53.0,0.9957,3.32,0.62,9.3,5,0
6.8,0.65,0.02,2.1,0.078,8.0,15.0,0.99498,3.35,0.62,,6,0
10.342670954066381,0.38,0.42,1.9,0.071,5.0,13.0,0.99659,3.15,0.75,10.5,6,0
10.332563504878758,-2.0418799500908733,0.46,1.9,0.081,6.0,9.0,0.99628,3.1,0.48,,6,0
8.8,1.861219377649329,0.46,2.1,0.095,20.0,29.0,0.99488,3.26,0.56,11.3,6,0
6.279539337782582,0.57,0.31,2.0,0.079,10.0,79.0,0.99677,3.29,0.69,9.5,6,0
8.2,0.34,0.37,1.9,0.057,43.0,74.0,0.99408,3.23,0.81,,6,0
8.2,0.4,0.31,1.9,0.082,8.0,24.0,0.996,3.24,0.69,10.6,6,0
8.834916100829112,-4.054886615363038,0.4,1.3,0.044,25.0,50.0,0.99478,3.2,0.83,10.9,6,0
11.30201342850373,0.32,0.52,1.8,0.132,17.0,44.0,0.99734,3.28,0.77,,6,0
9.050928840204664,0.32,0.52,1.8,0.132,17.0,44.0,0.99734,3.28,0.77,,6,0
8.1,-2.734013749198879,0.22,2.2,0.078,33.0,89.0,0.99678,3.26,0.46,9.6,6,0
10.5,-1.6402690427502997,0.47,2.2,0.074,9.0,23.0,0.99638,3.23,0.76,,6,0
12.213724272810992,0.39,0.49,2.5,0.08,8.0,20.0,0.9992,3.07,0.82,10.3,6,0
9.2,0.46,0.23,2.6,0.091,18.0,77.0,0.99922,3.15,0.51,,5,0
7.5,0.58,0.03,4.1,0.08,27.0,46.0,0.99592,3.02,0.47,9.2,5,0
9.0,1.9315426393921253,0.25,2.0,0.104,8.0,21.0,0.99769,3.27,0.72,9.6,5,0
5.1,0.42,0.0,1.8,0.044,18.0,88.0,0.99157,3.68,0.73,,7,0
4.583344177315237,1.0867375646669934,0.29,2.1,0.075,19.0,66.0,0.99718,3.4,0.64,9.5,5,0
14.737199116883023,3.2771126386563956,0.34,2.7,0.066,15.0,58.0,0.9947,3.37,0.78,11.8,6,0
7.8,0.815,0.01,2.6,0.074,48.0,90.0,0.99621,3.38,0.62,10.8,5,0
10.777355980624556,-2.3356101630902555,0.29,2.1,0.075,19.0,66.0,0.99718,3.4,0.64,9.5,5,0
10.2,0.23,0.37,2.2,0.057,14.0,36.0,0.99614,3.23,0.49,9.3,4,0
7.919282316894653,0.75,0.01,2.2,0.059,11.0,18.0,0.99242,3.39,0.4,12.8,6,0
9.516338782430086,-2.596418913802525,0.32,12.9,0.054,6.0,113.0,0.99572,3.3,0.56,11.5,4,0
1.8622425699486662,2.121735906248993,0.0,1.7,0.07,7.0,17.0,0.99659,3.26,0.64,,6,0
7.1,0.75,0.01,2.2,0.059,11.0,18.0,0.99242,3.39,0.4,12.8,6,0
0.42696078649798075,-1.666000712321107,0.0,2.5,0.081,12.0,24.0,0.99798,3.38,0.46,9.6,4,0
5.302126814750281,-1.1405117464832628,0.0,4.3,0.057,11.0,20.0,0.99488,3.45,0.56,,4,0
7.5,0.61,0.2,1.7,0.076,36.0,60.0,0.99494,3.1,0.4,9.3,5,0
5.6643075691936735,-5.200294517755246,0.39,2.5,0.079,28.0,65.0,0.99729,3.16,0.59,9.8,5,0
8.290183426655013,0.4,0.41,2.0,0.058,15.0,40.0,0.99414,3.22,0.6,12.2,6,0
8.916969921784696,0.56,0.22,2.4,0.082,10.0,86.0,0.9983,3.37,0.62,,5,0
8.661243495021834,1.1625380042407625,0.25,13.4,0.067,72.0,160.0,0.99721,3.33,0.54,10.3,6,0
3.9852080471743596,0.55,0.19,1.8,0.082,15.0,34.0,0.99655,3.49,0.68,10.5,5,0
7.4,0.74,0.07,1.7,0.086,15.0,48.0,0.99502,3.12,0.48,10.0,5,0
8.598892058480216,0.55,0.19,1.8,0.082,15.0,34.0,0.99655,3.49,0.68,,5,0
6.9,5.0338714154485045,0.33,2.2,0.081,22.0,36.0,0.9949,3.41,0.75,11.1,6,0
7.1,0.6,0.01,2.3,0.079,24.0,37.0,0.99514,3.4,0.61,10.9,6,0
7.1431690794566975,-2.48786674890114,0.01,2.3,0.079,24.0,37.0,0.99514,3.4,0.61,10.9,6,0
8.542527929799254,0.58,0.14,2.2,0.077,27.0,60.0,0.9963,3.28,0.59,,5,0
5.5406841477392,3.7851108351603404,0.0,1.8,0.123,6.0,14.0,0.99627,3.45,0.58,9.8,5,0
7.9,0.66,0.0,1.4,0.096,6.0,13.0,0.99569,3.43,0.58,9.5,5,0
11.949405419586359,0.5218042570301461,0.06,1.9,0.079,20.0,35.0,0.99628,3.4,0.69,10.9,5,0
6.1,0.64,0.02,2.4,0.069,26.0,46.0,0.99358,3.47,0.45,11.0,5,0
7.5,0.59,0.22,1.8,0.082,43.0,60.0,0.99499,3.1,0.42,9.2,5,0
7.0,0.58,0.28,4.8,0.085,12.0,69.0,0.99633,3.32,0.7,11.0,6,0
6.8,-4.656243915230093,0.0,2.7,0.123,15.0,33.0,0.99538,3.44,0.63,11.3,6,0
6.8,-2.044180566884384,0.0,2.7,0.123,15.0,33.0,0.99538,3.44,0.63,11.3,6,0
8.289474054710821,0.635,0.68,1.8,0.403,19.0,56.0,0.99632,3.02,1.15,9.3,5,0
6.3,1.02,0.0,2.0,0.083,17.0,24.0,0.99437,3.59,0.55,11.2,4,0
15.122546670511307,0.45,0.38,2.5,0.081,34.0,66.0,0.99726,3.15,0.58,9.8,5,0
8.2,-2.089401998411316,0.0,2.2,0.089,13.0,26.0,0.9978,3.37,0.46,9.6,4,0
8.5,0.37,0.32,1.8,0.066,26.0,51.0,0.99456,3.38,0.72,11.8,6,0
7.2,-0.37958335542187893,0.05,2.3,0.081,16.0,36.0,0.99564,3.38,0.6,,6,0
4.828834038953329,1.8285428653401126,0.05,2.3,0.081,16.0,36.0,0.99564,3.38,0.6,10.3,6,0
10.4,5.976768511724294,0.5,2.3,0.068,13.0,19.0,0.996,3.1,0.87,11.4,6,0
6.9,0.41,0.31,2.0,0.079,21.0,51.0,0.99668,3.47,0.55,9.5,6,0
5.5,0.49,0.03,1.8,0.044,28.0,87.0,0.9908,3.5,0.82,14.0,8,0
5.0,0.38,0.01,1.6,0.048,26.0,60.0,0.99084,3.7,0.75,,6,0
9.52848201986666,-3.8534373847554586,0.2,1.6,0.049,24.0,64.0,0.9935,3.38,0.57,,6,0
5.720994558318415,-0.9943321907599643,0.0,1.9,0.077,25.0,44.0,0.99385,3.5,0.53,11.2,5,0
7.5,0.58,0.2,2.0,0.073,34.0,44.0,0.99494,3.1,0.43,9.3,5,0
6.816772749999709,0.58,0.13,2.1,0.102,17.0,36.0,0.9944,3.24,0.53,11.2,6,0
9.89694602140264,-1.972942558732134,0.22,2.3,0.075,13.0,81.0,0.99688,3.24,0.54,9.5,6,0
7.602479562431231,-3.4039383844678923,0.4,6.3,0.05,3.0,10.0,0.99566,3.28,0.56,12.0,4,0
-0.9858960114719846,0.69,0.0,1.9,0.114,3.0,10.0,0.99636,3.35,0.6,9.7,6,0
8.0,0.715,0.22,2.3,0.075,13.0,81.0,0.99688,3.24,0.54,9.5,6,0
9.8,0.3,0.39,1.7,0.062,3.0,9.0,0.9948,3.14,0.57,11.5,7,0
-2.0886043695229226,0.7463430598286965,0.2,1.9,0.077,28.0,54.0,0.9956,3.37,0.64,10.4,6,0
7.1,0.46,0.2,1.9,0.077,28.0,54.0,0.9956,3.37,0.64,10.4,6,0
7.9,0.7694399735605422,0.0,2.0,0.084,9.0,22.0,0.99619,3.33,0.68,10.9,6,0
8.7,0.63,0.28,2.7,0.096,17.0,69.0,0.99734,3.26,0.63,10.2,6,0
7.0,-5.021407041248606,0.19,2.3,0.071,18.0,36.0,0.99476,3.39,0.56,,5,0
11.3,0.4244515838363955,0.5,1.8,0.09,20.0,47.0,0.99734,3.15,0.57,,5,0
10.917266480852147,0.16,0.44,2.5,0.068,17.0,31.0,0.99328,3.35,0.54,,6,0
11.690775373639088,-3.016187978733417,0.08,2.6,0.056,3.0,7.0,0.99286,3.22,0.37,13.0,5,0
7.0,0.6354831574049271,0.3,4.5,0.068,20.0,110.0,0.99914,3.3,1.17,10.2,5,0
7.0,0.6,0.3,4.5,0.068,20.0,110.0,0.99914,3.3,1.17,10.2,5,0
7.6,0.74,0.0,1.9,0.1,6.0,12.0,0.99521,3.36,0.59,11.0,5,0
8.2,0.635,0.1,2.1,0.073,25.0,60.0,0.99638,3.29,0.75,10.9,6,0
5.9,4.20348947961827,0.13,2.4,0.056,14.0,28.0,0.99362,3.62,0.67,12.4,6,0
13.16202283876784,2.144203883227817,0.0,1.9,0.084,6.0,12.0,0.99672,3.34,0.49,9.7,4,0
8.147415255153467,0.635,0.1,2.1,0.073,25.0,60.0,0.99638,3.29,0.75,,6,0
2.722095594006326,0.63,0.0,4.3,0.093,51.0,77.5,0.99558,3.2,0.45,9.5,5,0
5.3412484720469955,1.1625512832212697,0.0,4.3,0.093,51.0,77.5,0.99558,3.2,0.45,9.5,5,0
7.234273546083939,0.53,0.14,2.1,0.064,15.0,29.0,0.99323,3.35,0.61,12.1,6,0
5.7,0.6,0.0,1.4,0.063,11.0,18.0,0.99191,3.45,0.56,12.2,6,0
4.578885327144672,-0.0062972722101606315,0.0,2.1,0.137,5.0,9.0,0.99476,3.5,0.4,10.9,3,0
10.1457241689216,0.645,0.0,2.15,0.08,15.0,28.0,0.99444,3.78,0.61,12.5,6,0
6.7,0.86,0.07,2.0,0.1,20.0,57.0,0.99598,3.6,0.74,11.7,6,0
9.1,0.5706029525343235,0.32,2.1,0.064,4.0,15.0,0.99576,3.3,0.8,11.2,6,0
14.71850863893121,0.28,0.44,1.8,0.081,28.0,68.0,0.99501,3.36,0.66,11.2,5,0
7.6,2.479762666742446,0.21,2.3,0.087,21.0,68.0,0.9955,3.12,0.44,,5,0
7.5,2.002499028425229,0.26,1.9,0.073,24.0,88.0,0.99612,3.3,0.53,,5,0
9.7,0.69,0.32,2.5,0.088,22.0,91.0,0.9979,3.29,0.62,10.1,5,0
6.8,0.68,0.09,3.9,0.068,15.0,29.0,0.99524,3.41,0.52,11.1,4,0
11.134842102190532,0.39234370855936823,0.32,2.5,0.088,22.0,91.0,0.9979,3.29,0.62,10.1,5,0
7.0,0.62,0.1,1.4,0.071,27.0,63.0,0.996,3.28,0.61,9.2,5,0
7.467408759905412,0.61,0.26,1.9,0.073,24.0,88.0,0.99612,3.3,0.53,,5,0
6.5,0.51,0.15,3.0,0.064,12.0,27.0,0.9929,3.33,0.59,12.8,6,0
8.0,1.18,0.21,1.9,0.083,14.0,41.0,0.99532,3.34,0.47,10.5,5,0
3.1150990645767034,0.36,0.21,2.3,0.086,20.0,65.0,0.99558,3.4,0.54,10.1,6,0
11.639301688468155,1.0121289718167468,0.21,2.4,0.086,24.0,69.0,0.99556,3.4,0.53,10.1,6,0
7.5,0.63,0.27,2.0,0.083,17.0,91.0,0.99616,3.26,0.58,9.8,6,0
5.4,0.74,0.0,1.2,0.041,16.0,46.0,0.99258,4.01,0.59,12.5,6,0
10.12892043254714,0.44,0.46,2.2,0.091,10.0,41.0,0.99638,3.18,0.69,11.9,6,0
7.5,-3.3196854601262404,0.27,2.0,0.083,17.0,91.0,0.99616,3.26,0.58,,6,0
9.1,-1.443010324333213,0.68,1.7,0.414,18.0,64.0,0.99652,2.9,1.33,9.1,6,0
9.7,2.782679257637958,0.34,2.6,0.094,12.0,88.0,0.99796,3.26,0.66,,5,0
5.0,0.74,0.0,1.2,0.041,16.0,46.0,0.99258,4.01,0.59,12.5,6,0
8.232506804768162,0.34,0.42,1.8,0.058,9.0,18.0,0.99392,3.18,0.55,11.4,5,0
9.1,0.36,0.39,1.8,0.06,21.0,55.0,0.99495,3.18,0.82,11.0,7,0
8.143522266023613,0.46,0.24,1.7,0.077,18.0,34.0,0.9948,3.39,0.6,10.6,6,0
6.7,2.9860988541226234,0.24,1.7,0.077,18.0,34.0,0.9948,3.39,0.6,10.6,6,0
4.942865413032443,0.740795772518086,0.24,1.7,0.077,18.0,34.0,0.9948,3.39,0.6,10.6,6,0
6.7,0.46,0.24,1.7,0.077,18.0,34.0,0.9948,3.39,0.6,10.6,6,0
6.940625519365455,0.52,0.11,1.8,0.073,13.0,38.0,0.9955,3.34,0.52,9.3,5,0
3.0725994474630207,0.6,0.26,2.1,0.083,17.0,91.0,0.99616,3.29,0.56,9.8,6,0
7.4,5.036897203095455,0.26,2.1,0.083,17.0,91.0,0.99616,3.29,0.56,,6,0
7.8,0.87,0.26,3.8,0.107,31.0,67.0,0.99668,3.26,0.46,,5,0
8.4,0.39,0.1,1.7,0.075,6.0,25.0,0.99581,3.09,0.43,9.7,6,0
9.1,2.299058249384101,0.22,2.2,0.079,12.0,48.0,0.9976,3.18,0.51,9.6,5,0
7.2,0.1356174464108062,0.0,2.0,0.166,4.0,11.0,0.99608,3.39,0.52,10.0,5,0
6.6,0.58,0.02,2.4,0.069,19.0,40.0,0.99387,3.38,0.66,12.6,6,0
9.261261567757302,0.5,0.0,1.4,0.057,15.0,26.0,0.99448,3.36,0.45,,5,0
6.0,0.5,0.0,1.4,0.057,15.0,26.0,0.99448,3.36,0.45,9.5,5,0
6.0,0.5,0.0,1.4,0.057,15.0,26.0,0.99448,3.36,0.45,9.5,5,0
7.18676687659298,0.51,0.02,1.7,0.084,13.0,31.0,0.99538,3.36,0.54,10.5,6,0
10.976402581902036,-3.1492582591216722,0.02,1.7,0.084,13.0,31.0,0.99538,3.36,0.54,10.5,6,0
7.5,0.51,0.02,1.7,0.084,13.0,31.0,0.99538,3.36,0.54,,6,0
7.6,0.54,0.02,1.7,0.085,17.0,31.0,0.99589,3.37,0.51,10.4,6,0
7.5,0.51,0.02,1.7,0.084,13.0,31.0,0.99538,3.36,0.54,10.5,6,0
11.5,0.42,0.48,2.6,0.077,8.0,20.0,0.99852,3.09,0.53,11.0,5,0
8.2,0.44,0.24,2.3,0.063,10.0,28.0,0.99613,3.25,0.53,10.2,6,0
6.1,4.906199750086744,0.01,2.1,0.056,5.0,13.0,0.99472,3.52,0.56,,5,0
6.596591466475142,0.655,0.03,1.8,0.078,7.0,12.0,0.99587,3.34,0.39,9.5,5,0
7.2,0.655,0.03,1.8,0.078,7.0,12.0,0.99587,3.34,0.39,9.5,5,0
6.4914008736480655,2.880952371463732,0.0,2.8,0.081,21.0,41.0,0.99518,3.41,0.52,,5,0
9.0,5.994934268791553,0.29,2.0,0.069,32.0,73.0,0.99654,3.34,0.57,10.0,5,0
7.2,0.62,0.01,2.3,0.065,8.0,46.0,0.99332,3.32,0.51,11.8,6,0
3.963047715124127,7.145542366511746,0.03,1.9,0.086,14.0,57.0,0.9969,3.37,0.46,10.3,5,0
9.879270919054429,-3.2158209203482824,0.03,1.9,0.086,14.0,57.0,0.9969,3.37,0.46,10.3,5,0
7.2,0.58,0.03,2.3,0.077,7.0,28.0,0.99568,3.35,0.52,10.0,5,0
3.472480137930725,0.32,0.25,1.8,0.086,5.0,32.0,0.99464,3.36,0.44,10.1,5,0
6.1,0.34,0.25,1.8,0.084,4.0,28.0,0.99464,3.36,0.44,10.1,5,0
7.3,0.43,0.24,2.5,0.078,27.0,67.0,0.99648,3.6,0.59,11.1,6,0
7.4,0.64,0.17,5.4,0.168,52.0,98.0,0.99736,3.28,0.5,,5,0
10.140732880402314,0.475,0.4,1.4,0.091,6.0,28.0,0.99704,3.07,0.65,,6,0
9.2,-3.313001232381556,0.31,2.3,0.112,11.0,38.0,0.99699,3.24,0.56,10.9,5,0
8.303141558247612,0.85,0.14,2.5,0.093,13.0,54.0,0.99724,3.36,0.54,,5,0
11.6,-8.114599737707202,0.4,1.4,0.091,6.0,28.0,0.99704,3.07,0.65,10.0333333333333,6,0
8.36367255106807,0.83,0.27,2.0,0.08,11.0,63.0,0.99652,3.29,0.48,9.8,4,0
7.2,0.605,0.02,1.9,0.096,10.0,31.0,0.995,3.46,0.53,,6,0
7.8,3.2550864110892688,0.09,2.2,0.115,10.0,42.0,0.9971,3.18,0.62,9.5,5,0
2.181709179346723,0.74,0.08,1.7,0.094,10.0,45.0,0.99576,3.24,0.5,9.8,5,0
6.207582403535951,0.54,0.3,2.2,0.088,9.0,105.0,0.99725,3.25,1.18,10.5,6,0
10.385690655931139,0.77,0.32,2.1,0.079,16.0,74.0,0.99656,3.27,0.5,9.8,6,0
5.464985896428292,2.579448062462797,0.0,1.6,0.069,4.0,8.0,0.99396,3.33,0.37,10.4,4,0
8.025804737360035,0.78,0.51,1.7,0.415,12.0,66.0,0.99623,3.0,1.17,9.2,5,0
7.5,0.8733370003775396,0.56,3.1,0.153,5.0,14.0,0.99476,3.21,1.03,11.6,6,0
8.7,0.78,0.51,1.7,0.415,12.0,66.0,0.99623,3.0,1.17,,5,0
7.7,0.75,0.27,3.8,0.11,34.0,89.0,0.99664,3.24,0.45,9.3,5,0
6.8,-2.863399693130203,0.0,1.2,0.267,16.0,29.0,0.99471,3.32,0.51,9.8,3,0
7.68721815252818,0.29289893262568545,0.26,2.0,0.083,13.0,100.0,0.99586,3.26,0.52,,5,0
8.2,0.885,0.2,1.4,0.086,7.0,31.0,0.9946,3.11,0.46,10.0,5,0
5.2,0.49,0.26,2.3,0.09,23.0,74.0,0.9953,3.71,0.62,12.2,6,0
7.2,1.004116485023117,0.15,2.0,0.078,10.0,28.0,0.99609,3.29,0.51,9.9,6,0
7.5,0.57,0.02,2.6,0.077,11.0,35.0,0.99557,3.36,0.62,10.8,6,0
7.5,0.57,0.02,2.6,0.077,11.0,35.0,0.99557,3.36,0.62,10.8,6,0
6.422118702359002,3.1781770006375085,0.09,1.8,0.074,4.0,25.0,0.99534,3.38,0.45,9.6,5,0
8.0,0.6,0.22,2.1,0.08,25.0,105.0,0.99613,3.3,0.49,9.9,5,0
8.0,0.6,0.22,2.1,0.08,25.0,105.0,0.99613,3.3,0.49,9.9,5,0
7.1,1.5739607433958582,0.15,1.8,0.107,20.0,84.0,0.99593,3.19,0.5,9.5,5,0
4.908453492837187,0.81,0.25,3.4,0.076,34.0,85.0,0.99668,3.19,0.42,9.2,5,0
7.4,2.6314038849734995,0.07,1.8,0.1,8.0,23.0,0.9961,3.3,0.58,9.6,5,0
7.290961628999287,0.64,0.07,1.8,0.1,8.0,23.0,0.9961,3.3,0.58,9.6,5,0
6.6,0.64,0.31,6.1,0.083,7.0,49.0,0.99718,3.35,0.68,10.3,5,0
9.682219510017688,0.48,0.02,2.2,0.08,36.0,111.0,0.99524,3.1,0.53,,5,0
6.0,0.49,0.0,2.3,0.068,15.0,33.0,0.99292,3.58,0.59,12.5,6,0
8.0,0.64,0.22,2.4,0.094,5.0,33.0,0.99612,3.37,0.58,11.0,5,0
3.946472158198728,0.62,0.06,1.3,0.07,5.0,12.0,0.9942,3.17,0.48,9.8,5,0
6.876554331542546,0.52,0.25,2.0,0.078,19.0,59.0,0.99612,3.3,0.48,10.2,5,0
6.4,0.57,0.14,3.9,0.07,27.0,73.0,0.99669,3.32,0.48,9.2,5,0
4.455106028194768,0.685,0.1,1.6,0.092,3.0,12.0,0.99745,3.31,0.65,9.55,6,0
8.7,0.302607390257855,0.1,1.6,0.09,4.0,11.0,0.99745,3.31,0.65,9.55,5,0
7.3,4.134445681775755,0.26,2.0,0.08,17.0,104.0,0.99584,3.28,0.52,9.9,5,0
7.0,0.6,0.12,2.2,0.083,13.0,28.0,0.9966,3.52,0.62,10.2,7,0
10.024145851471035,0.67,0.0,2.2,0.068,10.0,24.0,0.9956,3.42,0.72,11.1,6,0
7.9,0.69,0.21,2.1,0.08,33.0,141.0,0.9962,3.25,0.51,9.9,5,0
7.622925379486364,0.69,0.21,2.1,0.08,33.0,141.0,0.9962,3.25,0.51,9.9,5,0
7.6,0.3,0.42,2.0,0.052,6.0,24.0,0.9963,3.44,0.82,11.9,6,0
4.649401099182411,0.33,0.33,1.7,0.061,3.0,13.0,0.996,3.23,1.1,,8,0
8.276796800429532,0.5,0.39,2.6,0.082,12.0,46.0,0.9985,3.43,0.62,10.7,6,0
4.089199355313642,0.28,0.3,2.0,0.062,18.0,34.0,0.9952,3.28,0.9,11.3,7,0
8.2,2.1351902323303253,0.34,5.1,0.062,8.0,22.0,0.9974,3.22,0.94,10.9,6,0
2.899513405618781,0.51,0.0,2.1,0.064,40.0,54.0,0.995,3.54,0.93,10.7,6,0
8.1,-3.2707992121024727,0.36,2.2,0.048,35.0,53.0,0.995,3.27,1.01,12.4,7,0
6.0,0.51,0.0,2.1,0.064,40.0,54.0,0.995,3.54,0.93,10.7,6,0
6.6,0.96,0.0,1.8,0.082,5.0,16.0,0.9936,3.5,0.44,11.9,6,0
6.4,0.47,0.4,2.4,0.071,8.0,19.0,0.9963,3.56,0.73,,6,0
8.2,0.24,0.34,5.1,0.062,8.0,22.0,0.9974,3.22,0.94,10.9,6,0
9.9,0.57,0.25,2.0,0.104,12.0,89.0,0.9963,3.04,0.9,10.1,5,0
5.619599410444659,4.487661102968725,0.59,2.2,0.077,3.0,15.0,0.9994,3.2,0.78,9.6,5,0
6.2,0.58,0.0,1.6,0.065,8.0,18.0,0.9966,3.56,0.84,9.4,5,0
10.0,3.9967145681454093,0.59,2.2,0.077,3.0,15.0,0.9994,3.2,0.78,9.6,5,0
7.3,0.34,0.33,2.5,0.064,21.0,37.0,0.9952,3.35,0.77,,7,0
7.8,0.53,0.01,1.6,0.077,3.0,19.0,0.995,3.16,0.46,9.8,5,0
7.7,0.64,0.21,2.2,0.077,32.0,133.0,0.9956,3.27,0.45,9.9,5,0
7.8,0.53,0.01,1.6,0.077,3.0,19.0,0.995,3.16,0.46,9.8,5,0
7.5,0.4,0.18,1.6,0.079,24.0,58.0,0.9965,3.34,0.58,9.4,5,0
7.0,0.54,0.0,2.1,0.079,39.0,55.0,0.9956,3.39,0.84,11.4,6,0
3.1996622873278007,1.9264242111588255,0.09,3.9,0.123,14.0,31.0,0.9968,3.5,0.67,11.0,4,0
12.37201275199942,1.1021531149623949,0.37,1.4,0.076,8.0,23.0,0.9974,3.26,0.7,9.6,6,0
6.100645006152213,0.26,0.37,1.4,0.076,8.0,23.0,0.9974,3.26,0.7,9.6,6,0
9.098675367954437,0.23,0.37,1.8,0.046,23.0,60.0,0.9971,3.41,0.71,12.1,6,0
5.091095740132235,0.41,0.33,2.5,0.078,6.0,23.0,0.9957,3.3,0.58,11.2,5,0
7.8,5.615834706634976,0.0,1.9,0.072,27.0,55.0,0.9962,3.31,0.63,11.0,5,0
7.9,-4.719938598816222,0.4,2.2,0.049,38.0,67.0,0.996,3.33,0.93,11.3,5,0
7.4,0.41,0.24,1.8,0.066,18.0,47.0,0.9956,3.37,0.62,,5,0
7.6,4.153673572178953,0.31,2.1,0.069,13.0,74.0,0.9958,3.26,0.54,,6,0
8.178601237289659,0.44,0.0,1.6,0.042,3.0,11.0,0.9944,3.48,0.85,,6,0
3.0217539972060528,-1.0286200957230527,0.16,1.8,0.069,11.0,25.0,0.9955,3.42,0.74,10.1,7,0
10.317683783285268,3.825532339231157,0.37,15.4,0.214,55.0,95.0,1.00369,3.18,0.77,9.0,6,0
10.2,0.54,0.37,15.4,0.214,55.0,95.0,1.00369,3.18,0.77,,6,0
10.158553929606846,0.38,0.38,1.6,0.169,27.0,90.0,0.99914,3.15,0.65,,5,0
6.8,0.915,0.29,4.8,0.07,15.0,39.0,0.99577,3.53,0.54,11.1,5,0
7.0,0.59,0.0,1.7,0.052,3.0,8.0,0.996,3.41,0.47,10.3,5,0
7.3,0.67,0.02,2.2,0.072,31.0,92.0,0.99566,3.32,0.68,,6,0
14.183416009279775,0.37,0.32,2.0,0.062,15.0,28.0,0.9947,3.23,0.73,,7,0
9.291275863940495,0.785,0.19,5.2,0.094,19.0,98.0,0.99713,3.16,0.52,9.56666666666667,6,0
5.12128795701218,0.63,0.02,1.9,0.078,18.0,30.0,0.99712,3.4,0.75,9.8,5,0
8.955146890951543,0.58,0.2,1.75,0.058,8.0,22.0,0.99322,3.38,0.49,11.7,5,0
13.714523411455623,1.031127541507129,0.02,2.2,0.072,31.0,92.0,0.99566,3.32,0.68,11.1,6,0
7.4,-2.9437780702247145,0.19,5.2,0.094,19.0,98.0,0.99713,3.16,0.52,,6,0
6.9,0.63,0.02,1.9,0.078,18.0,30.0,0.99712,3.4,0.75,9.8,5,0
6.8,0.67,0.0,1.9,0.08,22.0,39.0,0.99701,3.4,0.74,9.7,5,0
6.9,-0.9095594301070741,0.01,1.9,0.08,40.0,54.0,0.99683,3.4,0.73,9.7,5,0
2.3110917285471153,3.445187219497896,0.31,2.0,0.056,15.0,29.0,0.99472,3.23,0.76,11.3,8,0
7.2,0.37,0.32,2.0,0.062,15.0,28.0,0.9947,3.23,0.73,11.3,7,0
7.8,0.32,0.44,2.7,0.104,8.0,17.0,0.99732,3.33,0.78,,7,0
6.6,0.58,0.02,2.0,0.062,37.0,53.0,0.99374,3.35,0.76,11.6,7,0
7.6,-0.1406236439596199,0.33,1.9,0.074,27.0,85.0,0.99706,3.41,0.58,9.0,5,0
9.172553872293818,0.45,0.63,2.2,0.073,7.0,23.0,0.99974,3.21,0.69,,6,0
5.789307322660119,0.9,0.0,1.6,0.052,9.0,17.0,0.99467,3.5,0.63,10.9,6,0
4.7487353185741465,0.54,0.06,1.8,0.05,38.0,89.0,0.99236,3.3,0.5,,6,0
7.6,-1.3744562441543156,0.33,1.9,0.074,27.0,85.0,0.99706,3.41,0.58,9.0,5,0
8.4,0.29,0.4,1.7,0.067,8.0,20.0,0.99603,3.39,0.6,,5,0
6.901729905010376,0.2,0.35,1.7,0.054,7.0,15.0,0.99458,3.32,0.8,11.9,7,0
6.4,0.42,0.09,2.3,0.054,34.0,64.0,0.99724,3.41,0.68,10.4,6,0
6.2,0.785,0.0,2.1,0.06,6.0,13.0,0.99664,3.59,0.61,10.0,4,0
2.887303203220271,0.64,0.03,2.3,0.075,14.0,31.0,0.99545,3.36,0.58,10.4,6,0
11.111868160650037,-1.2545161733850612,0.01,2.4,0.076,14.0,39.0,0.99522,3.34,0.53,10.8,6,0
6.8,0.59,0.1,1.7,0.063,34.0,53.0,0.9958,3.41,0.67,9.7,5,0
6.8,0.59,0.1,1.7,0.063,34.0,53.0,0.9958,3.41,0.67,,5,0
7.3,2.4067422667013716,0.32,2.1,0.062,31.0,54.0,0.99728,3.3,0.65,10.0,7,0
2.432174204570143,6.29190509041989,0.08,2.3,0.067,19.0,32.0,0.99648,3.52,0.57,,4,0
7.3,0.48,0.32,2.1,0.062,31.0,54.0,0.99728,3.3,0.65,10.0,7,0
6.699361571132503,0.98,0.05,2.1,0.061,20.0,49.0,0.99705,3.31,0.55,,3,0
10.0,0.69,0.11,1.4,0.084,8.0,24.0,0.99578,2.88,0.47,9.7,5,0
9.837491775282093,-5.7226501119088455,0.08,3.75,0.067,8.0,16.0,0.99334,3.43,0.52,12.6,5,0
7.509445428562442,8.752053342029862,0.6,2.6,0.073,23.0,44.0,0.99656,3.38,0.79,11.1,6,0
6.1,1.2112386869283944,0.08,1.8,0.071,14.0,45.0,0.99336,3.38,0.54,11.0,5,0
9.9,0.5,0.5,13.8,0.205,48.0,82.0,1.00242,3.16,0.75,,5,0
5.3,0.47,0.11,2.2,0.048,16.0,89.0,0.99182,3.54,0.88,13.5666666666667,7,0
9.9,0.5,0.5,13.8,0.205,48.0,82.0,1.00242,3.16,0.75,,5,0
5.3,0.47,0.11,2.2,0.048,16.0,89.0,0.99182,3.54,0.88,13.6,7,0
7.1,2.6156724058964818,0.05,5.7,0.082,3.0,14.0,0.99808,3.4,0.52,10.2,3,0
8.2,0.28,0.6,3.0,0.104,10.0,22.0,0.99828,3.39,0.68,10.6,5,0
5.6,0.62,0.03,1.5,0.08,6.0,13.0,0.99498,3.66,0.62,10.1,4,0
5.261817499291692,0.28,0.6,3.0,0.104,10.0,22.0,0.99828,3.39,0.68,10.6,5,0
7.2,-0.7287852414422188,0.54,2.1,0.114,3.0,9.0,0.99719,3.33,0.57,,4,0
4.053973030878127,0.33,0.44,1.5,0.042,6.0,12.0,0.99542,3.35,0.61,,5,0
6.8,0.899454625429519,0.06,2.0,0.06,4.0,11.0,0.99592,3.53,0.64,10.9,4,0
6.310002411916654,1.232539036393323,0.16,2.1,0.074,8.0,25.0,0.99606,3.37,0.55,9.7,5,0
6.8,-2.467287977011106,0.21,2.1,0.07,9.0,23.0,0.99546,3.38,0.6,10.3,5,0
6.0,-1.777044314772588,0.05,1.9,0.066,9.0,17.0,0.99496,3.52,0.78,10.6,5,0
5.6,4.09370262267376,0.04,1.7,0.049,5.0,13.0,0.9942,3.72,0.58,,5,0
6.2,0.57,0.1,2.1,0.048,4.0,11.0,0.99448,3.44,0.76,10.8,6,0
4.8289113024486,-4.437040536077665,0.49,1.8,0.039,8.0,18.0,0.99344,3.39,0.56,12.4,6,0
5.6,0.54,0.04,1.7,0.049,5.0,13.0,0.9942,3.72,0.58,11.4,5,0
6.2,0.65,0.06,1.6,0.05,6.0,18.0,0.99348,3.57,0.54,11.95,5,0
7.7,0.54,0.26,1.9,0.089,23.0,147.0,0.99636,3.26,0.59,9.7,5,0
6.4,0.31,0.09,1.4,0.066,15.0,28.0,0.99459,3.42,0.7,10.0,7,0
7.0,0.43,0.02,1.9,0.08,15.0,28.0,0.99492,3.35,0.81,10.6,6,0
7.7,1.8631173099406215,0.26,1.9,0.089,23.0,147.0,0.99636,3.26,0.59,9.7,5,0
6.9,0.74,0.03,2.3,0.054,7.0,16.0,0.99508,3.45,0.63,11.5,6,0
7.215693275108934,0.895,0.04,2.3,0.068,7.0,13.0,0.99582,3.53,0.58,10.8,6,0
6.9,0.74,0.03,2.3,0.054,7.0,16.0,0.99508,3.45,0.63,11.5,6,0
7.5,0.725,0.04,1.5,0.076,8.0,15.0,0.99508,3.26,0.53,9.6,5,0
7.8,0.82,0.29,4.3,0.083,21.0,64.0,0.99642,3.16,0.53,9.4,5,0
3.095646556827461,0.585,0.18,2.4,0.078,15.0,60.0,0.99638,3.31,0.54,9.8,5,0
6.2,0.44,0.39,2.5,0.077,6.0,14.0,0.99555,3.51,0.69,11.0,6,0
7.5,0.38,0.57,2.3,0.106,5.0,12.0,0.99605,3.36,0.55,11.4,6,0
6.7,0.76,0.02,1.8,0.078,6.0,12.0,0.996,3.55,0.63,9.95,3,0
6.8,0.81,0.05,2.0,0.07,6.0,14.0,0.99562,3.51,0.66,10.8,6,0
7.5,0.38,0.57,2.3,0.106,5.0,12.0,0.99605,3.36,0.55,11.4,6,0
9.539107210662866,0.27,0.6,2.1,0.074,17.0,25.0,0.99814,3.38,0.72,10.6,6,0
7.9,0.18,0.4,1.8,0.062,7.0,20.0,0.9941,3.28,0.7,11.1,5,0
6.746648569493394,-0.7515507281075534,0.21,2.2,0.047,26.0,48.0,0.99661,3.47,0.77,9.7,6,0
7.66950918305743,-2.1921214484267266,0.04,2.1,0.068,19.0,27.0,0.99712,3.44,0.67,9.8,5,0
6.4,0.79,0.04,2.2,0.061,11.0,17.0,0.99588,3.53,0.65,10.4,6,0
6.4,6.475795555908201,0.15,1.8,0.078,17.0,65.0,0.99294,3.33,0.6,10.5,6,0
6.9,0.84,0.21,4.1,0.074,16.0,65.0,0.99842,3.53,0.72,9.23333333333333,6,0
11.22323033472005,0.84,0.21,4.1,0.074,16.0,65.0,0.99842,3.53,0.72,,6,0
4.786613504884402,0.32,0.25,2.3,0.071,23.0,58.0,0.99633,3.42,0.97,,5,0
6.5,0.53,0.06,2.0,0.063,29.0,44.0,0.99489,3.38,0.83,10.3,6,0
5.222549915800329,0.47,0.46,2.2,0.114,7.0,20.0,0.99647,3.32,0.63,10.5,5,0
4.95670911495938,0.7,0.08,2.6,0.106,14.0,27.0,0.99665,3.44,0.58,10.2,5,0
5.922420291430226,-2.3335076837843136,0.06,2.0,0.063,29.0,44.0,0.99489,3.38,0.83,10.3,6,0
6.9,0.48,0.2,1.9,0.082,9.0,23.0,0.99585,3.39,0.43,,4,0
6.1,-3.0703059992034145,0.25,2.3,0.071,23.0,58.0,0.99633,3.42,0.97,10.6,5,0
6.8,0.48,0.25,2.0,0.076,29.0,61.0,0.9953,3.34,0.6,10.4,5,0
6.0,0.42,0.19,2.0,0.075,22.0,47.0,0.99522,3.39,0.78,10.0,6,0
6.427105315626014,0.48,0.08,2.1,0.064,18.0,34.0,0.99552,3.33,0.64,9.7,5,0
4.30790679019468,0.47,0.08,2.2,0.064,18.0,38.0,0.99553,3.3,0.65,9.6,6,0
7.1,0.53,0.07,1.7,0.071,15.0,24.0,0.9951,3.29,0.66,10.8,6,0
1.8307442409008239,0.29,0.49,2.2,0.096,21.0,59.0,0.99714,3.31,0.67,10.1,6,0
5.417212997362885,0.69,0.08,2.1,0.063,42.0,52.0,0.99608,3.42,0.6,10.2,6,0
7.679476998860669,0.44,0.09,2.2,0.063,9.0,18.0,0.99444,3.42,0.69,11.3,6,0
6.508774918760476,0.1440818894383914,0.1,2.8,0.081,13.0,28.0,0.99631,3.6,0.66,10.2,5,0
7.2,0.53,0.13,2.0,0.058,18.0,22.0,0.99573,3.21,0.68,9.9,6,0
8.0,-1.9156759023063041,0.3,1.9,0.074,32.0,84.0,0.99717,3.39,0.61,9.0,5,0
10.19866340947748,0.56,0.14,2.4,0.064,13.0,29.0,0.99397,3.42,0.62,11.7,7,0
7.0,0.55,0.13,2.2,0.075,15.0,35.0,0.9959,3.36,0.59,,6,0
6.1,0.549141970983646,0.08,1.9,0.077,24.0,45.0,0.99528,3.6,0.68,10.3,6,0
5.4,0.58,0.08,1.9,0.059,20.0,31.0,0.99484,3.5,0.64,10.2,6,0
6.2,1.1061978899541711,0.09,2.5,0.081,15.0,26.0,0.99538,3.57,0.63,12.0,5,0
7.2,1.0939741969047798,0.32,1.8,0.065,34.0,60.0,0.99714,3.46,0.78,,5,0
6.2,0.14832745826931004,0.08,4.4,0.071,11.0,32.0,0.99646,3.56,0.63,11.6,6,0
13.266459631891365,-1.8564851092766754,0.29,2.2,0.054,19.0,49.0,0.99666,3.4,0.76,,7,0
8.978001314375405,0.855,0.02,1.9,0.064,29.0,38.0,0.99472,3.3,0.56,10.75,6,0
15.247561927224677,0.44,0.42,2.2,0.064,14.0,19.0,0.99758,3.25,0.57,,6,0
8.4,0.37,0.43,2.3,0.063,12.0,19.0,0.9955,3.17,0.81,11.2,7,0
8.800322876789359,0.63,0.33,1.8,0.059,16.0,28.0,0.99531,3.36,0.64,10.1,6,0
12.129697767782151,0.57,0.02,2.0,0.072,17.0,26.0,0.99575,3.36,0.61,,5,0
6.3,0.6,0.1,1.6,0.048,12.0,26.0,0.99306,3.55,0.51,12.1,5,0
16.752560902873803,0.4,0.5,2.0,0.099,19.0,50.0,0.99783,3.1,0.58,10.4,5,0
10.25349551233678,2.2902091280379913,0.3,1.8,0.074,17.0,24.0,0.99419,3.24,0.7,11.4,8,0
9.219140439273755,0.68,0.0,2.3,0.087,17.0,26.0,0.99783,3.45,0.53,,5,0
7.1,0.67,0.0,2.3,0.083,18.0,27.0,0.99768,3.44,0.54,9.4,5,0
5.684303484187898,0.3449217004875678,0.01,3.7,0.103,32.0,54.0,0.99586,3.51,0.66,11.3,6,0
7.175988157108271,0.735,0.0,2.2,0.08,18.0,28.0,0.99765,3.41,0.6,9.4,5,0
5.586488005949214,-0.6318519361649357,0.02,2.4,0.062,15.0,23.0,0.99627,3.54,0.6,11.0,6,0
7.0,4.999981097292567,0.17,1.7,0.065,15.0,24.0,0.99514,3.44,0.68,10.55,7,0
6.6,0.88,0.04,2.2,0.066,12.0,20.0,0.99636,3.53,0.56,9.9,5,0
6.6,0.4910641188256467,0.02,2.4,0.062,15.0,23.0,0.99627,3.54,0.6,11.0,6,0
6.9,0.63,0.33,6.7,0.235,66.0,115.0,0.99787,3.22,0.56,9.5,5,0
7.8,0.6,0.26,2.0,0.08,31.0,131.0,0.99622,3.21,0.52,,5,0
7.8,3.875959804489773,0.26,2.0,0.08,31.0,131.0,0.99622,3.21,0.52,9.9,5,0
7.8,0.6,0.26,2.0,0.08,31.0,131.0,0.99622,3.21,0.52,9.9,5,0
7.2,0.695,0.13,2.0,0.076,12.0,20.0,0.99546,3.29,0.54,10.1,5,0
7.2,0.695,0.13,2.0,0.076,12.0,20.0,0.99546,3.29,0.54,10.1,5,0
7.2,0.695,0.13,2.0,0.076,12.0,20.0,0.99546,3.29,0.54,10.1,5,0
6.7,0.67,0.02,1.9,0.061,26.0,42.0,0.99489,3.39,0.82,10.9,6,0
8.563754832685166,0.16,0.64,2.1,0.059,24.0,52.0,0.99494,3.34,0.71,11.2,6,0
5.038955887921954,4.375515341328172,0.13,2.0,0.076,12.0,20.0,0.99546,3.29,0.54,10.1,5,0
7.0,4.423018506277378,0.13,1.6,0.077,25.0,42.0,0.99629,3.34,0.59,9.2,5,0
6.2,2.5834734243333015,0.14,1.9,0.056,15.0,34.0,0.99396,3.48,0.57,11.5,6,0
6.4,0.36,0.53,2.2,0.23,19.0,35.0,0.9934,3.37,0.93,12.4,6,0
6.4,0.37809950937270587,0.14,2.2,0.038,15.0,25.0,0.99514,3.44,0.65,,6,0
7.3,0.69,0.32,2.2,0.069,35.0,104.0,0.99632,3.33,0.51,9.5,5,0
6.0,0.58,0.2,2.4,0.075,15.0,50.0,0.99467,3.58,0.67,12.5,6,0
5.0266813706602695,0.31,0.78,13.9,0.074,23.0,92.0,0.99677,3.39,0.48,10.5,6,0
0.43449034446510026,0.52,0.4,2.2,0.06,12.0,20.0,0.99474,3.26,0.64,11.8,6,0
8.0,0.3,0.63,1.6,0.081,16.0,29.0,0.99588,3.3,0.78,10.8,6,0
6.2,0.7,0.15,5.1,0.076,13.0,27.0,0.99622,3.54,0.6,,6,0
6.8,0.47787492804692305,0.15,1.8,0.118,13.0,20.0,0.9954,3.42,0.67,11.3,6,0
6.2,0.56,0.09,1.7,0.053,24.0,32.0,0.99402,3.54,0.6,,5,0
7.4,-0.38236035544986624,0.33,2.4,0.068,9.0,26.0,0.9947,3.36,0.6,11.9,6,0
11.36926968431753,0.56,0.09,1.7,0.053,24.0,32.0,0.99402,3.54,0.6,,5,0
6.1,0.715,0.1,2.6,0.053,13.0,27.0,0.99362,3.57,0.5,11.9,5,0
5.538576252241045,-6.040687010039377,0.29,2.1,0.074,32.0,98.0,0.99578,3.33,0.62,9.8,5,0
6.7,2.476420417243587,0.44,2.4,0.061,24.0,34.0,0.99484,3.29,0.8,11.6,7,0
7.2,0.39,0.44,2.6,0.066,22.0,48.0,0.99494,3.3,0.84,,6,0
8.866741312009731,0.31,0.41,2.4,0.065,34.0,60.0,0.99492,3.34,0.85,11.4,6,0
5.8,0.61,0.11,1.8,0.066,18.0,28.0,0.99483,3.55,0.66,10.9,6,0
11.573360084134208,1.3933966991552373,0.33,2.5,0.068,34.0,102.0,0.99414,3.27,0.78,12.8,6,0
7.500880312323539,3.2015727986258824,0.2,7.8,0.073,29.0,79.0,0.9977,3.29,0.54,9.2,5,0
10.633031106280294,0.55,0.15,1.8,0.077,26.0,35.0,0.99314,3.32,0.82,11.6,6,0
1.6747865635458998,0.74,0.09,1.7,0.089,16.0,26.0,0.99402,3.67,0.56,11.6,6,0
6.3,0.15899534558410833,0.13,2.3,0.076,29.0,40.0,0.99574,3.42,0.75,11.0,6,0
6.8,2.6144754858605763,0.08,1.9,0.068,28.0,38.0,0.99651,3.42,0.82,,6,0
6.2,0.6,0.08,2.0,0.09,32.0,44.0,0.9949,3.45,0.58,,5,0
5.9,0.55,0.1,2.2,0.062,39.0,51.0,0.99512,3.52,0.76,11.2,6,0
13.492129768793106,0.51,0.13,2.3,0.076,29.0,40.0,0.99574,3.42,0.75,11.0,6,0
9.161330595466296,0.645,0.12,2.0,0.075,32.0,44.0,0.99547,3.57,0.71,10.2,5,0
6.0,0.31,0.47,3.6,0.067,18.0,42.0,0.99549,3.39,0.66,,6,0
7.627607477459923,0.27,0.36,20.7,0.045,45.0,170.0,1.001,3.0,0.45,8.8,6,1
6.3,-3.832521188584333,0.34,1.6,0.049,14.0,132.0,0.994,3.3,0.49,9.5,6,1
12.375237997876336,-3.2277968277847098,0.4,6.9,0.05,30.0,97.0,0.9951,3.26,0.44,10.1,6,1
7.2,0.23,0.32,8.5,0.058,47.0,186.0,0.9956,3.19,0.4,9.9,6,1
7.2,0.23,0.32,8.5,0.058,47.0,186.0,0.9956,3.19,0.4,,6,1
4.594095342031883,0.28,0.4,6.9,0.05,30.0,97.0,0.9951,3.26,0.44,10.1,6,1
5.334155363691519,-7.108634799164145,0.16,7.0,0.045,30.0,136.0,0.9949,3.18,0.47,,6,1
7.0,-0.13304758749487844,0.36,20.7,0.045,45.0,170.0,1.001,3.0,0.45,8.8,6,1
10.632751189207138,-2.017576763335801,0.34,1.6,0.049,14.0,132.0,0.994,3.3,0.49,9.5,6,1
8.1,0.22,0.43,1.5,0.044,28.0,129.0,0.9938,3.22,0.45,,6,1
8.1,0.27,0.41,1.45,0.033,11.0,63.0,0.9908,2.99,0.56,12.0,5,1
2.998819457315106,0.23,0.4,4.2,0.035,17.0,109.0,0.9947,3.14,0.53,9.7,5,1
7.9,0.18,0.37,1.2,0.04,16.0,75.0,0.992,3.18,0.63,10.8,5,1
6.6,-2.5501456255112593,0.4,1.5,0.044,48.0,143.0,0.9912,3.54,0.52,12.4,7,1
9.981373324876415,0.42,0.62,19.25,0.04,41.0,172.0,1.0002,2.98,0.67,9.7,5,1
6.6,1.1739571338959234,0.38,1.5,0.032,28.0,112.0,0.9914,3.25,0.55,11.4,7,1
7.896528479535462,-0.7965215825928855,0.04,1.1,0.046,30.0,99.0,0.9928,3.24,0.36,9.6,6,1
12.107677450466488,0.66,0.48,1.2,0.029,29.0,75.0,0.9892,3.33,0.39,12.8,8,1
7.4,0.34,0.42,1.1,0.033,17.0,171.0,0.9917,3.12,0.53,,6,1
6.5,-3.989273020410988,0.14,7.5,0.044,34.0,133.0,0.9955,3.22,0.5,9.5,5,1
1.4511337408332912,8.294300318256294,0.48,1.2,0.029,29.0,75.0,0.9892,3.33,0.39,,8,1
11.2288931710949,0.31,0.38,2.9,0.038,19.0,102.0,0.9912,3.17,0.35,11.0,7,1
6.8,0.14896813853577243,0.42,1.7,0.049,41.0,122.0,0.993,3.47,0.48,10.5,8,1
7.6,0.67,0.14,1.5,0.074,25.0,168.0,0.9937,3.05,0.51,,5,1
4.921587770553291,0.27,0.41,1.3,0.052,16.0,142.0,0.9951,3.42,0.47,10.0,6,1
5.658971620264436,-2.9994891588070884,0.32,9.0,0.046,56.0,245.0,0.9955,3.25,0.5,10.4,6,1
6.9,-1.7695063827991488,0.35,1.0,0.052,35.0,146.0,0.993,3.45,0.44,10.0,6,1
3.3339868391206204,-0.23942890702761155,0.39,8.7,0.051,32.0,141.0,0.9961,3.38,0.53,10.5,6,1
4.136443887599225,0.27,0.48,1.1,0.047,17.0,132.0,0.9914,3.19,0.49,11.6,6,1
8.410567042361768,-0.20573788677160215,0.36,2.0,0.033,37.0,114.0,0.9906,3.1,0.71,,7,1
8.5,0.24,0.39,10.4,0.044,20.0,142.0,0.9974,3.2,0.53,10.0,6,1
8.3,4.046492819137628,0.34,1.1,0.042,7.0,47.0,0.9934,3.47,0.4,10.2,6,1
7.4,0.25,0.36,2.05,0.05,31.0,100.0,0.992,3.19,0.44,10.8,6,1
6.2,-0.11828987289662307,0.34,1.5,0.045,43.0,117.0,0.9939,3.42,0.51,9.0,6,1
5.8,5.835624515604756,0.2,14.95,0.044,22.0,179.0,0.9962,3.37,0.37,10.2,5,1
7.3,0.28,0.43,1.7,0.08,21.0,123.0,0.9905,3.19,0.42,12.8,5,1
6.5,0.39,0.23,5.4,0.051,25.0,149.0,0.9934,3.24,0.35,,5,1
7.0,-0.9672688320363174,0.32,1.2,0.053,38.0,138.0,0.9906,3.13,0.28,11.2,6,1
7.3,1.519308120779677,0.39,17.95,0.057,45.0,149.0,0.9999,3.21,0.36,8.6,5,1
3.9630042556559335,0.24,0.39,17.95,0.057,45.0,149.0,0.9999,3.21,0.36,8.6,5,1
6.7,3.295940582983491,0.39,2.5,0.172,63.0,158.0,0.9937,3.11,0.36,9.4,6,1
6.7,3.825456914135035,0.39,2.9,0.173,63.0,157.0,0.9937,3.1,0.34,9.4,6,1
9.220853000958746,0.31,0.26,7.4,0.069,28.0,160.0,0.9954,3.13,0.46,,6,1
6.6,4.17561665228644,0.27,1.4,0.057,33.0,152.0,0.9934,3.22,0.56,9.5,6,1
4.711101859090739,0.23,0.26,1.4,0.06,33.0,154.0,0.9934,3.24,0.56,9.5,6,1
3.7608985824540575,0.18,0.31,1.4,0.058,38.0,167.0,0.9931,3.16,0.53,10.0,7,1
6.2,0.45,0.26,4.4,0.063,63.0,206.0,0.994,3.27,0.52,9.8,4,1
4.616572560920316,0.46,0.25,4.4,0.066,62.0,207.0,0.9939,3.25,0.52,9.8,5,1
7.0,0.31,0.26,7.4,0.069,28.0,160.0,0.9954,3.13,0.46,9.8,6,1
6.9,0.19,0.35,5.0,0.067,32.0,150.0,0.995,3.36,0.48,9.8,5,1
7.2,-0.6260352226404038,0.31,1.6,0.062,31.0,173.0,0.9917,3.35,0.44,11.7,6,1
7.610121575268917,0.2335322191752421,0.29,1.1,0.068,39.0,124.0,0.9914,3.34,0.58,11.0,7,1
5.367940214206942,0.16,0.33,1.1,0.057,21.0,82.0,0.991,3.32,0.46,10.9,7,1
6.502630354998395,-7.258267699691027,0.35,1.0,0.045,39.0,108.0,0.9911,3.31,0.35,,6,1
8.888622385508253,-0.3880301158016822,0.59,0.9,0.147,38.0,132.0,0.993,3.05,0.38,9.1,6,1
6.9,3.523762533789945,0.35,1.3,0.039,29.0,191.0,0.9908,3.13,0.52,11.0,6,1
7.2,0.21,0.34,11.9,0.043,37.0,213.0,0.9962,3.09,0.5,9.6,6,1
9.247264354850845,2.880509439567648,0.26,12.4,0.048,50.0,147.0,0.9972,3.3,0.36,8.9,6,1
6.6,0.38,0.15,4.6,0.044,25.0,78.0,0.9931,3.11,0.38,10.2,6,1
6.469714074231708,0.2,0.36,1.2,0.038,44.0,111.0,0.9926,3.36,0.34,9.9,6,1
3.667333953271524,0.22,0.24,4.9,0.092,30.0,123.0,0.9951,3.03,0.46,8.6,6,1
6.228283436767549,-0.06946136303024425,0.26,12.4,0.048,50.0,147.0,0.9972,3.3,0.36,,6,1
7.0,0.47,0.07,1.1,0.035,17.0,151.0,0.991,3.02,0.34,10.5,5,1
6.6,5.477418328789873,0.15,4.6,0.044,25.0,78.0,0.9931,3.11,0.38,10.2,6,1
8.611948758312215,0.24,0.27,1.4,0.038,31.0,122.0,0.9927,3.15,0.46,,6,1
6.2,0.35,0.03,1.2,0.064,29.0,120.0,0.9934,3.22,0.54,9.1,5,1
6.4,-0.8920158530344211,0.24,6.4,0.04,27.0,124.0,0.9903,3.22,0.49,12.6,7,1
6.7,0.25,0.13,1.2,0.041,81.0,174.0,0.992,3.14,0.42,9.8,5,1
2.3178240820841483,0.23,0.31,2.1,0.046,30.0,96.0,0.9926,3.33,0.64,10.7,8,1
4.728175108977245,0.24,0.29,10.1,0.05,21.0,105.0,0.9962,3.13,0.35,9.5,5,1
6.2,0.27,0.43,7.8,0.056,48.0,244.0,0.9956,3.1,0.51,9.0,6,1
4.642439312111177,0.3,0.23,4.6,0.061,50.5,238.5,0.9958,3.32,0.6,,5,1
6.0,0.27,0.28,4.8,0.063,31.0,201.0,0.9964,3.69,0.71,10.0,5,1
8.6,0.23,0.46,1.0,0.054,9.0,72.0,0.9941,2.95,0.49,9.1,6,1
6.07653343383887,-1.9184194720596985,0.31,2.1,0.046,30.0,96.0,0.9926,3.33,0.64,10.7,8,1
7.4,0.24,0.29,10.1,0.05,21.0,105.0,0.9962,3.13,0.35,9.5,5,1
7.1,0.18,0.36,1.4,0.043,31.0,87.0,0.9898,3.26,0.37,,7,1
7.0,0.32,0.34,1.3,0.042,20.0,69.0,0.9912,3.31,0.65,12.0,7,1
7.4,0.18,0.3,8.8,0.064,26.0,103.0,0.9961,2.94,0.56,9.3,5,1
6.7,-0.8644852056791072,0.28,5.4,0.06,21.0,105.0,0.9949,3.27,0.37,9.0,5,1
6.8,0.22,0.31,1.4,0.053,34.0,114.0,0.9929,3.39,0.77,10.6,6,1
7.1,-3.167395074508346,0.34,16.0,0.05,51.0,166.0,0.9985,3.21,0.6,9.2,6,1
7.1,2.2071850951106096,0.2,6.1,0.063,47.0,164.0,0.9946,3.17,0.42,10.0,5,1
7.3,0.22,0.3,8.2,0.047,42.0,207.0,0.9966,3.33,0.46,9.5,6,1
4.816898289119642,1.2954454348258273,0.61,11.8,0.045,54.0,155.0,0.9974,3.11,0.45,8.7,5,1
9.221122175290699,2.2699383391191548,0.62,11.8,0.044,52.0,152.0,0.9975,3.12,0.46,,6,1
2.384600395624748,-0.8531134557936341,0.63,11.0,0.044,55.0,156.0,0.9974,3.09,0.44,8.7,6,1
6.8,0.25,0.31,13.3,0.05,69.0,202.0,0.9972,3.22,0.48,9.7,6,1
7.1,0.43,0.61,11.8,0.045,54.0,155.0,0.9974,3.11,0.45,8.7,5,1
7.1,0.44,0.62,11.8,0.044,52.0,152.0,0.9975,3.12,0.46,,6,1
2.4608439084167264,0.21578106198223931,0.63,11.0,0.044,55.0,156.0,0.9974,3.09,0.44,8.7,6,1
6.1,0.27,0.43,7.5,0.049,65.0,243.0,0.9957,3.12,0.47,9.0,5,1
6.9,-6.295256170226723,0.33,1.7,0.035,47.0,136.0,0.99,3.26,0.4,,7,1
5.898333565465613,0.21,0.33,1.8,0.034,48.0,136.0,0.9899,3.25,0.41,12.6,7,1
7.5,0.17,0.32,1.7,0.04,51.0,148.0,0.9916,3.21,0.44,11.5,7,1
7.1,1.3886766539331414,0.29,12.4,0.044,62.0,240.0,0.9969,3.04,0.42,9.2,6,1
6.0,0.34,0.66,15.9,0.046,26.0,164.0,0.9979,3.14,0.5,8.8,6,1
8.07304158758043,0.5615243651789483,0.36,1.2,0.034,15.0,80.0,0.9913,2.95,0.36,11.4,7,1
9.8,0.36,0.46,10.5,0.038,4.0,83.0,0.9956,2.89,0.3,10.1,4,1
6.0,-2.961582984480394,0.66,15.9,0.046,26.0,164.0,0.9979,3.14,0.5,8.8,6,1
7.4,0.25,0.37,13.5,0.06,52.0,192.0,0.9975,3.0,0.44,,5,1
7.1,0.12,0.32,9.6,0.054,64.0,162.0,0.9962,3.4,0.41,9.4,5,1
6.0,0.21,0.24,12.1,0.05,55.0,164.0,0.997,3.34,0.39,9.4,5,1
3.136068381425689,0.305,0.4,18.9,0.059,44.0,170.0,1.0,2.99,0.46,,5,1
7.4,-0.06397259625979224,0.37,13.5,0.06,52.0,192.0,0.9975,3.0,0.44,9.1,5,1
7.3,0.13,0.32,14.4,0.051,34.0,109.0,0.9974,3.2,0.35,,6,1
7.1,0.12,0.32,9.6,0.054,64.0,162.0,0.9962,3.4,0.41,9.4,5,1
5.279753472057305,-0.5435479062105013,0.35,16.5,0.04,60.0,171.0,0.999,3.16,0.59,9.1,6,1
7.1,5.5229358050224775,0.35,16.5,0.04,60.0,171.0,0.999,3.16,0.59,9.1,6,1
6.9,-2.853380904383413,0.28,1.3,0.051,37.0,187.0,0.9927,3.27,0.6,,5,1
5.296868547742732,1.1642785366001067,0.54,8.5,0.082,64.0,163.0,0.9959,2.89,0.39,,6,1
7.2,0.27,0.46,18.75,0.052,45.0,255.0,1.0,3.04,0.52,8.9,5,1
6.020106158933563,0.31,0.5,13.3,0.056,68.0,195.0,0.9982,3.01,0.47,9.2,5,1
6.7,0.41,0.34,9.2,0.049,29.0,150.0,0.9968,3.22,0.51,9.1,5,1
6.7,0.41,0.34,9.2,0.049,29.0,150.0,0.9968,3.22,0.51,9.1,5,1
5.955644449867874,-2.787305058035082,0.0,1.5,0.065,8.0,103.0,0.994,3.63,0.4,,4,1
6.0,0.31,0.24,3.3,0.041,25.0,143.0,0.9914,3.31,0.44,11.3,6,1
5.015263346729315,-1.5336203322108108,0.4,1.7,0.035,16.0,85.0,0.9911,3.19,0.42,,6,1
7.2,1.1404568610766908,0.5,13.3,0.056,68.0,195.0,0.9982,3.01,0.47,9.2,5,1
7.3,-0.3140889725893347,0.48,13.3,0.06,57.0,196.0,0.9982,3.04,0.5,9.2,5,1
5.9,0.342027431359331,0.04,5.7,0.046,21.0,87.0,0.9934,3.22,0.51,10.2,5,1
12.23350890002482,0.24,0.32,12.2,0.054,42.0,138.0,0.9984,3.01,0.54,8.8,5,1
8.864613919200718,0.16,0.31,6.85,0.059,31.0,131.0,0.9952,3.29,0.34,9.7,5,1
6.9,1.188166324695909,0.28,5.0,0.058,14.0,146.0,0.9952,3.29,0.36,,6,1
6.4,-1.3510687135956734,0.47,1.6,0.092,40.0,158.0,0.9928,3.21,0.36,,6,1
6.7,0.19,0.36,1.1,0.026,63.0,143.0,0.9912,3.27,0.48,,6,1
4.9786594380760345,3.0424396044463196,0.23,7.0,0.033,29.0,126.0,0.994,3.14,0.42,10.5,5,1
6.783534480102719,0.24,0.32,7.6,0.038,48.0,203.0,0.9958,3.45,0.54,9.7,7,1
6.1,0.3,0.56,2.8,0.044,47.0,179.0,0.9924,3.3,0.57,10.9,7,1
6.472045955816815,0.3,0.56,2.7,0.046,46.0,184.0,0.9924,3.31,0.57,10.9,6,1
9.344164423493343,0.26,0.25,10.4,0.02,7.0,57.0,0.994,3.39,0.37,10.6,5,1
6.5,0.24,0.32,7.6,0.038,48.0,203.0,0.9958,3.45,0.54,,7,1
4.698852713250947,0.425,0.4,13.1,0.038,59.0,241.0,0.9979,3.23,0.57,9.0,5,1
6.6,0.24,0.27,15.8,0.035,46.0,188.0,0.9982,3.24,0.51,9.2,5,1
9.10201609316172,0.27,0.22,8.1,0.034,55.0,203.0,0.9961,3.19,0.52,8.9,5,1
6.7,0.27,0.31,15.7,0.036,44.0,179.0,0.9979,3.26,0.56,9.6,5,1
8.2,0.23,0.4,1.2,0.027,36.0,121.0,0.992,3.12,0.38,,6,1
7.1,0.37,0.67,10.5,0.045,49.0,155.0,0.9975,3.16,0.44,8.7,5,1
6.9255634273474325,-0.7264392297128148,0.36,1.9,0.035,30.0,96.0,0.9917,3.15,0.54,10.8,7,1
8.1,0.28,0.39,1.9,0.029,18.0,79.0,0.9923,3.23,0.52,11.8,6,1
6.3,0.31,0.34,2.2,0.045,20.0,77.0,0.9927,3.3,0.43,,5,1
11.574699549346299,0.37,0.67,10.5,0.045,49.0,155.0,0.9975,3.16,0.44,,5,1
11.772674357918223,-0.08266638465771511,0.4,1.2,0.039,38.0,107.0,0.992,3.21,0.54,10.8,6,1
9.0909379137778,1.2939338237635667,0.41,4.3,0.036,24.0,99.0,0.9947,3.18,0.53,9.7,6,1
8.1,0.8810006034945046,0.4,2.0,0.037,19.0,87.0,0.9921,3.12,0.54,11.2,6,1
6.3,0.255,0.37,1.1,0.04,37.0,114.0,0.9905,3.0,0.39,10.9,6,1
5.6,0.16,0.27,1.4,0.044,53.0,168.0,0.9918,3.28,0.37,10.1,6,1
6.4,0.595,0.14,5.2,0.058,15.0,97.0,0.9951,3.38,0.36,9.0,4,1
6.3,2.272683773628558,0.33,4.6,0.034,19.0,80.0,0.9917,3.38,0.58,12.0,7,1
6.9,1.2008932044541156,0.3,4.1,0.054,23.0,116.0,0.994,2.99,0.38,,6,1
7.9,0.22,0.38,8.0,0.043,46.0,152.0,0.9934,3.12,0.32,11.5,7,1
7.6,0.18,0.46,10.2,0.055,58.0,135.0,0.9968,3.14,0.43,9.9,6,1
6.113152136951818,0.25,0.3,4.1,0.054,23.0,116.0,0.994,2.99,0.38,9.4,6,1
7.2,1.5870919846685236,0.41,1.2,0.048,41.0,97.0,0.9919,3.14,0.45,10.4,5,1
8.2,-0.7461175424954252,0.4,7.5,0.049,12.0,76.0,0.9966,3.06,0.84,9.7,6,1
8.919817729038368,0.24,0.42,14.0,0.066,48.0,198.0,0.9979,2.89,0.42,,6,1
7.4,0.24,0.42,14.0,0.066,48.0,198.0,0.9979,2.89,0.42,,6,1
5.558649918618501,-2.8863132942565617,0.24,1.5,0.036,38.0,124.0,0.9898,3.29,0.42,,7,1
5.2,0.44,0.04,1.4,0.036,43.0,119.0,0.9894,3.36,0.33,12.1,8,1
5.2,0.44,0.04,1.4,0.036,43.0,119.0,0.9894,3.36,0.33,12.1,8,1
6.1,0.32,0.24,1.5,0.036,38.0,124.0,0.9898,3.29,0.42,,7,1
11.440921317935006,0.22,0.56,14.5,0.055,27.0,159.0,0.998,2.98,0.4,9.1,5,1
6.535410234531036,0.36,0.3,4.8,0.049,14.0,85.0,0.9932,3.28,0.39,,5,1
6.183072102461489,0.24,0.42,14.0,0.066,48.0,198.0,0.9979,2.89,0.42,8.9,6,1
5.321154741778223,0.24,0.35,13.1,0.05,64.0,205.0,0.997,3.15,0.5,9.5,5,1
3.360893244403878,0.23,0.36,13.0,0.051,72.0,177.0,0.9972,3.16,0.49,9.8,5,1
10.069677384279968,0.27,0.46,8.7,0.048,39.0,197.0,0.9974,3.14,0.59,9.6,6,1
6.7,0.46,0.18,2.4,0.034,25.0,98.0,0.9896,3.08,0.44,12.6,7,1
5.039966392081492,-3.992916708258581,0.31,8.95,0.055,20.0,151.0,0.9968,3.08,0.54,9.3,5,1
13.094444756563242,-4.592130442926899,0.48,9.85,0.034,5.0,110.0,0.9958,2.87,0.29,10.0,5,1
7.1,0.3,0.46,1.5,0.066,29.0,133.0,0.9906,3.12,0.54,12.7,6,1
7.9,5.478180153187828,0.45,1.5,0.045,17.0,96.0,0.9917,3.13,0.39,,6,1
7.6,0.48,0.37,0.8,0.037,4.0,100.0,0.9902,3.03,0.39,11.4,4,1
6.3,0.22,0.43,4.55,0.038,31.0,130.0,0.9918,3.35,0.33,11.5,7,1
7.5,0.27,0.31,17.7,0.051,33.0,173.0,0.999,3.09,0.64,10.2,5,1
6.9,0.23,0.4,7.5,0.04,50.0,151.0,0.9927,3.11,0.27,11.4,6,1
7.2,0.32,0.47,5.1,0.044,19.0,65.0,0.991,3.03,0.41,12.6,4,1
5.9,0.23,0.3,12.9,0.054,57.0,170.0,0.9972,3.28,0.39,9.4,5,1
6.0,0.67,0.07,1.2,0.06,9.0,108.0,0.9931,3.11,0.35,8.7,4,1
2.5211948379952807,-6.388320232682377,0.32,5.5,0.049,41.0,176.0,0.995,3.19,0.68,,6,1
6.4,3.9111704969313066,0.31,5.5,0.048,42.0,173.0,0.9951,3.19,0.66,9.3,6,1
7.4817243469197505,0.34,0.15,1.2,0.053,61.0,183.0,0.9936,3.09,0.43,,5,1
6.8,0.28,0.4,22.0,0.048,48.0,167.0,1.001,2.93,0.5,8.7,5,1
10.35067127549236,0.27,0.4,14.0,0.05,64.0,227.0,0.9979,3.18,0.58,9.6,6,1
0.3432588061290911,-2.202607033892419,0.56,11.9,0.043,64.0,226.0,0.997,3.02,0.63,9.3,5,1
12.854796631376558,0.29,0.56,11.9,0.043,66.0,230.0,0.9972,3.02,0.63,9.3,5,1
6.7,0.24,0.41,9.4,0.04,49.0,166.0,0.9954,3.12,0.61,9.9,6,1
4.624144408405672,0.3,0.23,4.2,0.038,42.0,119.0,0.9924,3.15,0.5,11.0,5,1
6.8,0.53,0.35,3.8,0.034,26.0,109.0,0.9906,3.26,0.57,12.7,8,1
6.5,0.28,0.28,8.5,0.047,54.0,210.0,0.9962,3.09,0.54,8.9,4,1
7.023286146486417,0.28,0.28,8.5,0.052,55.0,211.0,0.9962,3.09,0.55,,6,1
6.8,0.28,0.4,22.0,0.048,48.0,167.0,1.001,2.93,0.5,,5,1
8.514347676549031,0.28,0.36,8.0,0.045,28.0,123.0,0.9928,3.02,0.37,11.4,6,1
8.778387168346661,0.15,0.34,5.1,0.055,34.0,125.0,0.9942,3.36,0.42,9.6,5,1
6.4,3.849322916359414,0.44,3.6,0.2,75.0,181.0,0.9942,3.02,0.41,9.1,5,1
6.4,0.3,0.45,3.5,0.197,76.0,180.0,0.9942,3.02,0.39,9.1,6,1
7.2216518147790465,-6.317620083746349,0.44,3.6,0.197,75.0,183.0,0.9942,3.01,0.38,9.1,5,1
6.8,0.26,0.24,7.8,0.052,54.0,214.0,0.9961,3.13,0.47,8.9,5,1
10.092153751119103,0.32,0.24,13.1,0.05,52.0,204.0,0.998,3.1,0.49,,5,1
6.8,-0.4452817056498477,0.24,7.8,0.052,54.0,214.0,0.9961,3.13,0.47,,5,1
6.8,4.632073209075804,0.26,16.1,0.049,55.0,196.0,0.9984,3.15,0.5,9.3,5,1
7.1,2.459628690426745,0.24,13.1,0.05,52.0,204.0,0.998,3.1,0.49,8.8,5,1
6.9,-0.4717963820723752,0.32,13.2,0.05,53.0,236.0,0.9973,3.2,0.5,9.6,5,1
8.357212138765437,0.26,0.34,13.9,0.034,39.0,134.0,0.9949,3.33,0.53,,6,1
5.8,-5.548931904585445,0.35,2.3,0.053,36.0,114.0,0.9924,3.28,0.5,10.2,4,1
6.4,-3.7574655664527956,0.5,11.6,0.042,45.0,153.0,0.9972,3.15,0.43,8.8,5,1
7.0,0.16,0.32,8.3,0.045,38.0,126.0,0.9958,3.21,0.34,,5,1
15.48264342009691,4.607441289678138,0.88,6.2,0.049,20.0,124.0,0.9968,2.99,0.51,9.9,4,1
6.8,0.57,0.29,2.2,0.04,15.0,77.0,0.9938,3.32,0.74,10.2,5,1
6.1,0.4,0.31,0.9,0.048,23.0,170.0,0.993,3.22,0.77,9.5,6,1
7.166982628563791,0.245,0.25,9.7,0.032,12.0,68.0,0.994,3.31,0.34,,5,1
12.69390655964926,0.18,0.38,1.4,0.038,35.0,111.0,0.9918,3.32,0.59,11.2,7,1
7.0,-0.8847236037611769,0.32,8.3,0.045,38.0,126.0,0.9958,3.21,0.34,9.2,5,1
6.7,0.13,0.29,5.3,0.051,31.0,122.0,0.9944,3.44,0.37,9.7,6,1
8.903236520712968,0.25,0.25,1.4,0.03,35.0,105.0,0.9912,3.3,0.44,11.1,7,1
5.8,0.044527689759682076,0.24,9.2,0.044,55.0,152.0,0.9961,3.31,0.38,9.4,5,1
7.5,0.27,0.36,7.0,0.036,45.0,164.0,0.9939,3.03,0.33,11.0,5,1
5.8,0.26,0.24,9.2,0.044,55.0,152.0,0.9961,3.31,0.38,9.4,5,1
5.7,0.28,0.24,17.5,0.044,60.0,167.0,0.9989,3.31,0.44,,5,1
7.5,0.23,0.36,7.0,0.036,43.0,161.0,0.9938,3.04,0.32,11.0,5,1
7.5,1.1206053141078924,0.36,7.0,0.036,45.0,164.0,0.9939,3.03,0.33,11.0,5,1
7.2,0.685,0.21,9.5,0.07,33.0,172.0,0.9971,3.0,0.55,9.1,6,1
6.2,0.25,0.25,1.4,0.03,35.0,105.0,0.9912,3.3,0.44,11.1,7,1
6.5,0.19,0.3,0.8,0.043,33.0,144.0,0.9936,3.42,0.39,,6,1
6.3,-3.4135167392626684,0.22,1.8,0.046,31.0,140.0,0.9929,3.39,0.54,10.4,6,1
7.1,0.24,0.41,17.8,0.046,39.0,145.0,0.9998,3.32,0.39,8.7,5,1
0.9827496226952128,0.17,0.32,2.4,0.048,41.0,200.0,0.9938,3.5,0.5,9.7,6,1
7.1,1.4718705395205371,0.32,10.3,0.041,66.0,272.0,0.9969,3.17,0.52,9.1,6,1
6.4,0.17,0.32,2.4,0.048,41.0,200.0,0.9938,3.5,0.5,,6,1
7.1,0.24,0.41,17.8,0.046,39.0,145.0,0.9998,3.32,0.39,,5,1
6.8,0.64,0.08,9.7,0.062,26.0,142.0,0.9972,3.37,0.46,8.9,4,1
8.3,0.28,0.4,7.8,0.041,38.0,194.0,0.9976,3.34,0.51,9.6,6,1
8.2,-0.988846442007018,0.39,7.8,0.039,49.0,208.0,0.9976,3.31,0.51,9.5,6,1
7.2,0.23,0.38,14.3,0.058,55.0,194.0,0.9979,3.09,0.44,9.0,6,1
15.033308035163525,0.23,0.38,14.3,0.058,55.0,194.0,0.9979,3.09,0.44,9.0,6,1
5.4769676745683435,0.23,0.38,14.3,0.058,55.0,194.0,0.9979,3.09,0.44,9.0,6,1
11.686632045605204,0.23,0.38,14.3,0.058,55.0,194.0,0.9979,3.09,0.44,9.0,6,1
6.8803803293583154,1.4011083567266223,0.32,13.2,0.044,54.0,221.0,0.9972,3.27,0.5,9.6,6,1
7.0,0.26,0.59,1.4,0.037,40.0,120.0,0.9918,3.34,0.41,11.1,7,1
6.2,0.25,0.21,15.55,0.039,28.0,159.0,0.9982,3.48,0.64,9.6,6,1
7.3,0.32,0.23,13.7,0.05,49.0,197.0,0.9985,3.2,0.46,8.7,5,1
10.88327077280774,0.31,0.26,7.8,0.031,23.0,90.0,0.9944,3.13,0.5,10.4,5,1
7.1,0.21,0.37,2.4,0.026,23.0,100.0,0.9903,3.15,0.38,,7,1
4.734563267402618,-1.4941527616111023,0.34,2.7,0.047,64.5,218.5,0.9934,3.3,0.58,9.7,6,1
6.9,0.4,0.56,11.2,0.043,40.0,142.0,0.9975,3.14,0.46,8.7,5,1
7.977233629268763,-4.539348180183472,0.36,2.0,0.038,20.0,249.5,0.9923,3.37,0.79,11.3,6,1
6.8,0.21,0.27,2.1,0.03,26.0,139.0,0.99,3.16,0.61,,7,1
5.040428363816783,0.2,0.27,1.4,0.031,12.0,77.0,0.9905,3.25,0.36,10.9,7,1
5.6,0.19,0.26,1.4,0.03,12.0,76.0,0.9905,3.25,0.37,,7,1
6.1,-0.8721175954360516,0.14,10.4,0.037,18.0,119.0,0.996,3.38,0.45,10.0,5,1
5.9,2.1323328513240054,0.28,4.6,0.053,40.0,199.0,0.9964,3.72,0.7,10.0,4,1
13.237009334769667,0.26,0.21,16.2,0.074,41.0,197.0,0.998,3.02,0.5,9.8,3,1
6.9,0.4,0.56,11.2,0.043,40.0,142.0,0.9975,3.14,0.46,8.7,5,1
5.8,0.24,0.44,3.5,0.029,5.0,109.0,0.9913,3.53,0.43,11.7,3,1
5.8,0.24,0.39,1.5,0.054,37.0,158.0,0.9932,3.21,0.52,9.3,6,1
6.7,0.26,0.39,1.1,0.04,45.0,147.0,0.9935,3.32,0.58,9.6,8,1
6.3,0.35,0.3,5.7,0.035,8.0,97.0,0.9927,3.27,0.41,11.0,7,1
7.616004502251028,0.35,0.3,5.7,0.035,8.0,97.0,0.9927,3.27,0.41,11.0,7,1
9.207827923904699,0.23,0.39,1.8,0.032,23.0,118.0,0.9912,3.32,0.5,11.8,6,1
-0.692230614419211,0.36,0.38,0.9,0.037,3.0,75.0,0.9904,3.28,0.34,,4,1
6.643281960634124,1.2971802672311075,0.35,5.4,0.048,36.0,108.0,0.9939,3.32,0.42,10.2,6,1
6.9,0.29,0.4,19.45,0.043,36.0,156.0,0.9996,2.93,0.47,8.9,5,1
6.9,0.3727926020041805,0.4,8.2,0.036,15.0,95.0,0.9944,3.17,0.33,10.2,5,1
7.2,0.29,0.4,13.6,0.045,66.0,231.0,0.9977,3.08,0.59,,6,1
6.2,0.24,0.35,1.2,0.038,22.0,167.0,0.9912,3.1,0.48,10.6,6,1
6.9,0.29,0.4,19.45,0.043,36.0,156.0,0.9996,2.93,0.47,8.9,5,1
6.9,0.32,0.26,8.3,0.053,32.0,180.0,0.9965,3.25,0.51,9.2,6,1
5.3,3.2743955590310283,0.07,6.9,0.043,34.0,149.0,0.9944,3.34,0.57,9.7,5,1
6.531654905174888,-0.02578203763267961,0.07,7.1,0.044,34.0,145.0,0.9945,3.34,0.57,9.7,6,1
5.4,0.7588289420456524,0.07,7.0,0.045,36.0,147.0,0.9944,3.34,0.57,9.7,6,1
6.9,-1.1193006390811766,0.26,8.3,0.053,32.0,180.0,0.9965,3.25,0.51,9.2,6,1
5.8708447193191216,0.6,0.07,7.0,0.044,33.0,147.0,0.9944,3.33,0.58,9.7,5,1
5.8,0.25,0.26,13.1,0.051,44.0,148.0,0.9972,3.29,0.38,9.3,5,1
6.6,3.449853930260366,0.3,5.1,0.057,30.0,123.0,0.9949,3.24,0.38,9.0,5,1
7.0,0.29,0.54,10.7,0.046,59.0,234.0,0.9966,3.05,0.61,,5,1
6.6,1.0645856431652936,0.41,8.9,0.046,51.0,169.0,0.9954,3.14,0.57,9.8,6,1
6.7,-1.4708743305201162,0.41,9.1,0.044,50.0,166.0,0.9954,3.14,0.58,9.8,6,1
10.583471641153551,0.26,0.4,1.1,0.042,9.0,60.0,0.9915,2.89,0.5,10.6,5,1
5.702287264587636,-4.147089239583413,0.34,1.2,0.044,14.0,67.0,0.9919,3.05,0.47,10.6,4,1
7.0,0.3,0.49,4.7,0.036,17.0,105.0,0.9916,3.26,0.68,12.4,7,1
7.0,0.24,0.36,2.8,0.034,22.0,112.0,0.99,3.19,0.38,12.6,8,1
6.1,3.62488382469498,0.58,5.0,0.039,36.0,114.0,0.9909,3.3,0.6,12.3,8,1
6.8,-1.7921951535539198,0.37,5.1,0.047,46.0,201.0,0.9938,3.08,0.65,,4,1
6.7,0.556193057468641,0.3,15.6,0.054,51.0,196.0,0.9982,3.19,0.49,9.3,5,1
7.1,7.407799049433713,0.24,15.4,0.055,46.0,198.0,0.9988,3.12,0.49,8.8,5,1
7.446361315103892,0.32,0.25,7.2,0.056,47.0,180.0,0.9961,3.08,0.47,8.8,5,1
10.043680293244975,0.28,0.33,15.7,0.053,51.0,190.0,0.9978,3.22,0.51,9.7,6,1
0.3639329896639296,0.23,0.39,14.2,0.058,49.0,192.0,0.9979,2.98,0.48,9.0,7,1
8.968051504915024,2.6345286251999265,0.39,14.2,0.058,49.0,192.0,0.9979,2.98,0.48,9.0,7,1
7.2,0.23,0.39,14.2,0.058,49.0,192.0,0.9979,2.98,0.48,9.0,7,1
7.2,5.063448766480974,0.39,14.2,0.058,49.0,192.0,0.9979,2.98,0.48,9.0,7,1
4.898345522019341,0.15,0.31,5.8,0.041,53.0,155.0,0.9945,3.52,0.46,10.5,6,1
7.4,-1.3343744376234459,0.42,19.8,0.066,53.0,195.0,1.0,2.96,0.44,,5,1
6.2,0.28,0.22,7.3,0.041,26.0,157.0,0.9957,3.44,0.64,9.8,7,1
6.363045626339136,3.8029291904606213,0.38,1.6,0.066,34.0,182.0,0.9968,3.23,0.38,8.5,3,1
7.30963267282794,0.41000697885567317,0.27,1.2,0.046,34.0,175.0,0.9934,3.37,0.54,9.4,6,1
11.982353890425967,0.39,0.7,10.6,0.045,33.0,169.0,0.9976,3.09,0.57,9.4,5,1
7.2,1.2880507623057456,0.46,3.8,0.041,82.0,187.0,0.9932,3.19,0.6,11.2,7,1
10.617431494452543,0.17,0.44,11.3,0.046,65.0,146.0,0.997,3.17,0.45,10.0,6,1
6.2946609072801145,0.17,0.5,2.1,0.043,27.0,122.0,0.9923,3.15,0.45,10.3,6,1
8.727222891282846,0.41,0.0,1.6,0.063,36.0,87.0,0.9914,3.27,0.67,10.8,6,1
8.3,6.262525139118682,0.35,0.9,0.05,12.0,74.0,0.992,3.13,0.38,10.5,6,1
8.704203695337533,0.41,0.0,1.6,0.063,36.0,87.0,0.9914,3.27,0.67,10.8,6,1
6.0,-0.5459374724491184,0.21,1.3,0.055,42.0,168.0,0.9914,3.32,0.43,,6,1
7.037886188520499,0.41,0.24,6.8,0.057,41.0,163.0,0.9949,3.2,0.41,,6,1
7.3,0.41,0.24,6.8,0.057,41.0,163.0,0.9949,3.2,0.41,9.9,6,1
7.2,0.43,0.24,6.7,0.058,40.0,163.0,0.995,3.2,0.41,9.9,5,1
7.3,0.4,0.24,6.7,0.058,41.0,166.0,0.995,3.2,0.41,,6,1
4.1207583440353766,0.33,0.27,4.9,0.036,30.0,134.0,0.9927,3.2,0.42,10.4,7,1
6.2,0.31,0.26,4.8,0.037,36.0,148.0,0.9928,3.21,0.41,10.4,6,1
6.1,0.4177633610296091,0.27,2.1,0.035,16.0,100.0,0.9917,3.4,0.71,,7,1
3.0942979066330105,0.55,0.14,8.3,0.032,35.0,164.0,0.9918,3.53,0.51,12.5,8,1
10.313560046604412,-2.459643954523888,0.41,3.7,0.042,37.0,149.0,0.9954,3.36,0.45,10.0,6,1
5.7,3.0254056677242294,0.21,6.7,0.038,51.0,166.0,0.9941,3.29,0.63,10.0,6,1
5.8,0.34,0.21,6.6,0.04,50.0,167.0,0.9941,3.29,0.62,10.0,5,1
6.673559558861927,-1.4018806948599074,0.6,1.1,0.132,42.0,127.0,0.9934,3.09,0.44,,6,1
3.661453340808235,0.25,0.34,4.7,0.031,34.0,134.0,0.9927,3.21,0.38,,6,1
6.6,3.308131247456636,0.35,7.7,0.031,36.0,135.0,0.9938,3.19,0.37,,5,1
5.9,0.3,0.47,7.85,0.03,19.0,133.0,0.9933,3.52,0.43,11.5,7,1
6.1,0.125,0.25,3.3,0.04,10.0,69.0,0.9934,3.54,0.59,10.1,6,1
6.0,-4.849739725234554,0.24,1.1,0.041,15.0,65.0,0.9927,3.61,0.61,,7,1
6.6,0.24,0.35,7.7,0.031,36.0,135.0,0.9938,3.19,0.37,10.5,5,1
1.7454114934726253,0.25,0.34,4.7,0.031,34.0,134.0,0.9927,3.21,0.38,10.6,6,1
6.8,0.28,0.44,9.3,0.031,35.0,137.0,0.9946,3.16,0.36,,6,1
10.79549435628914,2.055914215500821,0.51,2.0,0.046,11.0,207.0,0.993,3.02,0.55,11.4,5,1
5.859664733207328,0.27,0.31,5.8,0.057,131.0,313.0,0.9946,3.18,0.59,10.5,5,1
8.891163266967945,0.26,0.41,15.15,0.04,38.0,216.0,0.9976,2.96,0.6,10.0,6,1
10.11912072120737,0.34,0.23,6.3,0.039,37.0,143.0,0.9944,3.19,0.65,10.0,6,1
6.5,-1.6510799181891673,0.35,15.4,0.042,55.0,195.0,0.9978,3.23,0.5,,6,1
3.2732265694395446,2.401552917990632,0.41,1.3,0.036,33.0,85.0,0.992,3.17,0.51,10.4,5,1
6.4,0.32,0.35,4.8,0.03,34.0,101.0,0.9912,3.36,0.6,,8,1
6.8,0.19932248143731507,0.34,4.6,0.032,37.0,135.0,0.9927,3.2,0.39,10.6,5,1
6.3,0.23,0.3,1.8,0.033,16.0,91.0,0.9906,3.28,0.4,11.8,6,1
6.5,0.28,0.34,9.9,0.038,30.0,133.0,0.9954,3.11,0.44,9.8,5,1
5.6,0.26,0.26,5.7,0.031,12.0,80.0,0.9923,3.25,0.38,,5,1
6.3,-1.376016744604874,0.3,1.8,0.033,16.0,91.0,0.9906,3.28,0.4,11.8,6,1
6.164587858461465,-0.9296788506279845,0.33,1.5,0.036,15.0,105.0,0.991,3.32,0.42,11.2,6,1
5.8,0.27,0.27,12.3,0.045,55.0,170.0,0.9972,3.28,0.42,,6,1
5.9,0.26,0.4,1.3,0.047,12.0,139.0,0.9945,3.45,0.53,10.4,5,1
6.0879175613433905,0.18,0.35,1.5,0.049,49.0,141.0,0.9934,3.43,0.85,,7,1
8.539228626883883,0.2,0.43,7.8,0.045,27.0,153.0,0.9964,3.19,0.55,,7,1
11.717479995261304,0.24,0.36,1.5,0.047,17.0,129.0,0.9948,3.2,0.54,10.0,6,1
6.4,-2.2911649001759207,0.42,9.7,0.044,30.0,140.0,0.9962,3.18,0.47,,6,1
5.4,0.31,0.47,3.0,0.053,46.0,144.0,0.9931,3.29,0.76,10.0,5,1
1.4116445560127766,2.8033632659625773,0.47,3.0,0.052,47.0,145.0,0.993,3.29,0.75,10.0,6,1
7.1,-3.000912048276244,0.33,4.6,0.05,33.0,131.0,0.9942,3.28,0.4,,6,1
5.6,-0.4612359161983924,0.1,1.3,0.031,20.0,68.0,0.9906,3.36,0.51,11.2,7,1
8.4093938461173,1.2257187391074211,0.41,15.6,0.056,75.0,155.0,0.9995,3.2,0.44,8.8,6,1
7.8,0.18,0.46,13.6,0.052,38.0,118.0,0.998,3.15,0.5,10.0,6,1
10.694571324981105,5.010483576345557,0.45,11.2,0.054,56.0,137.0,0.997,3.15,0.47,10.0,5,1
6.3,0.09210419732455763,0.36,2.1,0.044,47.0,146.0,0.9914,3.27,0.74,11.4,7,1
7.3,-0.3975317596153221,0.4,6.85,0.038,32.0,138.0,0.992,3.03,0.3,11.9,7,1
4.940868808129652,0.335,0.3,2.5,0.071,27.0,128.0,0.9924,3.14,0.51,9.6,6,1
7.3,0.33,0.4,6.85,0.038,32.0,138.0,0.992,3.03,0.3,11.9,7,1
5.8,0.4,0.42,4.4,0.047,38.5,245.0,0.9937,3.25,0.57,9.6,6,1
7.3,0.22,0.37,14.3,0.063,48.0,191.0,0.9978,2.89,0.38,,6,1
7.3,0.22,0.37,14.3,0.063,48.0,191.0,0.9978,2.89,0.38,,6,1
6.1,0.36,0.33,1.1,0.05,24.0,169.0,0.9927,3.15,0.78,9.5,6,1
9.58765902132063,1.020904595348084,0.39,1.4,0.05,19.0,152.0,0.994,3.0,0.42,10.4,6,1
6.9,-5.980392647023288,0.34,4.7,0.04,43.0,161.0,0.9935,3.2,0.59,10.6,6,1
6.4,-3.355937102072158,0.32,14.9,0.047,54.0,162.0,0.9968,3.28,0.5,10.2,6,1
7.1,0.365,0.14,1.2,0.055,24.0,84.0,0.9941,3.15,0.43,,5,1
6.8,-0.9760994966353528,0.3,5.3,0.05,40.0,127.0,0.9942,3.4,0.39,9.7,6,1
7.3,-1.9189074521979579,0.37,14.3,0.063,48.0,191.0,0.9978,2.89,0.38,9.0,6,1
8.055348106954767,0.16,0.4,2.3,0.037,18.0,102.0,0.9923,3.49,0.42,11.4,7,1
6.0,-4.542499867730237,0.32,3.5,0.028,29.0,113.0,0.9912,3.4,0.71,12.3,7,1
7.0344512336693645,2.7533359535027553,0.27,1.5,0.089,40.0,143.0,0.9923,3.49,0.62,10.8,6,1
6.9,1.1092701886719665,0.21,1.0,0.053,39.0,148.0,0.9927,3.12,0.45,9.4,6,1
7.7,0.29,0.48,2.3,0.049,36.0,178.0,0.9931,3.17,0.64,10.6,6,1
7.1,0.8107957418475238,0.35,12.5,0.044,26.0,72.0,0.9941,3.17,0.29,11.6,5,1
6.9,-1.7519734534631208,0.21,1.0,0.053,39.0,148.0,0.9927,3.12,0.45,9.4,6,1
9.447057822101367,0.5281788939909955,0.48,2.3,0.049,36.0,178.0,0.9931,3.17,0.64,10.6,6,1
6.6,0.905,0.19,0.8,0.048,17.0,204.0,0.9934,3.34,0.56,,5,1
7.2,1.813348378323178,0.27,2.4,0.048,30.0,149.0,0.9936,3.1,0.51,9.2,6,1
6.783841579203649,-0.46468816170984256,0.22,1.6,0.027,18.0,89.0,0.9893,3.51,0.38,12.5,7,1
2.154083083153046,0.33,0.22,1.6,0.027,18.0,89.0,0.9893,3.51,0.38,12.5,7,1
9.37079949311483,0.31,0.28,1.5,0.037,12.0,119.0,0.9919,3.32,0.51,10.4,7,1
7.3,1.5337167177210942,0.44,1.4,0.045,21.0,98.0,0.9924,3.15,0.46,10.0,7,1
5.7,-2.0681814454753455,0.5,2.6,0.049,17.0,155.0,0.9927,3.22,0.64,10.0,6,1
6.4,0.6024559389691401,0.28,1.5,0.037,12.0,119.0,0.9919,3.32,0.51,10.4,7,1
10.800349486570715,0.2,0.44,1.4,0.045,21.0,98.0,0.9924,3.15,0.46,10.0,7,1
7.2,3.707494848778299,0.26,12.5,0.046,48.0,179.0,0.9975,3.1,0.52,,6,1
8.058248681070895,0.35,0.28,9.6,0.051,26.0,157.0,0.9969,3.12,0.53,9.2,6,1
7.2,0.27,0.27,2.4,0.048,30.0,149.0,0.9936,3.1,0.51,9.2,6,1
1.5175340803509991,0.36,0.39,3.2,0.027,20.0,125.0,0.991,3.38,0.39,11.3,7,1
5.1,4.026059110728117,0.22,1.6,0.027,18.0,89.0,0.9893,3.51,0.38,12.5,7,1
5.0,0.17,0.56,1.5,0.026,24.0,115.0,0.9906,3.48,0.39,10.8,7,1
5.955762881999728,0.39,0.35,5.9,0.04,82.5,260.0,0.9941,3.12,0.66,10.1,5,1
6.7,0.21,0.32,5.4,0.047,29.0,140.0,0.995,3.39,0.46,,6,1
7.0,4.282766414848987,0.38,14.9,0.032,60.0,181.0,0.9983,3.18,0.61,9.3,7,1
7.583217630821705,0.3,0.38,14.9,0.032,60.0,181.0,0.9983,3.18,0.61,9.3,7,1
3.0661992866395487,0.36,0.32,1.1,0.031,13.0,66.0,0.9916,3.1,0.46,10.6,5,1
6.1,0.55,0.15,9.8,0.031,19.0,125.0,0.9957,3.36,0.47,,6,1
6.21958580926896,0.24,0.43,2.0,0.021,20.0,69.0,0.99,3.08,0.56,12.2,6,1
2.571891837324374,0.37,0.51,11.8,0.044,62.0,163.0,0.9976,3.19,0.44,8.8,5,1
6.8,0.27,0.12,1.3,0.04,87.0,168.0,0.992,3.18,0.41,10.0,5,1
8.2,0.28,0.42,1.8,0.031,30.0,93.0,0.9917,3.09,0.39,,5,1
8.121876674959331,0.2,0.4,1.5,0.037,35.0,107.0,0.9917,3.46,0.5,11.4,6,1
6.3978659447061546,0.26,0.27,18.2,0.048,52.0,168.0,0.9993,3.35,0.44,9.4,5,1
6.4,1.0467052462987507,0.42,2.9,0.032,32.0,83.0,0.9908,3.3,0.41,,6,1
6.3,0.29484186457323724,0.4,1.5,0.037,35.0,107.0,0.9917,3.46,0.5,11.4,6,1
6.8,0.37,0.51,11.8,0.044,62.0,163.0,0.9976,3.19,0.44,,5,1
6.1,0.35,0.07,1.4,0.069,22.0,108.0,0.9934,3.23,0.52,9.2,5,1
7.1,-1.0763667484782429,0.31,18.2,0.046,55.0,252.0,1.0,3.07,0.56,8.7,5,1
6.8,-5.20245426955225,0.31,6.3,0.035,33.0,170.0,0.9918,3.24,0.66,12.6,6,1
1.8626505055572666,0.27,0.12,1.3,0.04,87.0,168.0,0.992,3.18,0.41,10.0,5,1
5.8,0.28,0.34,4.0,0.031,40.0,99.0,0.9896,3.39,0.39,12.8,7,1
6.9,-3.544699089201476,0.24,1.2,0.049,13.0,125.0,0.9932,3.17,0.51,9.4,5,1
7.3543945847459415,-0.36416491589577793,0.39,1.2,0.044,26.0,116.0,0.992,3.26,0.53,10.3,6,1
8.030473157829126,0.28,0.42,1.8,0.031,30.0,93.0,0.9917,3.09,0.39,11.4,5,1
7.2,-0.07486534738529094,0.39,18.95,0.038,42.0,155.0,0.9999,2.97,0.47,9.0,6,1
8.849242848263215,0.28,0.36,12.7,0.04,38.0,140.0,0.998,3.3,0.79,,6,1
6.025402698733717,0.19,0.39,1.2,0.036,32.0,85.0,0.9918,3.16,0.5,10.5,5,1
4.795561797770928,0.19,0.39,1.2,0.036,32.0,85.0,0.9918,3.16,0.5,10.5,5,1
7.2,0.25,0.39,18.95,0.038,42.0,155.0,0.9999,2.97,0.47,9.0,6,1
7.3,4.516669086419475,0.36,12.7,0.04,38.0,140.0,0.998,3.3,0.79,,6,1
7.4,4.154397388126878,0.27,1.2,0.041,27.0,99.0,0.9927,3.19,0.33,,6,1
4.487466120626579,-1.7994584244597542,0.22,7.7,0.047,57.0,210.0,0.9959,3.1,0.47,,5,1
5.785489350354786,2.6649771452670556,0.27,1.2,0.041,27.0,99.0,0.9927,3.19,0.33,,6,1
7.4,0.31,0.28,1.6,0.05,33.0,137.0,0.9929,3.31,0.56,10.5,6,1
7.056475289743141,-1.211206593721732,0.31,2.7,0.03,41.0,136.0,0.9898,3.16,0.37,12.7,7,1
7.0,0.21,0.28,8.7,0.045,37.0,222.0,0.9954,3.25,0.54,10.4,6,1
7.443875396274376,2.2578490290114033,0.28,8.6,0.045,37.0,221.0,0.9954,3.25,0.54,,6,1
6.427840366575691,2.628053184320235,0.28,8.6,0.045,37.0,221.0,0.9954,3.25,0.54,10.4,6,1
5.6300413530104425,3.9562784364432124,0.38,8.3,0.047,47.0,162.0,0.9954,3.34,0.52,10.5,7,1
7.0,0.21,0.28,8.7,0.045,37.0,222.0,0.9954,3.25,0.54,,6,1
5.945790195983554,0.21,0.28,8.6,0.045,37.0,221.0,0.9954,3.25,0.54,10.4,6,1
6.8,0.29,0.5,13.3,0.053,48.0,194.0,0.9974,3.09,0.45,9.4,5,1
15.323174356520799,-1.267930064348091,0.27,1.2,0.051,20.0,89.0,0.9936,3.06,0.46,,5,1
7.1,0.31,0.47,13.6,0.056,54.0,197.0,0.9978,3.1,0.49,,5,1
6.8,0.29,0.5,13.3,0.053,48.0,194.0,0.9974,3.09,0.45,9.4,5,1
4.087824545505374,3.3829110615427718,0.1,1.1,0.048,19.0,84.0,0.9927,3.21,0.38,9.8,5,1
7.4,-5.463442108363815,0.34,2.3,0.045,73.5,214.0,0.9934,3.18,0.61,9.9,7,1
5.5260839743614225,4.438647044616585,0.09,1.5,0.108,16.0,151.0,0.9938,3.07,0.57,,4,1
7.0,0.1549498315444508,0.36,7.1,0.028,31.0,104.0,0.9922,3.35,0.47,12.1,8,1
16.781562325104446,0.2,0.37,6.2,0.027,24.0,97.0,0.992,3.38,0.49,12.2,7,1
6.1,0.26881600604290745,0.32,2.5,0.042,23.0,218.5,0.9935,3.27,0.6,9.8,5,1
6.6,0.16,0.32,1.4,0.035,49.0,186.0,0.9906,3.35,0.64,12.4,8,1
8.663039907381657,0.155,0.34,2.3,0.045,73.5,214.0,0.9934,3.18,0.61,9.9,7,1
6.2,-5.762309517071358,0.04,1.2,0.06,23.0,108.0,0.9934,3.26,0.54,9.2,5,1
6.7,0.22,0.37,1.6,0.028,24.0,102.0,0.9913,3.29,0.59,11.6,7,1
1.9600580022889122,-0.7859976617421424,0.2,6.6,0.033,25.0,137.0,0.9938,3.3,0.69,10.4,6,1
6.0,0.25,0.28,2.2,0.026,54.0,126.0,0.9898,3.43,0.65,12.9,8,1
6.6,4.5864381988406535,0.44,12.2,0.048,54.0,245.0,0.9975,3.26,0.54,9.3,6,1
6.9,-1.0401056751084428,0.36,20.8,0.031,40.0,139.0,0.9975,3.2,0.33,,6,1
7.1,2.460388282925625,0.32,11.0,0.038,16.0,66.0,0.9937,3.24,0.4,11.5,3,1
8.32806161193179,0.28,0.27,2.6,0.054,30.0,156.0,0.9914,3.53,0.42,12.4,5,1
6.5,0.41,0.24,14.0,0.048,24.0,113.0,0.9982,3.44,0.53,9.8,6,1
6.5,0.41,0.24,14.0,0.048,24.0,113.0,0.9982,3.44,0.53,9.8,6,1
3.6698833323965574,0.3836653831423272,0.29,1.6,0.052,34.0,127.0,0.9929,3.48,0.56,,7,1
9.927184523415292,0.6,0.2,9.9,0.07,21.0,174.0,0.9971,3.03,0.54,9.1,5,1
6.1,3.388007418799095,0.25,1.2,0.038,34.0,128.0,0.9921,3.24,0.44,10.1,5,1
5.267113161887956,0.46,0.14,2.7,0.042,27.0,160.0,0.9931,3.46,0.51,10.6,7,1
6.0,0.27,0.27,1.6,0.046,32.0,113.0,0.9924,3.41,0.51,10.5,7,1
6.4,0.28,0.29,1.6,0.052,34.0,127.0,0.9929,3.48,0.56,,7,1
5.0806124515317785,0.41,0.24,14.0,0.048,24.0,113.0,0.9982,3.44,0.53,9.8,6,1
6.3,0.23,0.31,1.5,0.022,11.0,82.0,0.9892,3.3,0.4,12.9,7,1
7.1,0.21,0.27,8.6,0.056,26.0,111.0,0.9956,2.95,0.52,9.5,5,1
6.0,0.9445028956123739,0.32,1.0,0.053,31.0,218.5,0.9924,3.29,0.72,,6,1
10.927494906482748,0.43,0.35,9.1,0.059,83.0,249.0,0.9971,3.37,0.5,8.5,5,1
8.799204057977734,-2.5854345932943072,0.27,8.6,0.056,26.0,111.0,0.9956,2.95,0.52,,5,1
7.0,0.25,0.29,15.2,0.047,40.0,171.0,0.9982,3.22,0.45,9.3,5,1
8.818968312347621,0.25,0.19,12.4,0.047,50.0,162.0,0.9973,3.35,0.38,9.5,5,1
6.8,0.32,0.21,2.2,0.044,15.0,68.0,0.9932,3.17,0.39,9.4,6,1
8.50475903855984,0.39,0.62,11.0,0.047,66.0,178.0,0.9976,3.16,0.5,,5,1
6.3,0.37935203954682983,0.58,10.0,0.081,34.0,126.0,0.9962,2.95,0.46,8.9,5,1
7.0,0.14,0.32,9.0,0.039,54.0,141.0,0.9956,3.22,0.43,9.4,6,1
6.8,5.123650711103638,0.21,2.2,0.044,15.0,68.0,0.9932,3.17,0.39,9.4,6,1
7.2,0.39,0.62,11.0,0.047,66.0,178.0,0.9976,3.16,0.5,8.7,5,1
5.866666428620705,0.29,0.53,18.15,0.047,59.0,182.0,0.9992,3.09,0.52,9.6,5,1
8.6,0.37,0.7,12.15,0.039,21.0,158.0,0.9983,3.0,0.73,9.3,6,1
6.5,1.8729352341086045,0.34,3.4,0.036,34.0,200.0,0.9937,3.14,0.76,10.0,5,1
6.6,-0.10933892188099392,0.29,2.0,0.023,19.0,86.0,0.99,3.25,0.45,,6,1
8.834063260774624,0.17,0.31,4.8,0.034,34.0,132.0,0.9944,3.36,0.48,,7,1
5.5,6.927231457399921,0.22,4.5,0.03,30.0,102.0,0.9938,3.24,0.36,9.4,6,1
10.627646178053382,3.7176471076836632,0.51,11.0,0.029,55.0,227.0,0.9965,3.03,0.61,9.5,5,1
7.4,2.7302017461953803,0.36,1.1,0.028,42.0,105.0,0.9893,2.99,0.39,12.4,7,1
7.0,0.22,0.28,1.5,0.037,29.0,115.0,0.9927,3.11,0.55,10.5,6,1
7.5042141305526595,1.5020273957331245,0.13,1.7,0.073,21.0,165.0,0.994,2.97,0.58,9.2,6,1
11.704927813039518,0.22,0.33,1.7,0.041,67.0,164.0,0.9928,3.32,0.56,10.4,6,1
9.251461609605727,0.47,0.34,8.9,0.043,31.0,172.0,0.9964,3.22,0.6,9.2,5,1
6.535947649314836,0.36,0.41,1.3,0.047,45.0,104.0,0.9917,3.33,0.51,10.6,6,1
6.554459593053453,2.4408215042533223,0.24,13.3,0.044,41.0,137.0,0.9972,3.34,0.42,9.5,5,1
6.7,2.7581962195485215,0.34,8.9,0.043,31.0,172.0,0.9964,3.22,0.6,9.2,5,1
6.611711386902875,-6.178446036656413,0.3,6.6,0.346,79.0,200.0,0.9954,3.29,0.58,9.6,5,1
6.2,0.18,0.38,1.5,0.028,36.0,117.0,0.993,3.47,0.54,9.7,6,1
2.2462836432150253,0.16,0.37,1.5,0.025,43.0,117.0,0.9928,3.46,0.51,9.7,6,1
6.3297834125741845,1.5248086384883457,0.28,1.3,0.035,32.0,90.0,0.9916,3.1,0.42,10.7,6,1
8.063559456023501,-0.19241757800697507,0.29,1.6,0.045,53.0,180.0,0.9936,3.34,0.68,10.5,6,1
7.4,-1.2393288194097267,0.31,7.6,0.047,52.0,177.0,0.9962,3.13,0.45,8.9,6,1
7.0,-0.3063118401327133,0.36,1.0,0.035,8.0,70.0,0.9899,3.09,0.46,12.1,6,1
5.851744636200413,0.23,0.39,1.6,0.032,12.0,65.0,0.9898,3.25,0.4,,7,1
7.8,-4.4775460604666035,0.26,8.9,0.039,42.0,182.0,0.996,3.18,0.46,9.9,6,1
6.3,-5.223830300111538,0.28,1.8,0.022,28.0,158.0,0.9907,3.2,0.64,11.4,6,1
7.8130310561140845,3.9395072523454915,0.38,4.7,0.04,27.0,103.0,0.994,3.37,0.58,10.7,6,1
5.7,1.8264734591267782,0.13,7.0,0.025,28.0,173.0,0.9913,3.33,0.48,12.5,6,1
7.263922471065333,-6.839036381636837,0.62,10.8,0.041,70.0,189.0,0.9976,3.08,0.49,8.6,4,1
9.121075673296305,0.23,0.32,1.6,0.026,43.0,147.0,0.9904,3.29,0.54,12.5,6,1
5.7,-1.3941536242052224,0.34,1.0,0.04,13.0,174.0,0.992,3.27,0.66,10.0,5,1
9.189337143197193,3.041655200189591,0.62,10.8,0.041,70.0,189.0,0.9976,3.08,0.49,8.6,4,1
7.701459862754524,0.28,0.54,16.7,0.045,54.0,200.0,0.999,3.08,0.49,9.5,6,1
6.8,0.19,0.58,14.2,0.038,51.0,164.0,0.9975,3.12,0.48,,6,1
2.298361326094005,-0.5400431211618939,0.3,2.25,0.038,8.0,210.0,0.9937,3.2,0.62,9.9,6,1
6.5,0.3,0.29,2.25,0.037,8.0,210.0,0.9937,3.19,0.62,9.9,5,1
7.8,3.9150148613950844,0.31,12.2,0.053,46.0,140.0,0.998,3.06,0.53,8.9,6,1
7.8,0.18,0.31,12.2,0.053,46.0,140.0,0.998,3.06,0.53,8.9,6,1
7.3,0.51,0.26,3.3,0.09,7.0,135.0,0.9944,3.01,0.52,8.8,5,1
6.0,0.24,0.27,1.9,0.048,40.0,170.0,0.9938,3.64,0.54,10.0,7,1
5.9,3.7692553978299026,0.28,3.5,0.039,55.0,152.0,0.9907,3.44,0.44,,6,1
11.372168216043512,0.24,0.27,1.9,0.048,40.0,170.0,0.9938,3.64,0.54,10.0,7,1
6.274327004286571,-3.800133627932141,0.12,1.3,0.041,62.0,138.0,0.9921,3.21,0.42,10.0,6,1
7.8,-0.08997229654649536,0.35,1.8,0.042,8.0,167.0,0.9908,3.11,0.41,12.1,6,1
7.3,0.26,0.36,5.2,0.04,31.0,141.0,0.9931,3.16,0.59,11.0,6,1
7.157340638914605,0.36,0.33,1.4,0.025,27.0,55.0,0.9915,3.21,0.33,11.2,6,1
7.8,0.28,0.32,9.0,0.036,34.0,115.0,0.9952,3.17,0.39,,7,1
5.072437453901836,0.31,0.26,2.2,0.051,28.0,167.0,0.9926,3.37,0.47,10.4,6,1
6.8,0.18,0.37,1.6,0.055,47.0,154.0,0.9934,3.08,0.45,,5,1
5.934765031803391,0.15,0.42,1.7,0.045,49.0,154.0,0.992,3.0,0.6,10.4,6,1
10.532174144001573,0.13,0.28,1.9,0.05,20.0,78.0,0.9918,3.43,0.64,10.8,6,1
11.35813296115824,0.34,0.34,12.6,0.048,7.0,41.0,0.9942,3.19,0.4,11.7,5,1
9.233180210733012,0.19,0.26,2.1,0.039,8.0,143.0,0.9942,3.05,0.74,9.8,5,1
7.577499536707824,0.19,0.26,2.1,0.039,8.0,143.0,0.9942,3.05,0.74,9.8,5,1
8.75735395504126,0.25,0.4,1.3,0.038,22.0,101.0,0.9901,3.03,0.39,11.4,6,1
6.021390945308118,0.36,0.32,1.7,0.033,22.0,96.0,0.9898,3.03,0.38,11.2,6,1
5.029331245030703,0.35,0.37,1.0,0.038,6.0,72.0,0.9902,3.37,0.34,11.4,5,1
6.914317764518991,-1.024268274426112,0.39,3.3,0.114,24.0,140.0,0.9934,3.09,0.45,9.2,6,1
5.876526759163665,0.31,0.46,5.0,0.04,3.0,29.0,0.9906,3.04,0.53,,4,1
6.856792792010297,-3.887714883056301,0.22,1.8,0.034,32.0,116.0,0.9898,3.36,0.44,12.6,6,1
5.812662776864907,-4.002822974565814,0.02,1.6,0.031,24.0,104.0,0.9896,3.44,0.35,12.2,6,1
7.4088080637737725,0.19,0.47,4.5,0.03,19.0,112.0,0.9922,3.56,0.45,11.2,6,1
4.542589127573174,0.1,0.35,4.9,0.048,31.0,103.0,0.9947,3.43,0.79,9.7,6,1
8.530409058629623,0.18,0.48,4.0,0.186,64.0,150.0,0.9945,3.06,0.4,,5,1
7.4,-2.1680646387251827,0.36,13.2,0.067,53.0,178.0,0.9976,3.01,0.48,9.0,6,1
7.4,-1.672776228537915,0.36,13.2,0.067,53.0,178.0,0.9976,3.01,0.48,9.0,6,1
7.4,1.099689331730088,0.36,13.2,0.067,53.0,178.0,0.9976,3.01,0.48,9.0,6,1
7.9,3.4776404196432606,0.51,15.3,0.047,54.0,171.0,0.9987,3.09,0.51,9.1,5,1
7.9,1.885934867437109,0.51,15.3,0.047,54.0,171.0,0.9987,3.09,0.51,9.1,5,1
4.681065521148485,0.25,0.36,13.2,0.067,53.0,178.0,0.9976,3.01,0.48,9.0,6,1
6.1,2.491116720842472,0.3,1.5,0.045,22.0,61.0,0.992,3.31,0.54,10.4,5,1
6.8,-0.5498534644111019,0.24,4.55,0.053,41.0,211.0,0.9955,3.37,0.67,9.5,6,1
6.7,2.1190005898386697,0.31,9.9,0.04,10.0,175.0,0.9953,3.46,0.55,11.4,4,1
7.2,0.46,0.65,10.4,0.05,76.0,192.0,0.9976,3.16,0.42,8.7,5,1
5.5,0.35,0.35,1.1,0.045,14.0,167.0,0.992,3.34,0.68,9.9,6,1
6.7,-0.2051249447707834,0.41,8.7,0.036,29.0,148.0,0.9952,3.22,0.62,9.9,6,1
6.8,-1.0444171497583483,0.17,13.9,0.047,49.0,162.0,0.9983,3.21,0.51,,6,1
4.682300045136285,0.16,0.22,1.4,0.04,41.0,149.0,0.9933,3.49,0.58,10.0,6,1
6.3,5.951302846686877,0.24,7.2,0.039,38.0,172.0,0.9958,3.49,0.64,9.7,6,1
6.113224822562768,0.22,0.42,1.9,0.052,10.0,87.0,0.9922,3.3,0.49,11.8,6,1
6.5,0.18,0.31,1.7,0.044,30.0,127.0,0.9928,3.49,0.5,10.2,7,1
7.2,0.46,0.65,10.4,0.05,76.0,192.0,0.9976,3.16,0.42,8.7,5,1
3.783844682878965,0.3,0.51,13.6,0.05,40.0,168.0,0.9976,3.07,0.52,9.6,7,1
9.2,0.25,0.34,1.2,0.026,31.0,93.0,0.9916,2.93,0.37,11.3,7,1
10.846986850156988,0.28,0.34,1.6,0.028,32.0,118.0,0.9901,3.0,0.38,,7,1
7.0,-6.691427869642495,0.51,13.6,0.05,40.0,168.0,0.9976,3.07,0.52,9.6,7,1
7.8,-5.339912891922082,0.34,1.6,0.028,32.0,118.0,0.9901,3.0,0.38,12.1,7,1
9.2,1.3980992624008133,0.34,1.2,0.026,31.0,93.0,0.9916,2.93,0.37,11.3,7,1
8.4,0.35,0.71,12.2,0.046,22.0,160.0,0.9982,2.98,0.65,9.4,5,1
3.192842571430608,0.41,0.24,1.6,0.049,16.0,137.0,0.993,3.32,0.5,10.4,6,1
3.803250987779985,-0.5849470455973504,0.24,12.1,0.044,53.0,165.0,0.9969,3.25,0.39,9.5,5,1
7.2,0.34,0.44,4.2,0.047,51.0,144.0,0.991,3.01,0.76,12.3,6,1
10.466223131459927,-4.100953050500768,0.42,9.1,0.049,31.0,150.0,0.9953,3.12,0.74,9.9,7,1
5.9,-2.7938328534913044,0.1,1.6,0.057,39.0,128.0,0.9924,3.24,0.48,10.1,5,1
5.988251894439049,-2.4332173905853454,0.27,8.8,0.063,39.0,184.0,0.9969,3.09,0.63,9.2,6,1
6.835571944585711,0.3,0.22,1.4,0.046,16.0,135.0,0.9928,3.08,0.77,,7,1
6.8,0.51,0.3,4.2,0.066,38.0,165.0,0.9945,3.2,0.42,,5,1
7.8,0.22,0.38,10.3,0.059,28.0,99.0,0.9967,3.12,0.47,10.0,6,1
4.163912997250392,3.0270096113927414,0.34,12.4,0.051,6.0,37.0,0.9944,3.13,0.39,11.5,6,1
6.0,0.26,0.5,2.2,0.048,59.0,153.0,0.9928,3.08,0.61,9.8,5,1
6.1,0.26,0.51,2.2,0.05,61.0,154.0,0.9929,3.08,0.6,,6,1
8.998853622868054,3.917231293193317,0.27,5.2,0.04,44.0,179.0,0.9948,3.19,0.69,9.4,6,1
7.4,0.41,0.66,10.8,0.051,77.0,194.0,0.9976,3.05,0.46,8.7,5,1
6.5,5.198687695691855,0.29,2.7,0.038,26.0,107.0,0.9912,3.32,0.41,11.6,7,1
9.240208732573196,-4.427033666628014,0.54,16.3,0.047,44.0,181.0,0.9987,3.04,0.56,,5,1
7.2,0.2,0.34,2.7,0.032,49.0,151.0,0.99,3.16,0.39,,7,1
9.61683771237034,-3.901370597534595,0.33,1.9,0.035,39.0,138.0,0.991,3.17,0.44,11.7,7,1
9.81258948458183,0.22,0.3,1.8,0.047,47.0,185.0,0.9933,3.13,0.5,10.2,6,1
8.2,0.23,0.29,1.8,0.047,47.0,187.0,0.9933,3.13,0.5,10.2,6,1
7.1,-4.086879423501569,0.33,2.8,0.033,48.0,153.0,0.9899,3.15,0.38,12.7,7,1
6.5,4.146571017310028,0.29,2.7,0.038,26.0,107.0,0.9912,3.32,0.41,,7,1
6.22076733305843,0.38,0.26,6.0,0.034,42.0,134.0,0.9912,3.38,0.38,12.3,7,1
7.4,0.41,0.66,10.8,0.051,77.0,194.0,0.9976,3.05,0.46,8.7,5,1
5.7,0.18,0.22,4.2,0.042,25.0,111.0,0.994,3.35,0.39,9.4,5,1
7.3,1.5516733632585888,0.22,6.4,0.056,44.0,168.0,0.9947,3.13,0.35,10.1,6,1
7.4,0.24,0.22,10.7,0.042,26.0,81.0,0.9954,2.86,0.36,,6,1
5.026869999186046,0.25,0.3,1.6,0.046,32.0,134.0,0.993,3.42,0.51,10.1,7,1
7.4,0.4805976494091646,0.22,10.7,0.042,26.0,81.0,0.9954,2.86,0.36,9.7,6,1
4.955092080001938,0.26,0.3,7.9,0.049,38.0,157.0,0.9963,3.13,0.48,8.9,6,1
6.1,0.32,0.25,1.7,0.034,37.0,136.0,0.992,3.47,0.5,10.8,7,1
6.9,0.28,0.27,2.1,0.036,42.0,121.0,0.9926,3.42,0.49,10.8,7,1
10.869716580285012,0.918886081542342,0.33,5.8,0.04,25.0,136.0,0.995,3.19,0.58,,6,1
7.1,0.31,0.5,14.5,0.059,6.0,148.0,0.9983,2.94,0.44,9.1,5,1
9.59441281517977,0.029665168583768997,0.37,1.2,0.037,48.0,119.0,0.992,3.32,0.49,10.9,6,1
6.9,0.41,0.33,10.1,0.043,28.0,152.0,0.9968,3.2,0.52,9.4,5,1
6.4,-2.9134261422195147,0.07,1.1,0.03,10.0,131.0,0.9905,2.97,0.28,10.8,5,1
4.320087318398727,2.014518369354713,0.06,1.0,0.03,9.0,131.0,0.9904,2.97,0.29,10.8,5,1
6.3,0.27,0.38,0.9,0.051,7.0,140.0,0.9926,3.45,0.5,10.5,7,1
6.9,-0.14841551696105898,0.33,10.1,0.043,28.0,152.0,0.9968,3.2,0.52,9.4,5,1
7.119495304669403,0.29,0.37,4.9,0.034,26.0,127.0,0.9928,3.17,0.44,10.8,6,1
5.9,-3.330964540437879,0.29,11.4,0.036,31.0,115.0,0.9949,3.35,0.48,10.5,8,1
5.99965472104496,0.19,0.4,1.4,0.036,14.0,55.0,0.9909,3.08,0.68,11.5,7,1
6.7,2.022856336074174,0.35,1.4,0.18,36.0,160.0,0.9937,3.11,0.54,9.4,6,1
3.8153678828827493,0.24,0.4,1.4,0.045,31.0,106.0,0.9914,2.88,0.38,,6,1
6.4,0.45,0.07,1.1,0.03,10.0,131.0,0.9905,2.97,0.28,,5,1
6.4,-0.8023629088177634,0.06,1.0,0.03,9.0,131.0,0.9904,2.97,0.29,10.8,5,1
6.832954129863907,0.9424504605241315,0.49,1.5,0.052,34.0,134.0,0.9924,2.99,0.61,9.8,6,1
5.053522007282412,-0.11493748389407504,0.49,1.5,0.052,34.0,134.0,0.9924,2.99,0.61,9.8,6,1
7.3,0.25,0.29,7.5,0.049,38.0,158.0,0.9965,3.43,0.38,,5,1
7.3,2.9241363166744256,0.29,7.5,0.049,38.0,158.0,0.9965,3.43,0.38,9.6,5,1
6.1,0.9404889226868248,0.25,17.75,0.044,48.0,161.0,0.9993,3.34,0.48,9.5,5,1
4.542390001112944,-2.281100524570417,0.35,5.7,0.061,12.0,94.0,0.9965,3.48,0.69,10.7,6,1
2.062602337574714,0.36,0.28,3.2,0.037,29.0,119.0,0.9908,3.25,0.65,12.4,8,1
7.4,0.24,0.4,4.3,0.032,9.0,95.0,0.992,3.09,0.39,11.1,6,1
7.5,0.23,0.68,11.0,0.047,37.0,133.0,0.9978,2.99,0.38,,5,1
7.5,0.21,0.68,10.9,0.045,38.0,133.0,0.9978,3.0,0.36,8.7,5,1
7.5,0.21,0.68,10.9,0.045,38.0,133.0,0.9978,3.0,0.36,8.7,5,1
7.5,0.23,0.68,11.0,0.047,37.0,133.0,0.9978,2.99,0.38,8.8,5,1
3.108589499382986,0.32,0.33,2.4,0.037,18.0,101.0,0.9912,3.21,0.65,,7,1
6.685721616916082,1.2260096706155963,0.27,1.9,0.051,52.0,195.0,0.9928,3.23,0.5,10.9,6,1
7.7,0.24,0.27,1.8,0.051,52.0,190.0,0.9928,3.23,0.5,,6,1
7.4,0.19,0.3,1.4,0.057,33.0,135.0,0.993,3.12,0.5,9.6,6,1
6.244715088725253,0.46,0.41,16.8,0.084,59.0,222.0,0.9993,3.18,0.58,9.0,5,1
3.8740975695130517,1.3240661734191865,0.43,8.9,0.083,50.0,171.0,0.9965,2.85,0.5,9.0,5,1
5.3,1.8539989221166178,0.12,6.6,0.043,22.0,141.0,0.9937,3.36,0.6,10.4,6,1
7.2,0.24,0.34,1.1,0.045,3.0,64.0,0.9913,3.23,0.51,11.4,5,1
7.952218282971684,0.36,0.06,1.4,0.066,27.0,128.0,0.9934,3.26,0.55,9.3,5,1
6.2,0.24,0.29,13.3,0.039,49.0,130.0,0.9952,3.33,0.46,11.0,8,1
7.403360374651113,3.667622764195739,0.12,10.4,0.096,22.0,177.0,0.9983,3.32,0.45,9.1,4,1
7.0,0.32,0.24,6.2,0.048,31.0,228.0,0.9957,3.23,0.62,,6,1
8.730655931795951,-1.5279483555315194,0.24,6.2,0.048,31.0,228.0,0.9957,3.23,0.62,9.4,6,1
5.251267629436876,2.3138070015415964,0.33,1.2,0.036,23.0,99.0,0.9916,3.18,0.6,10.5,6,1
7.0,-4.944451713522414,0.42,18.05,0.05,35.0,144.0,0.9999,3.22,0.42,8.8,5,1
4.638647094378682,0.23,0.42,18.05,0.05,35.0,144.0,0.9999,3.22,0.42,8.8,5,1
6.9,0.24,0.33,4.8,0.04,16.0,131.0,0.9936,3.26,0.64,10.7,6,1
6.342352713415842,0.29,0.2,12.6,0.045,45.0,187.0,0.9972,3.33,0.42,,5,1
6.1,0.17,0.28,4.5,0.033,46.0,150.0,0.9933,3.43,0.49,10.9,6,1
5.9,0.14,0.25,4.5,0.027,34.0,140.0,0.9934,3.49,0.51,10.8,6,1
6.2,0.17,0.28,4.7,0.037,39.0,133.0,0.9931,3.41,0.46,10.8,7,1
3.611976463945033,0.28,0.25,11.9,0.053,25.0,148.0,0.9976,3.1,0.62,,5,1
7.218315561909943,0.35,0.14,5.0,0.046,48.0,198.0,0.9937,3.3,0.71,10.3,5,1
2.9885523804605985,0.335,0.14,5.8,0.046,49.0,197.0,0.9937,3.3,0.71,10.3,5,1
5.6,-0.12495444586491938,0.29,1.2,0.047,33.0,127.0,0.991,3.34,0.5,,7,1
8.854697579600346,0.28,0.25,12.9,0.054,34.0,189.0,0.9979,3.25,0.43,9.0,4,1
5.284632761274255,-0.6139796544229266,0.33,13.9,0.046,68.0,179.0,0.9971,3.36,0.5,,6,1
9.587600548929752,4.583535660540839,0.28,11.5,0.05,34.0,163.0,0.9969,3.31,0.45,9.5,5,1
3.0321304342350546,0.24,0.29,11.4,0.051,32.0,166.0,0.9968,3.31,0.45,,5,1
4.266690897813539,0.26,0.25,7.8,0.058,44.0,166.0,0.9961,3.24,0.41,,5,1
7.642804840545712,-0.13900628692945632,0.72,1.1,0.061,7.0,151.0,0.993,3.09,0.57,9.5,4,1
10.911491280280266,1.9289663345148287,0.34,12.2,0.05,57.0,146.0,0.9973,3.16,0.37,,6,1
6.0,0.32,0.12,5.9,0.041,34.0,190.0,0.9944,3.16,0.72,,5,1
12.099826724944766,-5.025335868617671,0.34,14.4,0.067,35.0,189.0,0.9986,3.07,0.53,9.1,7,1
7.224098491042618,-0.7952738940657453,0.34,14.4,0.067,35.0,189.0,0.9986,3.07,0.53,,7,1
7.1,0.26,0.34,14.4,0.067,35.0,189.0,0.9986,3.07,0.53,,7,1
7.1,0.26,0.34,14.4,0.067,35.0,189.0,0.9986,3.07,0.53,9.1,7,1
11.413236892360267,0.24,0.26,12.3,0.053,34.0,134.0,0.9972,3.34,0.45,9.5,6,1
6.5,0.21,0.37,2.5,0.048,70.0,138.0,0.9917,3.33,0.75,11.4,7,1
7.7,-2.2690796023007382,0.35,5.3,0.03,30.0,117.0,0.992,3.11,0.42,12.2,6,1
9.0,7.696533369886575,0.35,4.9,0.028,27.0,95.0,0.9932,3.04,0.4,11.3,6,1
7.3,0.34,0.21,3.2,0.05,14.0,136.0,0.9936,3.25,0.44,10.2,5,1
6.6,0.27,0.25,3.1,0.052,41.0,188.0,0.9915,3.24,0.4,11.3,5,1
5.931006350523708,-1.710390271364072,0.16,1.4,0.038,122.5,234.5,0.9922,3.15,0.47,10.0,4,1
7.1,0.4998372179843565,0.26,1.9,0.049,12.0,86.0,0.9934,3.15,0.38,9.4,5,1
6.8,0.6297274068255097,0.34,14.0,0.032,47.0,133.0,0.9952,3.37,0.5,12.2,7,1
7.0,-4.19843487280996,0.1,8.3,0.094,23.0,188.0,0.9972,3.4,0.47,9.2,4,1
7.1,-1.298106231629342,0.26,1.9,0.049,12.0,86.0,0.9934,3.15,0.38,9.4,5,1
10.396302867088917,1.3842995379477654,0.38,7.4,0.052,49.0,182.0,0.9958,3.35,0.52,,6,1
7.8,0.28,0.22,1.4,0.056,24.0,130.0,0.9944,3.28,0.48,9.5,5,1
3.973457009122084,0.4771668257238556,0.37,1.7,0.036,38.0,195.0,0.9908,3.35,0.72,12.5,6,1
7.1,0.17,0.38,7.4,0.052,49.0,182.0,0.9958,3.35,0.52,9.6,6,1
6.1,0.14,0.25,1.3,0.047,37.0,173.0,0.9925,3.35,0.46,10.0,6,1
6.4,0.24,0.5,11.6,0.047,60.0,211.0,0.9966,3.18,0.57,9.3,5,1
7.8,0.42,0.26,9.2,0.058,34.0,199.0,0.9972,3.14,0.55,,6,1
6.6,-6.62123291602381,0.36,1.7,0.038,22.0,101.0,0.9912,3.29,0.57,11.6,6,1
7.1,-1.3809743335138023,0.34,14.5,0.039,46.0,150.0,0.995,3.38,0.5,12.5,8,1
6.7,0.31,0.3,2.1,0.038,18.0,130.0,0.9928,3.36,0.63,10.6,6,1
6.4,3.3824649843406784,0.5,10.7,0.047,57.0,206.0,0.9968,3.08,0.6,9.4,5,1
6.1,2.044668781938805,0.25,6.9,0.056,44.0,201.0,0.9955,3.19,0.4,9.1,6,1
7.160601520589763,3.9441000554756123,0.25,12.0,0.057,48.0,224.0,0.9981,3.23,0.41,9.0,6,1
5.8,0.32,0.38,4.75,0.033,23.0,94.0,0.991,3.42,0.42,11.8,7,1
-1.225079122569337,-2.6369420122698726,0.38,4.75,0.033,23.0,94.0,0.991,3.42,0.42,11.8,7,1
5.7,0.32,0.38,4.75,0.033,23.0,94.0,0.991,3.42,0.42,11.8,7,1
6.7,0.28,0.14,1.4,0.043,64.0,159.0,0.992,3.17,0.39,10.0,5,1
6.8,0.34,0.69,1.3,0.058,12.0,171.0,0.9931,3.06,0.47,9.7,5,1
2.535226965040629,4.092788605837174,0.25,11.3,0.052,30.0,165.0,0.997,3.24,0.44,9.5,6,1
7.800030394242295,0.27,0.32,4.5,0.24,61.0,174.0,0.9948,3.12,0.48,9.4,5,1
8.1,0.46,0.31,1.7,0.052,50.0,183.0,0.9923,3.03,0.42,11.2,5,1
2.26268344339843,0.36,0.26,13.2,0.051,54.0,201.0,0.9976,3.25,0.46,9.0,5,1
8.080848832367554,0.08678185513245476,0.35,5.5,0.043,21.0,114.0,0.9938,3.3,0.53,10.7,7,1
6.8,0.67,0.3,13.0,0.29,22.0,193.0,0.9984,3.08,0.67,,4,1
7.2,0.28,0.3,10.7,0.044,61.0,222.0,0.9972,3.14,0.5,,6,1
9.41937436243709,4.946667502816818,0.37,2.0,0.039,34.0,125.0,0.9922,3.26,0.6,10.8,7,1
5.396039421845166,0.20991330225132004,0.34,1.9,0.043,25.0,136.0,0.9935,3.31,0.6,10.1,4,1
6.1,-5.7824264781429395,0.16,6.4,0.037,36.0,198.0,0.9944,3.17,0.62,9.9,6,1
6.0,2.907763713921432,0.16,6.3,0.036,36.0,191.0,0.9942,3.17,0.62,9.8,5,1
5.9,-0.9605410339239279,0.14,6.3,0.036,34.0,185.0,0.9944,3.17,0.63,9.8,5,1
4.693141132977406,-0.8386888341054515,0.58,17.5,0.041,51.0,225.0,0.9997,3.16,0.66,9.5,6,1
4.877440152435783,-4.019289293209308,0.28,14.7,0.047,49.0,198.0,0.9977,3.23,0.46,9.5,5,1
3.8025630424474435,0.19,0.34,1.0,0.022,22.0,94.0,0.9912,3.23,0.57,11.1,6,1
7.5,0.31,0.51,14.8,0.039,62.0,204.0,0.9982,3.06,0.6,9.5,5,1
7.196359325952247,0.31,0.51,14.8,0.039,62.0,204.0,0.9982,3.06,0.6,,5,1
7.706271874664246,0.31,0.48,14.2,0.042,62.0,204.0,0.9983,3.06,0.59,,5,1
8.4,0.4,0.7,13.1,0.042,29.0,197.0,0.998,3.06,0.64,,5,1
5.9,5.2065984970181285,0.22,2.4,0.03,19.0,135.0,0.9894,3.41,0.78,13.9,7,1
6.6,0.38,0.18,1.2,0.042,20.0,84.0,0.9927,3.22,0.45,10.1,4,1
6.4,-1.2333035214085417,0.28,1.1,0.038,30.0,110.0,0.9917,3.12,0.42,10.5,6,1
5.6,0.25,0.26,3.6,0.037,18.0,115.0,0.9904,3.42,0.5,12.6,6,1
8.6,0.27,0.46,6.1,0.032,13.0,41.0,0.993,2.89,0.34,10.9,5,1
5.281969630709574,0.31,0.21,6.3,0.041,50.0,218.0,0.9941,3.15,0.6,10.0,5,1
7.2,4.9051073247375605,0.45,4.4,0.046,57.0,166.0,0.9943,3.13,0.62,,6,1
7.7,0.2,0.44,13.9,0.05,44.0,130.0,0.99855,3.11,0.48,10.0,6,1
6.2,-0.8237294847785595,0.21,1.0,0.044,13.0,98.0,0.99345,3.14,0.46,9.2,5,1
6.1,-2.533235606447834,0.24,12.1,0.046,51.0,172.0,0.998,3.35,0.45,9.5,5,1
8.2,4.228587522089441,0.43,1.6,0.035,31.0,128.0,0.9916,3.1,0.5,,6,1
13.223077720560465,0.049995752999312026,0.43,1.6,0.035,31.0,128.0,0.9916,3.1,0.5,12.3,6,1
4.2417885409390745,0.31,0.39,7.5,0.04,57.0,213.0,0.99475,3.32,0.43,10.0,5,1
10.174299537765936,0.1992839779345321,0.26,2.7,0.038,39.0,187.0,0.99325,3.41,0.5,10.8,6,1
3.0762822910636594,-3.6348778208493604,0.27,1.7,0.038,41.0,150.0,0.9933,3.49,0.71,10.5,7,1
7.918332709824647,0.42,0.31,9.2,0.048,22.0,221.0,0.9969,3.06,0.61,9.2,6,1
10.549316225644208,0.27,0.41,18.75,0.042,34.0,157.0,1.0002,2.96,0.5,9.1,5,1
6.2,-1.1628700640887686,0.27,1.7,0.038,41.0,150.0,0.9933,3.49,0.71,10.5,7,1
7.4,0.29,0.5,1.8,0.042,35.0,127.0,0.9937,3.45,0.5,10.2,7,1
6.6,0.29,0.44,9.0,0.053,62.0,178.0,0.99685,3.02,0.45,,5,1
9.394071456759953,0.3,0.44,1.5,0.046,15.0,182.0,0.99455,3.5,0.52,10.4,5,1
5.639226306899295,0.31,0.34,1.6,0.032,23.0,128.0,0.9917,3.37,0.47,11.7,6,1
6.6,0.33,0.31,1.3,0.02,29.0,89.0,0.99035,3.26,0.44,12.4,8,1
9.465209160214036,1.5860874708929968,0.4,1.8,0.028,23.0,122.0,0.9914,3.14,0.39,10.9,7,1
7.663537250992679,0.39,0.21,1.2,0.041,35.0,136.0,0.99225,3.15,0.46,10.2,5,1
6.4,-3.6575399812765568,0.31,2.8,0.038,41.0,114.0,0.99155,3.37,0.66,11.7,7,1
5.380182464221781,0.21,0.34,8.0,0.057,19.0,101.0,0.9954,2.99,0.59,9.4,5,1
8.247849811444222,-1.45726308251545,0.31,5.3,0.043,42.0,157.0,0.99455,3.35,0.47,10.5,5,1
6.0,-0.9313393122223728,0.27,0.8,0.185,12.0,188.0,0.9924,3.12,0.62,9.4,5,1
6.5,0.23,0.33,13.8,0.042,25.0,139.0,0.99695,3.35,0.56,10.4,6,1
6.2,0.25,0.48,10.0,0.044,78.0,240.0,0.99655,3.25,0.47,9.5,6,1
14.387476516157118,0.47932241414199384,0.45,6.0,0.022,14.0,49.0,0.9934,3.01,0.33,11.1,7,1
6.6,4.688678936914791,0.3,14.4,0.052,40.0,183.0,0.998,3.02,0.5,,6,1
8.315101995187892,-0.5198593989489521,0.25,9.8,0.04,28.0,191.0,0.9971,3.28,0.61,9.2,5,1
6.4,0.25,0.3,5.5,0.038,15.0,129.0,0.9948,3.14,0.49,,6,1
6.6,0.25,0.3,14.4,0.052,40.0,183.0,0.998,3.02,0.5,9.1,6,1
6.9,-1.6915019872376864,0.25,9.8,0.04,28.0,191.0,0.9971,3.28,0.61,9.2,5,1
8.799069137212012,0.21,0.31,3.8,0.021,40.0,142.0,0.99215,3.17,0.39,10.8,7,1
6.4,0.25,0.3,5.5,0.038,15.0,129.0,0.9948,3.14,0.49,9.6,6,1
8.916464934602123,8.629111896074013,0.4,4.6,0.022,5.0,19.0,0.9915,3.31,0.37,12.6,3,1
1.417070177934579,0.2,0.3,1.5,0.031,21.0,57.0,0.99115,3.44,0.55,11.0,6,1
8.380674019618866,-1.0995560605702894,0.37,2.0,0.03,26.0,136.0,0.9932,3.28,0.61,10.2,6,1
5.9,0.26,0.25,12.5,0.034,38.0,152.0,0.9977,3.33,0.43,9.4,5,1
4.349721275484418,0.38,0.27,7.5,0.041,24.0,160.0,0.99535,3.17,0.43,10.0,5,1
7.4,-0.37197448350758816,1.66,2.1,0.022,34.0,113.0,0.99165,3.26,0.55,12.2,6,1
5.2303391779066,0.21,0.34,8.5,0.033,31.0,253.0,0.9953,3.22,0.56,,6,1
7.2,0.29,0.4,7.6,0.024,56.0,177.0,0.9928,3.04,0.32,11.5,6,1
6.9,0.18,0.38,8.1,0.049,44.0,176.0,0.9958,3.3,0.54,9.8,6,1
13.78582534356551,0.3,0.42,7.35,0.025,51.0,175.0,0.9928,3.04,0.32,11.4,6,1
6.440215171023571,-0.7835391075730977,0.4,7.6,0.024,56.0,177.0,0.9928,3.04,0.32,11.5,6,1
4.679477687117318,-0.6303073033288831,0.5,10.0,0.036,78.0,167.0,0.9964,3.15,0.55,10.2,6,1
6.7,0.2,0.42,14.0,0.038,83.0,160.0,0.9987,3.16,0.5,9.4,6,1
10.457747736704176,0.44326458904788313,0.34,8.5,0.033,31.0,253.0,0.9953,3.22,0.56,,6,1
5.9,3.112389432779824,0.47,2.2,0.11,14.0,138.0,0.9932,3.09,0.5,9.1,5,1
7.1,0.28,0.44,1.8,0.032,32.0,107.0,0.9907,3.25,0.48,12.2,7,1
5.8,1.4619631698202173,0.28,11.1,0.056,45.0,175.0,0.99755,3.42,0.43,9.5,5,1
6.8,0.22,0.37,15.2,0.051,68.0,178.0,0.99935,3.4,0.85,9.3,6,1
7.1,0.14,0.4,1.2,0.051,55.0,136.0,0.9932,3.3,0.96,9.8,7,1
7.1,0.13,0.4,1.2,0.047,54.0,134.0,0.9932,3.3,0.97,9.8,7,1
4.0569689914728695,3.411286690099263,0.38,8.1,0.049,44.0,176.0,0.9958,3.3,0.54,9.8,6,1
7.0,0.2,0.38,8.1,0.05,42.0,173.0,0.99585,3.3,0.54,9.8,6,1
5.4577425674309685,0.24,0.49,19.3,0.057,55.0,247.0,1.00055,3.0,0.56,8.7,5,1
5.0,3.5720860238223,0.04,18.6,0.039,38.0,128.0,0.9985,3.37,0.57,10.2,6,1
6.3,0.3,0.28,5.0,0.042,36.0,168.0,0.99505,3.22,0.69,9.5,6,1
7.2,0.27,0.42,1.6,0.05,35.0,135.0,0.992,2.94,0.46,11.0,6,1
6.7,1.1256563168476286,0.63,13.4,0.078,81.0,238.0,0.9988,3.08,0.44,9.2,5,1
10.547156503958501,1.3289359101913265,0.36,1.6,0.028,7.0,46.0,0.99175,3.21,0.6,10.9,6,1
6.7,0.11,0.34,8.8,0.043,41.0,113.0,0.9962,3.42,0.4,9.3,7,1
6.828302695923878,3.4362100288058683,0.34,8.8,0.043,41.0,113.0,0.9962,3.42,0.4,,7,1
6.8,0.12,0.31,5.2,0.045,29.0,120.0,0.9942,3.41,0.46,9.8,7,1
6.6,0.16,0.57,1.1,0.13,58.0,140.0,0.9927,3.12,0.39,9.3,7,1
1.9152088646204115,-3.1236297840074476,0.6,1.1,0.135,61.0,144.0,0.9927,3.12,0.39,9.3,7,1
7.731968842967857,0.27,0.3,16.7,0.039,49.0,172.0,0.99985,3.4,0.45,9.4,5,1
7.910602353860473,0.27,0.45,10.6,0.035,28.0,124.0,0.997,3.2,0.46,10.4,9,1
11.019554459590736,7.719633606714902,0.48,2.2,0.115,29.0,104.0,0.9918,3.24,0.58,12.1,6,1
6.4814391570976,0.14,0.45,1.5,0.039,18.0,98.0,0.99215,3.02,0.56,11.0,6,1
7.2,0.23,0.19,13.7,0.052,47.0,197.0,0.99865,3.12,0.53,,5,1
6.9,0.22,0.37,15.0,0.053,59.0,178.0,0.9992,3.37,0.82,9.5,7,1
11.253677921177779,0.17,0.44,14.1,0.053,43.0,145.0,1.0006,3.28,0.75,8.8,8,1
6.0,0.395,0.0,1.4,0.042,7.0,55.0,0.99135,3.37,0.38,11.2,4,1
7.8,0.29,0.22,9.5,0.056,44.0,213.0,0.99715,3.08,0.61,,6,1
12.227094097097144,-1.3177553915828204,0.37,15.0,0.053,59.0,178.0,0.9992,3.37,0.82,9.5,7,1
5.547170328565288,-0.8828947647069282,0.44,14.1,0.053,43.0,145.0,1.0006,3.28,0.75,8.8,8,1
6.620360937725422,0.23,0.19,13.7,0.052,47.0,197.0,0.99865,3.12,0.53,9.0,5,1
8.765875822433351,0.3,0.27,10.6,0.039,31.0,119.0,0.99815,3.27,0.3,,6,1
7.7,0.34,0.28,11.0,0.04,31.0,117.0,0.99815,3.27,0.29,9.2,6,1
7.7,0.34,0.28,11.0,0.04,31.0,117.0,0.99815,3.27,0.29,9.2,6,1
3.2279627423374766,0.34,0.16,7.0,0.037,26.0,116.0,0.9949,3.46,0.45,10.0,7,1
7.6,0.3,0.27,10.6,0.039,31.0,119.0,0.99815,3.27,0.3,9.3,6,1
8.510884840123492,0.34,0.28,11.0,0.04,31.0,117.0,0.99815,3.27,0.29,9.2,6,1
5.9,-3.395702924021297,0.3,2.0,0.033,28.0,92.0,0.99225,3.39,0.69,10.9,7,1
6.4,0.46,0.08,4.9,0.046,34.0,144.0,0.99445,3.1,0.56,10.0,5,1
5.225239137482023,0.24,0.3,2.0,0.033,28.0,92.0,0.99225,3.39,0.69,10.9,7,1
6.664797285219905,-3.2264524238631944,0.27,1.4,0.049,38.0,173.0,0.99335,3.03,0.52,9.3,5,1
7.2,3.2321022066692096,0.26,7.3,0.05,37.0,157.0,0.99625,3.09,0.43,9.0,5,1
7.8,7.230579832926756,0.23,8.8,0.054,42.0,215.0,0.9971,3.02,0.58,9.2,6,1
7.046815178124335,0.24,0.33,12.5,0.046,47.0,153.0,0.9983,3.28,0.77,9.6,6,1
5.613794146735693,0.18,0.24,4.8,0.041,30.0,113.0,0.99445,3.42,0.4,9.4,6,1
6.491642307228121,0.18,0.31,1.4,0.036,14.0,75.0,0.99085,3.34,0.58,11.1,8,1
7.8,0.27,0.58,11.2,0.036,44.0,161.0,0.9977,3.06,0.41,8.9,6,1
6.0,-1.4217203324250434,0.49,6.8,0.048,61.0,222.0,0.9953,3.19,0.47,9.3,5,1
6.8,1.4319495843825543,0.35,11.6,0.044,57.0,220.0,0.99775,3.07,0.53,9.3,5,1
6.6,0.21,0.31,11.4,0.039,46.0,165.0,0.99795,3.41,0.44,9.8,7,1
7.3,0.32,0.34,6.6,0.032,24.0,112.0,0.99505,3.22,0.46,,6,1
7.8,0.27,0.58,11.2,0.036,44.0,161.0,0.9977,3.06,0.41,,6,1
4.603520963629648,0.9704997871364893,0.26,13.2,0.046,57.0,205.0,0.9975,3.17,0.41,,5,1
6.2,3.2907336872502757,0.26,13.1,0.046,55.0,204.0,0.99745,3.16,0.41,9.6,6,1
4.33448482695074,7.046143393552194,0.17,12.0,0.046,65.0,246.0,0.9976,3.15,0.38,,6,1
5.844237233525509,0.3,0.26,13.4,0.046,57.0,206.0,0.99775,3.17,0.43,,6,1
6.0,4.842920253944758,0.49,6.8,0.048,61.0,222.0,0.9953,3.19,0.47,9.3,5,1
6.0,0.41,0.05,1.5,0.063,17.0,120.0,0.9932,3.21,0.56,9.2,6,1
6.4,0.35,0.28,1.1,0.055,9.0,160.0,0.99405,3.42,0.5,9.1,7,1
6.5,0.26,0.32,16.5,0.045,44.0,166.0,1.0,3.38,0.46,9.5,6,1
7.9,-0.3659778429422422,0.24,15.6,0.072,44.0,229.0,0.99785,3.03,0.59,,6,1
6.2,1.8863029071289052,0.17,2.8,0.04,24.0,125.0,0.9939,3.01,0.46,9.0,5,1
8.265727076292615,0.18,0.42,5.1,0.036,7.0,77.0,0.9939,3.16,0.52,11.7,5,1
5.28345198016015,0.56,0.22,8.9,0.034,27.0,133.0,0.99675,3.2,0.51,9.1,5,1
6.2,2.1841735282266797,0.17,2.8,0.04,24.0,125.0,0.9939,3.01,0.46,9.0,5,1
7.571818926258055,0.56,0.22,8.9,0.034,27.0,133.0,0.99675,3.2,0.51,9.1,5,1
6.6,0.2997281064971411,0.29,1.6,0.021,24.0,85.0,0.98965,3.41,0.61,12.4,9,1
1.8557147539744099,-2.632808400490192,0.2,10.2,0.071,28.0,212.0,0.9971,2.96,0.58,,6,1
4.608601223273145,0.18,0.21,5.4,0.053,34.0,104.0,0.99445,3.3,0.43,,5,1
6.7,-2.2063286556890644,0.23,6.2,0.047,36.0,117.0,0.9945,3.34,0.43,9.6,6,1
7.560216521391437,3.6244579527876453,0.42,5.1,0.036,7.0,77.0,0.9939,3.16,0.52,11.7,5,1
7.0,0.21,0.37,7.2,0.042,36.0,167.0,0.9958,3.26,0.56,9.8,6,1
6.8,4.003923987466149,0.38,8.1,0.046,24.0,155.0,0.9956,3.33,0.59,,6,1
4.831654438908186,-0.3827020945175603,0.36,2.0,0.031,27.0,139.0,0.99055,3.28,0.48,12.5,9,1
7.1,0.9431661821802635,0.36,10.7,0.044,20.0,90.0,0.9959,3.16,0.44,10.9,7,1
7.1,3.7517914639889316,0.36,1.2,0.043,21.0,90.0,0.9925,3.16,0.42,,7,1
7.3,0.205,0.31,1.7,0.06,34.0,110.0,0.9963,3.72,0.69,,6,1
7.4,-4.942806616099896,0.4,5.5,0.037,34.0,161.0,0.9935,3.05,0.62,11.5,4,1
7.3,0.3,0.34,2.7,0.044,34.0,108.0,0.99105,3.36,0.53,,8,1
6.9,0.25,0.34,1.3,0.035,27.0,82.0,0.99045,3.18,0.44,12.2,6,1
12.187594044426675,-1.134057292516569,0.31,1.7,0.06,34.0,110.0,0.9963,3.72,0.69,10.5,6,1
7.5,6.473614144447932,0.34,4.3,0.04,34.0,108.0,0.99155,3.14,0.45,12.8,8,1
7.3,1.1479231486099515,0.36,2.1,0.034,30.0,177.0,0.99085,3.25,0.4,11.9,8,1
7.3,-3.137648254110303,0.36,2.1,0.034,30.0,177.0,0.99085,3.25,0.4,11.9,8,1
7.3,0.6018468807211429,0.36,2.1,0.034,30.0,177.0,0.99085,3.25,0.4,11.9,8,1
7.5,0.34,0.35,6.0,0.034,12.0,126.0,0.9924,3.16,0.39,12.0,7,1
7.6,3.3943067768048287,0.35,6.3,0.036,12.0,126.0,0.9924,3.16,0.39,12.0,7,1
8.7,0.23,0.32,13.4,0.044,35.0,169.0,0.99975,3.12,0.47,8.8,7,1
8.756585540174854,0.23,0.32,13.4,0.044,35.0,169.0,0.99975,3.12,0.47,8.8,7,1
7.430309034677711,0.19,0.35,1.7,0.036,33.0,101.0,0.99315,3.21,0.54,10.8,7,1
7.3,-7.429598811985746,0.29,1.6,0.034,29.0,118.0,0.9917,3.3,0.5,11.0,8,1
7.3,0.738857451573278,0.29,1.6,0.034,29.0,118.0,0.9917,3.3,0.5,11.0,8,1
6.6,0.22,0.37,15.4,0.035,62.0,153.0,0.99845,3.02,0.4,9.3,5,1
7.7503078761036175,-0.7772436637774627,0.27,1.2,0.026,17.0,73.0,0.9921,3.08,0.39,10.8,5,1
8.7,0.23,0.32,13.4,0.044,35.0,169.0,0.99975,3.12,0.47,8.8,7,1
6.0,0.2,0.24,1.8,0.03,30.0,105.0,0.9909,3.31,0.47,11.5,6,1
6.9,0.19,0.35,1.7,0.036,33.0,101.0,0.99315,3.21,0.54,10.8,7,1
8.2,-4.5459943793108435,0.49,13.6,0.042,58.0,166.0,0.99855,3.1,0.54,9.4,5,1
6.9,0.42578176539092716,0.36,1.3,0.036,40.0,117.0,0.9934,3.27,0.95,9.5,7,1
7.7,0.34,0.58,11.1,0.039,41.0,151.0,0.9978,3.06,0.49,8.6,5,1
6.9,0.18,0.36,1.3,0.036,40.0,117.0,0.9934,3.27,0.95,9.5,7,1
7.4,0.2,0.35,2.1,0.038,30.0,116.0,0.9949,3.49,0.77,10.3,7,1
8.2,0.38,0.49,13.6,0.042,58.0,166.0,0.99855,3.1,0.54,,5,1
8.2,0.4,0.48,13.7,0.042,59.0,169.0,0.9986,3.1,0.52,9.4,5,1
6.652663238881117,0.22,0.39,10.2,0.038,60.0,149.0,0.99725,3.17,0.54,10.0,7,1
2.9542396070917976,0.3,0.3,4.8,0.17,60.0,166.0,0.9946,3.18,0.47,,5,1
8.1,-0.1394406952813435,0.35,1.7,0.03,38.0,103.0,0.99255,3.22,0.63,10.4,8,1
7.3,0.25,0.42,14.2,0.041,57.0,182.0,0.9996,3.29,0.75,9.1,7,1
4.8,0.34,0.0,6.5,0.028,33.0,163.0,0.9939,3.36,0.61,,6,1
5.69054889171478,0.28,0.33,1.7,0.029,24.0,111.0,0.99,3.24,0.5,12.1,6,1
4.8,0.2577292434070832,0.0,6.5,0.028,34.0,163.0,0.9937,3.35,0.61,9.9,5,1
3.288974714212732,0.27,0.33,2.2,0.021,26.0,117.0,0.9886,3.12,0.3,12.5,6,1
6.9,-0.8647818607342885,0.36,1.3,0.036,40.0,117.0,0.9934,3.27,0.95,9.5,7,1
7.8,-2.88401265586242,0.46,12.6,0.042,41.0,143.0,1.0,3.24,0.76,8.5,8,1
7.3,0.28,0.42,14.4,0.04,49.0,173.0,0.9994,3.28,0.82,9.0,7,1
7.3,0.24,0.29,1.2,0.037,37.0,97.0,0.9926,3.19,0.7,10.1,6,1
5.167789245731512,0.45,0.65,9.7,0.08,11.0,159.0,0.9956,3.04,0.48,,5,1
7.7,0.34,0.58,11.1,0.039,41.0,151.0,0.9978,3.06,0.49,,5,1
6.3,0.26,0.21,4.0,0.03,24.0,125.0,0.9915,3.06,0.34,10.7,6,1
10.3,-4.19440850079474,0.47,1.4,0.037,5.0,33.0,0.9939,2.89,0.28,9.6,3,1
7.7,0.15,0.29,1.3,0.029,10.0,64.0,0.9932,3.35,0.39,,5,1
-0.5797496989074915,-1.8620698208238737,0.32,2.2,0.037,28.0,141.0,0.993,3.2,0.57,10.0,7,1
3.5159903746694234,0.36,0.34,4.2,0.018,57.0,119.0,0.9898,3.28,0.36,12.7,9,1
10.391779213543,2.8577563422281935,0.34,1.6,0.119,33.0,104.0,0.9921,3.19,0.38,10.2,6,1
8.691193247322627,0.16,0.54,1.4,0.126,37.0,110.0,0.9932,3.23,0.37,8.9,6,1
10.857118007745694,0.12,0.36,2.2,0.037,18.0,111.0,0.9919,3.41,0.82,11.9,8,1
7.1,0.21,0.32,2.2,0.037,28.0,141.0,0.993,3.2,0.57,10.0,7,1
8.8,1.059210881180236,0.44,1.9,0.04,9.0,121.0,0.9953,3.19,0.48,9.9,6,1
11.56316380901277,0.05248001166022945,0.43,6.0,0.022,22.0,125.0,0.9928,3.13,0.55,11.5,6,1
9.418962272493433,0.26,0.43,6.0,0.022,22.0,125.0,0.9928,3.13,0.55,,6,1
5.441393943862595,0.23,0.29,12.2,0.035,38.0,236.0,0.9976,3.35,0.52,9.8,6,1
6.1,0.34,0.27,2.6,0.024,20.0,105.0,0.9906,3.4,0.67,12.2,7,1
4.188247161203131,0.26,0.31,1.6,0.04,39.0,173.0,0.9918,3.19,0.51,11.4,6,1
6.5,0.3,0.32,2.0,0.044,34.0,90.0,0.99185,3.37,0.68,11.0,7,1
7.3,0.26,0.31,1.6,0.04,39.0,173.0,0.9918,3.19,0.51,11.4,6,1
9.94023381634909,0.3,0.32,2.0,0.044,34.0,90.0,0.99185,3.37,0.68,11.0,7,1
5.0,0.31,0.0,6.4,0.046,43.0,166.0,0.994,3.3,0.63,9.9,6,1
5.8,0.26,0.18,1.2,0.031,40.0,114.0,0.9908,3.42,0.4,11.0,7,1
5.9,0.26,0.3,1.0,0.036,38.0,114.0,0.9928,3.58,0.48,9.4,5,1
7.193703923162172,-2.8093044472144686,0.29,1.4,0.037,33.0,128.0,0.9896,3.12,0.36,,7,1
5.8,-0.8617447985626332,0.18,1.2,0.031,40.0,114.0,0.9908,3.42,0.4,,7,1
5.6,2.4014726750716373,0.39,1.1,0.043,17.0,67.0,0.9918,3.23,0.53,10.3,6,1
6.8,0.18,0.28,8.7,0.047,52.0,242.0,0.9952,3.22,0.53,,6,1
7.0,0.29,0.26,1.6,0.044,12.0,87.0,0.9923,3.08,0.46,10.5,6,1
14.08206844914572,1.7743512874564722,0.29,1.4,0.039,13.0,67.0,0.9915,3.05,0.49,10.9,6,1
6.8,0.18,0.28,8.5,0.047,52.0,242.0,0.9952,3.22,0.53,10.5,6,1
6.6,0.2,0.38,7.9,0.052,30.0,145.0,0.9947,3.32,0.56,11.0,7,1
6.904706071967738,0.29,0.29,13.2,0.046,26.0,113.0,0.9983,3.25,0.37,9.7,6,1
6.1,0.28,0.35,12.8,0.048,63.0,229.0,0.9975,3.08,0.4,8.9,5,1
5.9,0.31,0.3,7.7,0.047,60.0,206.0,0.995,3.2,0.39,,6,1
6.9,0.21,0.28,2.4,0.056,49.0,159.0,0.9944,3.02,0.47,8.8,8,1
14.31868756434144,-1.241596609318146,0.42,1.6,0.047,9.0,101.0,0.994,3.06,0.65,11.1,4,1
7.829624627912735,-7.564206454403406,0.45,1.3,0.048,8.0,72.0,0.9944,3.08,0.61,10.3,4,1
7.1,0.25,0.39,2.1,0.036,30.0,124.0,0.9908,3.28,0.43,12.2,8,1
8.0,0.23,0.37,9.6,0.054,23.0,159.0,0.99795,3.32,0.47,9.8,4,1
7.5,-1.7845428904847445,0.31,13.0,0.049,46.0,217.0,0.9985,3.08,0.53,8.8,5,1
6.3,0.33,0.2,5.8,0.04,24.0,144.0,0.99425,3.15,0.63,,5,1
6.2,-1.118083552831913,0.19,5.6,0.042,22.0,143.0,0.99425,3.15,0.63,9.9,5,1
6.3,-2.3813178131082853,0.19,5.8,0.041,22.0,145.0,0.9943,3.15,0.63,9.9,5,1
9.808145791776102,-0.9495273494191152,0.05,0.8,0.038,11.0,30.0,0.9924,3.36,0.35,9.2,5,1
13.090075211697364,0.32,0.26,1.2,0.05,11.5,88.0,0.9946,3.24,0.37,9.5,4,1
2.5311502154578625,0.29,0.05,0.8,0.038,11.0,30.0,0.9924,3.36,0.35,9.2,5,1
7.4,0.13,0.39,4.7,0.042,36.0,137.0,0.995,3.36,0.56,10.3,7,1
6.245005765127394,0.3,0.32,1.6,0.037,23.0,124.0,0.9919,2.93,0.33,11.0,6,1
3.9010623229044077,0.24,0.34,1.4,0.031,27.0,107.0,0.99,3.06,0.39,,6,1
8.6,2.6296503845856547,0.4,1.1,0.04,20.0,107.0,0.9923,2.94,0.32,10.2,7,1
3.3101665352253296,0.11,0.32,4.6,0.057,59.0,144.0,0.9956,3.55,0.44,,7,1
9.70120055157485,0.20811064113045716,0.62,10.6,0.036,56.0,153.0,0.9978,3.13,0.44,,6,1
7.7,0.32,0.62,10.6,0.036,56.0,153.0,0.9978,3.13,0.44,8.9,6,1
5.910114889252935,3.229088143714825,0.27,12.9,0.044,69.0,215.0,0.9967,3.17,0.43,10.0,6,1
7.9,0.28,0.41,2.0,0.044,50.0,152.0,0.9934,3.45,0.49,,8,1
6.3,0.27,0.23,2.9,0.047,13.0,100.0,0.9936,3.28,0.43,,5,1
5.557098969570409,-3.9301162569362136,0.1,2.8,0.042,26.0,80.0,0.9932,3.36,0.38,,5,1
6.7,0.25,0.33,2.9,0.057,52.0,173.0,0.9934,3.02,0.48,9.5,7,1
6.5,0.25,0.35,12.0,0.055,47.0,179.0,0.998,3.58,0.47,10.0,5,1
6.1,0.36,0.58,15.0,0.044,42.0,115.0,0.9978,3.15,0.51,,5,1
7.7,-0.7451921738648312,0.52,5.9,0.017,21.0,84.0,0.9929,3.14,0.4,11.9,7,1
6.4,-5.557066332535001,0.43,12.6,0.033,64.0,230.0,0.9974,3.08,0.38,8.9,5,1
6.5,-1.019732589510545,0.28,12.5,0.046,80.0,225.0,0.99685,3.18,0.41,10.0,6,1
5.9,0.29,0.33,7.4,0.037,58.0,205.0,0.99495,3.26,0.41,9.6,5,1
7.86871740491984,0.28,0.43,13.0,0.039,64.0,233.0,0.99745,3.08,0.38,8.9,5,1
6.1,-2.86697236589302,0.44,6.7,0.041,61.0,230.0,0.99505,3.12,0.4,8.9,5,1
6.4,0.43,0.32,1.4,0.048,10.0,67.0,0.992,3.08,0.41,11.4,5,1
6.1,0.36,0.58,15.0,0.044,42.0,115.0,0.9978,3.15,0.51,9.0,5,1
0.6278394988552565,0.35,0.29,7.3,0.044,56.0,244.0,0.9956,3.36,0.55,10.0,6,1
11.560298011871165,4.083758500285146,0.29,15.3,0.044,39.0,194.0,0.9982,3.06,0.47,9.6,7,1
6.2,0.34,0.28,7.5,0.034,40.0,197.0,0.99485,3.14,0.6,9.7,5,1
6.3,0.27,0.46,11.75,0.037,61.0,212.0,0.9971,3.25,0.53,9.5,6,1
5.4,1.6441360175305177,0.19,1.6,0.039,27.0,88.0,0.99265,3.54,0.41,10.0,7,1
5.8527175099802475,3.5244884867790414,0.36,3.5,0.03,31.0,135.0,0.9904,3.14,0.38,12.2,7,1
8.097203918713571,-1.108043475818789,0.33,8.0,0.051,16.0,131.0,0.9965,3.28,0.44,8.7,7,1
6.7,0.15,0.29,5.0,0.058,28.0,105.0,0.9946,3.52,0.44,,7,1
10.062138517685641,0.345,1.0,18.2,0.047,55.0,205.0,0.99965,2.96,0.43,9.6,5,1
8.5,0.16,0.35,1.6,0.039,24.0,147.0,0.9935,2.96,0.36,10.0,5,1
10.912389682291522,-2.3541542913499294,0.25,3.2,0.048,10.0,57.0,0.996,3.36,0.52,9.5,4,1
6.985427836650899,0.25,0.39,6.4,0.034,8.0,84.0,0.9942,3.18,0.46,11.5,5,1
1.2290876228712069,-2.809688983615316,0.26,1.9,0.043,15.0,134.0,0.9936,3.08,0.38,9.5,5,1
7.6,0.22,0.34,9.7,0.035,26.0,143.0,0.9965,3.08,0.49,9.8,6,1
6.5,0.966317842312573,0.33,1.4,0.028,14.0,99.0,0.9928,3.23,0.55,10.1,6,1
8.2,0.23,0.37,1.3,0.042,39.0,117.0,0.9928,2.99,0.36,10.0,5,1
7.6,0.22,0.34,9.7,0.035,26.0,143.0,0.9965,3.08,0.49,,6,1
7.771382840360682,0.345,0.26,1.9,0.043,15.0,134.0,0.9936,3.08,0.38,9.5,5,1
7.5,0.32,0.26,1.8,0.042,13.0,133.0,0.9938,3.07,0.38,9.5,5,1
7.202120574484803,5.660484482580273,0.32,0.9,0.041,25.0,79.0,0.9926,3.39,0.54,10.2,7,1
3.4972174225796477,0.2,0.32,1.1,0.039,25.0,78.0,0.9926,3.39,0.54,10.2,7,1
7.3,0.24,0.34,15.4,0.05,38.0,174.0,0.9983,3.03,0.42,9.0,6,1
7.742471963298816,0.24,0.34,15.4,0.05,38.0,174.0,0.9983,3.03,0.42,9.0,6,1
8.0,0.42,0.36,5.0,0.037,34.0,101.0,0.992,3.13,0.57,,7,1
7.3,1.477146876061464,0.34,15.4,0.05,38.0,174.0,0.9983,3.03,0.42,9.0,6,1
6.1,0.19,0.25,4.0,0.023,23.0,112.0,0.9923,3.37,0.51,11.6,6,1
5.9,0.26,0.21,12.5,0.034,36.0,152.0,0.9972,3.28,0.43,,6,1
8.3,-0.894303187862749,0.43,3.2,0.035,14.0,101.0,0.9928,3.15,0.36,11.5,5,1
5.416944695821124,-0.22631256537975125,0.28,1.8,0.041,43.0,188.0,0.9928,3.13,0.37,9.6,6,1
2.7717381521524684,0.12609900474460728,0.35,17.5,0.039,38.0,153.0,0.9994,3.24,0.42,,6,1
8.514454685027852,0.08,0.33,1.9,0.028,23.0,93.0,0.991,3.34,0.7,12.0,7,1
5.5,0.42,0.09,1.6,0.019,18.0,68.0,0.9906,3.33,0.51,11.4,7,1
5.1,6.499927680534478,0.01,1.5,0.017,25.0,102.0,0.9894,3.38,0.36,12.3,7,1
4.308824547306612,0.27,0.19,1.7,0.02,24.0,110.0,0.9898,3.32,0.47,12.6,7,1
6.8,0.22,0.35,17.5,0.039,38.0,153.0,0.9994,3.24,0.42,,6,1
6.5,0.08,0.33,1.9,0.028,23.0,93.0,0.991,3.34,0.7,12.0,7,1
7.1,0.13,0.38,1.8,0.046,14.0,114.0,0.9925,3.32,0.9,11.7,6,1
7.6,0.3,0.25,4.3,0.054,22.0,111.0,0.9956,3.12,0.49,9.2,5,1
6.6,3.8308256975046477,0.3,4.9,0.058,47.0,131.0,0.9946,3.51,0.45,10.3,6,1
6.5,0.9198770124510968,0.33,7.6,0.05,53.0,189.0,0.9966,3.25,0.49,8.6,5,1
7.7,0.28,0.33,6.7,0.037,32.0,155.0,0.9951,3.39,0.62,10.7,7,1
4.780862355788793,0.2,0.71,1.6,0.15,10.0,54.0,0.9927,3.12,0.47,,5,1
6.0,0.19,0.71,1.5,0.152,9.0,55.0,0.9927,3.12,0.46,,6,1
6.312263458138746,0.6091959034183188,0.33,6.7,0.037,32.0,155.0,0.9951,3.39,0.62,10.7,7,1
5.1,1.288060171109628,0.21,1.7,0.027,15.0,72.0,0.9894,3.5,0.45,12.5,6,1
9.40643579239244,0.36,0.34,4.2,0.026,21.0,77.0,0.9907,3.41,0.45,,6,1
6.777251514679824,1.67282700784923,0.33,1.6,0.043,63.0,149.0,0.9925,3.44,0.52,10.8,5,1
6.237299461637464,0.41,0.21,1.9,0.05,29.0,122.0,0.9928,3.42,0.52,10.5,6,1
7.4,0.28,0.3,5.3,0.054,44.0,161.0,0.9941,3.12,0.48,10.3,6,1
6.078091536840809,-0.9395938589267872,0.3,5.2,0.053,45.0,163.0,0.9941,3.12,0.45,10.3,6,1
8.288600466764716,-2.3422368421299096,0.33,1.6,0.043,63.0,149.0,0.9925,3.44,0.52,10.8,5,1
7.7,3.3766607816645964,0.39,8.9,0.036,8.0,117.0,0.9935,3.06,0.38,12.0,7,1
8.6,0.16,0.38,3.4,0.04,41.0,143.0,0.9932,2.95,0.39,10.2,6,1
8.2,0.32594819171595096,0.44,1.3,0.046,7.0,69.0,0.9944,3.14,0.62,,4,1
6.5,0.25,0.27,15.2,0.049,75.0,217.0,0.9972,3.19,0.39,9.9,5,1
7.0,3.0861838074449057,0.18,1.3,0.046,9.0,62.0,0.994,3.38,0.47,10.1,4,1
12.647954145352015,5.118476246329328,0.36,1.8,0.04,24.0,187.0,0.9956,3.25,0.55,9.5,6,1
9.743582452459519,1.8318442022986803,0.34,1.6,0.046,27.0,154.0,0.9927,3.05,0.45,10.5,6,1
6.0,1.335645438710211,0.34,1.3,0.046,6.0,29.0,0.9924,3.29,0.63,10.4,5,1
8.160600884004568,9.840728941551193,0.27,9.8,0.062,33.0,152.0,0.9966,3.31,0.47,9.5,6,1
8.0,0.24,0.3,17.45,0.056,43.0,184.0,0.9997,3.05,0.5,,6,1
7.6,0.8310603848394535,0.6,2.1,0.046,47.0,165.0,0.9936,3.05,0.54,10.1,7,1
8.0,0.19,0.36,1.8,0.05,16.0,84.0,0.9936,3.15,0.45,9.8,7,1
6.4,0.28,0.41,6.8,0.045,61.0,216.0,0.9952,3.09,0.46,9.4,5,1
6.4,0.28,0.43,7.1,0.045,60.0,221.0,0.9952,3.09,0.45,9.4,6,1
6.9,0.24,0.39,1.3,0.063,18.0,136.0,0.9928,3.31,0.48,10.4,7,1
5.8,-2.911640423539045,0.26,3.3,0.038,40.0,153.0,0.9911,3.34,0.55,11.3,6,1
8.418690617653036,0.18,0.28,3.3,0.044,18.0,91.0,0.993,3.42,0.64,10.8,6,1
1.6592720700665105,-0.4836756965159621,0.26,3.3,0.038,40.0,153.0,0.9911,3.34,0.55,11.3,6,1
5.1,0.52,0.06,2.7,0.052,30.0,79.0,0.9932,3.32,0.43,9.3,5,1
3.9716435049025844,4.875054135236624,0.37,1.2,0.059,45.0,199.0,0.993,3.37,0.55,10.3,7,1
8.3,0.15,0.39,1.3,0.055,32.0,146.0,0.993,3.08,0.39,10.5,6,1
6.985037819202621,0.16,0.44,1.4,0.043,25.0,109.0,0.9932,3.11,0.75,,6,1
7.7,0.16,0.41,1.7,0.048,60.0,173.0,0.9932,3.24,0.66,,7,1
8.3,-3.7225020508401396,0.48,1.7,0.057,31.0,98.0,0.9943,3.15,0.41,10.3,6,1
6.2,0.25,0.47,11.6,0.048,62.0,210.0,0.9968,3.19,0.5,9.5,5,1
6.1,0.16,0.27,12.6,0.064,63.0,162.0,0.9994,3.66,0.43,8.9,5,1
5.422407872520322,0.39,0.22,2.8,0.036,19.0,113.0,0.9926,3.03,0.29,,5,1
6.8,-1.887378812458941,0.47,11.2,0.071,44.0,136.0,0.9968,2.98,0.88,9.2,5,1
4.4063889257320055,3.479280417905552,0.44,1.4,0.043,25.0,109.0,0.9932,3.11,0.75,10.3,6,1
7.1,-0.6348619275391023,0.42,1.4,0.045,47.0,157.0,0.9916,2.95,0.31,,6,1
8.3,0.14,0.26,1.5,0.049,56.0,189.0,0.9946,3.21,0.62,9.5,6,1
8.6,0.2,0.42,1.5,0.041,35.0,125.0,0.9925,3.11,0.49,11.4,7,1
8.6,0.2,0.42,1.5,0.041,35.0,125.0,0.9925,3.11,0.49,11.4,7,1
6.8,0.19,0.32,7.05,0.019,54.0,188.0,0.9935,3.25,0.37,11.1,8,1
1.983472777388278,0.19,0.38,10.6,0.06,48.0,174.0,0.9962,3.13,0.38,10.5,6,1
6.8,0.34,0.74,2.8,0.088,23.0,185.0,0.9928,3.51,0.7,12.0,6,1
6.2,0.15,0.46,1.6,0.039,38.0,123.0,0.993,3.38,0.51,,6,1
6.6,0.14,0.44,1.6,0.042,47.0,140.0,0.993,3.32,0.51,10.2,6,1
8.0,0.21926263907051458,0.17,8.2,0.04,13.0,60.0,0.9956,3.09,0.3,9.5,4,1
2.9604123605975765,0.24,0.35,1.5,0.052,51.0,128.0,0.9941,3.41,0.59,10.4,7,1
5.530423327972199,0.6,0.44,11.0,0.05,50.0,245.0,0.9972,3.19,0.57,9.3,4,1
6.891720899543346,0.2,0.41,2.1,0.054,24.0,166.0,0.9948,3.48,0.62,10.5,6,1
3.8208386716082736,0.34,0.29,7.6,0.047,45.0,232.0,0.9955,3.35,0.62,,6,1
7.1,0.3,0.36,6.8,0.055,44.5,234.0,0.9972,3.49,0.64,10.2,6,1
7.1,0.3,0.36,6.8,0.055,44.5,234.0,0.9972,3.49,0.64,10.2,6,1
7.9,0.64,0.46,10.6,0.244,33.0,227.0,0.9983,2.87,0.74,9.1,3,1
8.8,0.17,0.38,1.8,0.04,39.0,148.0,0.9942,3.16,0.67,10.2,6,1
7.5,3.3901184603918884,0.37,1.5,0.06,18.0,75.0,0.9936,3.54,0.88,10.7,5,1
7.1,-1.6804635269618824,0.24,6.0,0.044,11.0,77.0,0.9956,3.21,0.56,9.7,5,1
7.336775638049677,0.15,0.34,5.3,0.034,33.0,104.0,0.9953,3.37,0.52,,7,1
7.5,0.17,0.34,1.4,0.035,13.0,102.0,0.9918,3.05,0.74,11.0,5,1
6.89849907727487,-3.7258073545661845,0.3,2.1,0.047,17.0,138.0,0.995,3.22,0.71,10.8,4,1
7.7,0.275,0.3,1.0,0.039,19.0,75.0,0.992,3.01,0.56,10.7,5,1
7.3,0.49,0.32,5.2,0.043,18.0,104.0,0.9952,3.24,0.45,10.7,4,1
7.5,0.33,0.48,19.45,0.048,55.0,243.0,1.001,2.95,0.4,8.8,5,1
7.2,-3.956657912587608,0.37,1.6,0.049,23.0,94.0,0.9924,3.16,0.48,10.9,7,1
10.571720762121544,0.15,0.4,2.0,0.05,24.0,92.0,0.9932,3.14,0.45,10.5,5,1
6.5,1.9353413302288656,0.1,1.3,0.046,23.0,107.0,0.9937,3.29,0.45,10.0,5,1
7.0,1.0873962814923837,0.52,1.7,0.029,5.0,61.0,0.9918,3.07,0.43,10.4,5,1
8.3,-1.67769953983799,0.38,1.1,0.038,15.0,75.0,0.9934,3.03,0.43,9.2,5,1
6.1,-3.106374862421402,0.36,4.7,0.035,36.0,116.0,0.991,3.31,0.62,12.6,6,1
7.3,-0.5717193754466017,0.34,7.5,0.048,29.0,152.0,0.9962,3.1,0.54,9.0,5,1
6.9,0.21,0.81,1.1,0.137,52.0,123.0,0.9932,3.03,0.39,,6,1
7.6,0.29,0.42,1.3,0.035,18.0,86.0,0.9908,2.99,0.39,11.3,5,1
9.4,3.6395518587514166,0.55,2.2,0.05,17.0,119.0,0.9962,3.12,0.69,10.3,4,1
7.0,0.31,0.52,1.7,0.029,5.0,61.0,0.9918,3.07,0.43,,5,1
8.6,0.26,0.41,2.2,0.049,29.0,111.0,0.9941,2.96,0.44,10.0,5,1
7.5,0.21,0.34,1.2,0.06,26.0,111.0,0.9931,3.51,0.47,10.7,6,1
6.715122707925488,0.51,0.24,10.0,0.093,35.0,197.0,0.9981,3.41,0.47,9.0,5,1
7.5,-2.2974538614877678,0.34,1.2,0.06,26.0,111.0,0.9931,3.51,0.47,10.7,6,1
7.388992644205146,0.3,0.2,1.1,0.077,48.0,166.0,0.9944,3.3,0.54,8.7,4,1
8.609641286884077,0.26,0.36,2.0,0.054,30.0,121.0,0.992,3.09,0.72,11.6,7,1
7.0,0.21,0.28,7.5,0.07,45.0,185.0,0.9966,3.34,0.55,9.4,5,1
2.493786882267835,0.26,0.26,4.0,0.079,35.5,216.0,0.9956,3.31,0.68,9.5,5,1
6.428025472788474,0.26,0.26,4.1,0.073,36.0,202.0,0.9956,3.3,0.67,9.5,5,1
4.393127702013949,0.26,0.37,1.9,0.072,48.0,159.0,0.9949,3.37,0.7,10.9,6,1
8.3,0.22,0.38,14.8,0.054,32.0,126.0,1.0002,3.22,0.5,9.7,5,1
6.4,0.3,0.51,5.5,0.048,62.0,172.0,0.9942,3.08,0.45,9.1,6,1
7.5,-1.7980520658576868,0.34,2.6,0.037,33.0,125.0,0.9923,3.1,0.49,11.1,7,1
8.475637485349237,-3.2415647020391365,0.44,6.35,0.024,9.0,87.0,0.9917,2.96,0.4,12.6,7,1
6.9,-0.9022386673065141,0.36,1.5,0.031,38.0,147.0,0.9931,3.35,0.56,11.0,6,1
8.0,1.3842369721497398,0.32,1.6,0.04,32.0,166.0,0.992,3.0,0.55,11.3,7,1
8.3,6.565507471129271,0.38,14.8,0.054,32.0,126.0,1.0002,3.22,0.5,9.7,5,1
8.2,0.29,0.33,9.1,0.036,28.0,118.0,0.9953,2.96,0.4,10.9,7,1
5.464607548307932,0.9933445384598114,0.3,8.0,0.048,25.0,192.0,0.9951,2.97,0.47,10.9,5,1
6.2,0.3889656842889424,0.45,12.0,0.049,27.0,186.0,0.9974,3.17,0.5,9.3,6,1
6.4,2.988809817955394,0.19,3.2,0.033,28.0,124.0,0.9904,3.22,0.54,12.7,7,1
7.5,0.28,0.33,7.7,0.048,42.0,180.0,0.9974,3.37,0.59,10.1,6,1
7.8,0.26,0.44,1.3,0.037,43.0,132.0,0.9944,3.18,0.65,10.0,5,1
6.5,0.26,0.34,16.3,0.051,56.0,197.0,1.0004,3.49,0.42,9.8,5,1
6.3,0.34,0.29,6.2,0.046,29.0,227.0,0.9952,3.29,0.53,10.1,6,1
7.9458891004544245,0.15,0.33,4.7,0.059,31.0,118.0,0.9956,3.43,0.39,9.0,7,1
6.3,0.27,0.25,5.8,0.038,52.0,155.0,0.995,3.28,0.38,9.4,6,1
6.3,0.27,0.25,5.8,0.038,52.0,155.0,0.995,3.28,0.38,9.4,6,1
3.3729369876013964,2.288646655490733,0.37,16.95,0.048,43.0,190.0,0.9995,3.03,0.42,9.2,6,1
6.3,0.23,0.21,5.1,0.035,29.0,142.0,0.9942,3.36,0.33,,7,1
7.344105475838312,-1.422982443100049,0.69,10.2,0.041,58.0,160.0,0.9977,3.06,0.45,8.6,5,1
5.2,0.24,0.45,3.8,0.027,21.0,128.0,0.992,3.55,0.49,11.2,8,1
8.717246747689583,7.14618022029023,0.32,1.3,0.037,39.0,123.0,0.992,3.17,0.42,11.2,8,1
7.4,0.1268499431181412,0.37,16.95,0.048,43.0,190.0,0.9995,3.03,0.42,9.2,6,1
9.722786707926986,0.8791259610673866,0.33,4.0,0.034,17.0,127.0,0.9934,3.19,0.39,10.6,7,1
8.3,0.21,0.58,17.1,0.049,62.0,213.0,1.0006,3.01,0.51,9.3,6,1
7.2,0.21,0.35,14.5,0.048,35.0,178.0,0.9982,3.05,0.47,8.9,6,1
4.807496726347331,1.8640457618583959,0.4,1.2,0.069,24.0,156.0,0.9928,3.42,0.43,10.6,6,1
8.4,0.17,0.31,6.7,0.038,29.0,132.0,0.9945,3.1,0.32,10.6,7,1
7.4,1.2776171028388599,0.31,8.4,0.045,52.0,183.0,0.9963,3.09,0.32,,5,1
5.3,0.24,0.33,1.3,0.033,25.0,97.0,0.9906,3.59,0.38,11.0,8,1
6.553252916621525,4.85619300662377,0.26,8.8,0.04,44.0,139.0,0.9956,3.32,0.37,10.2,6,1
6.3,-1.5397262173899082,0.21,5.1,0.035,29.0,142.0,0.9942,3.36,0.33,,7,1
7.052440918734721,0.29,0.25,10.6,0.039,32.0,120.0,0.9962,3.31,0.34,10.1,6,1
10.441378838628303,0.29,0.21,2.6,0.025,12.0,120.0,0.9894,3.39,0.79,14.0,7,1
6.3,0.27,0.25,5.8,0.038,52.0,155.0,0.995,3.28,0.38,,6,1
6.3,0.17,0.42,2.8,0.028,45.0,107.0,0.9908,3.27,0.43,11.8,6,1
6.3,0.16,0.4,1.6,0.033,59.0,148.0,0.9914,3.44,0.53,11.4,5,1
3.4560098177495897,2.640146746558115,0.39,6.7,0.036,6.0,117.0,0.9938,3.12,0.42,10.7,5,1
7.3,0.803705336154937,0.69,10.2,0.041,58.0,160.0,0.9977,3.06,0.45,8.6,5,1
5.5,0.32,0.45,4.9,0.028,25.0,191.0,0.9922,3.51,0.49,,7,1
5.2,3.1881695853285708,0.45,3.8,0.027,21.0,128.0,0.992,3.55,0.49,11.2,8,1
7.2,0.37,0.15,2.0,0.029,27.0,87.0,0.9903,3.3,0.59,12.6,7,1
3.3666923647868527,-0.35495634990483443,0.27,1.7,0.024,13.0,76.0,0.9893,3.21,0.51,12.6,7,1
17.61338747820824,0.22,0.4,2.4,0.054,18.0,151.0,0.9952,3.04,0.46,9.3,4,1
7.2,-0.6812460684593625,0.15,2.0,0.029,27.0,87.0,0.9903,3.3,0.59,,7,1
8.0,0.18,0.37,1.3,0.04,15.0,96.0,0.9912,3.06,0.61,,6,1
5.680708148132076,0.22,0.34,12.0,0.053,55.0,177.0,0.9983,3.52,0.44,9.9,6,1
1.727018570290177,2.3762204622780363,0.4,1.6,0.047,22.0,102.0,0.9937,3.28,0.44,10.7,5,1
4.752349569955502,1.5939797712699415,0.17,1.4,0.047,5.0,26.0,0.9932,3.26,0.32,10.0,4,1
7.0,-2.3108829069758046,0.38,2.2,0.047,33.0,96.0,0.9928,3.13,0.39,10.4,8,1
-2.4066196643930855,4.451836859242774,0.13,1.4,0.04,11.0,64.0,0.9922,3.29,0.52,,5,1
8.1,2.6475281253253797,0.34,8.3,0.037,33.0,216.0,0.9976,3.31,0.64,9.7,5,1
5.8,0.415,0.13,1.4,0.04,11.0,64.0,0.9922,3.29,0.52,10.5,5,1
7.1227621373684595,0.27738742851183973,0.16,12.9,0.042,26.0,138.0,0.9974,3.28,0.33,9.0,5,1
6.7,0.105,0.32,12.4,0.051,34.0,106.0,0.998,3.54,0.45,9.2,6,1
6.0,0.4,0.3,1.6,0.047,30.0,117.0,0.9931,3.17,0.48,,6,1
6.6,-1.1546933351933477,0.39,1.45,0.04,40.0,89.0,0.9911,3.35,0.4,11.4,7,1
12.229354280834656,1.4523926906207554,0.45,1.6,0.042,11.0,124.0,0.9944,2.93,0.46,10.8,5,1
9.6,0.23,0.4,1.5,0.044,19.0,135.0,0.9937,2.96,0.49,10.9,5,1
3.56501287149374,0.55,0.45,13.0,0.047,33.0,182.0,0.9974,3.2,0.46,9.2,6,1
6.5,0.115,0.29,1.95,0.038,73.0,166.0,0.989,3.12,0.25,12.9,7,1
6.4,0.125,0.29,5.85,0.042,24.0,99.0,0.992,3.23,0.32,12.0,7,1
4.287828233245479,0.1,0.27,1.3,0.047,21.0,100.0,0.9928,3.27,0.46,,5,1
10.670962466106738,0.25,0.29,5.3,0.031,33.0,117.0,0.9918,3.06,0.32,,7,1
6.9,0.2,0.28,1.2,0.048,36.0,159.0,0.9936,3.19,0.43,,6,1
1.6493536054617888,0.23,0.34,4.0,0.047,24.0,128.0,0.9944,3.2,0.52,9.7,6,1
2.835286363401363,2.3714556720803506,0.31,14.35,0.043,28.0,162.0,0.9988,3.17,0.54,9.1,5,1
8.7,0.22,0.42,2.3,0.053,27.0,114.0,0.994,2.99,0.43,,5,1
6.715654454853081,0.41,0.34,4.7,0.042,19.0,127.0,0.9953,3.25,0.42,10.4,5,1
4.4429954875995445,0.25,0.34,12.85,0.048,30.0,161.0,0.9986,3.44,0.47,9.5,6,1
6.0,0.26,0.42,5.2,0.027,70.0,178.0,0.9914,3.4,0.4,,8,1
5.2183993075792365,0.31,0.37,8.4,0.031,70.0,170.0,0.9934,3.42,0.4,,8,1
9.2,0.28,0.46,3.2,0.058,39.0,133.0,0.996,3.14,0.58,9.5,5,1
9.0,0.31,0.49,6.9,0.034,26.0,91.0,0.9937,2.99,0.34,,5,1
8.5,0.16,0.33,1.0,0.076,17.0,57.0,0.9921,3.14,0.46,10.6,6,1
5.508749041780435,0.34,0.49,7.3,0.052,30.0,146.0,0.998,3.17,0.61,10.2,5,1
9.2,0.28,0.46,3.2,0.058,39.0,133.0,0.996,3.14,0.58,9.5,5,1
7.842940457764524,-4.542225221912489,0.3,1.6,0.048,27.0,131.0,0.9933,3.25,0.45,10.5,5,1
7.2,1.3770427675684958,0.32,1.5,0.047,27.0,132.0,0.9933,3.26,0.44,10.5,5,1
6.352300744460034,2.2776641072406036,0.18,7.5,0.041,71.0,223.0,0.9959,3.14,0.41,8.9,5,1
9.1,0.27,0.32,1.1,0.031,15.0,151.0,0.9936,3.03,0.41,10.6,5,1
10.547571482699098,0.34,0.32,1.3,0.041,12.0,188.0,0.9953,3.17,0.49,9.5,5,1
7.601198501440877,0.17,0.37,5.7,0.025,29.0,111.0,0.9938,3.2,0.49,10.8,6,1
6.7,0.25,0.23,7.2,0.038,61.0,220.0,0.9952,3.14,0.35,9.5,5,1
7.520070217488071,0.32,0.17,7.6,0.042,69.0,219.0,0.9959,3.13,0.4,8.9,5,1
2.4610779364096587,-6.737345799903314,0.18,7.5,0.041,71.0,223.0,0.9959,3.14,0.41,8.9,5,1
6.1,0.6,0.0,1.3,0.042,24.0,79.0,0.9937,3.31,0.38,9.4,4,1
5.3,0.395,0.07,1.3,0.035,26.0,102.0,0.992,3.5,0.35,10.6,6,1
9.377774654934617,0.16,0.3,4.8,0.037,37.0,171.0,0.9967,3.47,0.44,9.0,4,1
7.6,0.33,0.36,2.1,0.034,26.0,172.0,0.9944,3.42,0.48,10.5,4,1
7.8,0.3,0.29,16.85,0.054,23.0,135.0,0.9998,3.16,0.38,9.0,6,1
7.8,0.8885689762358695,0.29,16.85,0.054,23.0,135.0,0.9998,3.16,0.38,,6,1
5.7,0.26,0.27,4.1,0.201,73.5,189.5,0.9942,3.27,0.38,9.4,6,1
7.8,0.3,0.29,16.85,0.054,23.0,135.0,0.9998,3.16,0.38,9.0,6,1
7.5,0.14,0.34,1.3,0.055,50.0,153.0,0.9945,3.29,0.8,9.6,6,1
7.8,2.3838274031867375,0.29,16.85,0.054,23.0,135.0,0.9998,3.16,0.38,9.0,6,1
6.6,1.9926349427936376,0.41,7.4,0.043,29.0,151.0,0.9946,3.15,0.6,,7,1
4.707400794586674,2.6673450643424754,0.27,4.1,0.201,73.5,189.5,0.9942,3.27,0.38,9.4,6,1
7.700205077051146,0.23,0.49,0.9,0.057,15.0,73.0,0.9928,3.07,0.38,,6,1
9.14479312917243,-0.742699776054745,0.32,6.3,0.03,34.0,129.0,0.9946,3.52,0.41,,5,1
6.1,0.45,0.27,0.8,0.039,13.0,82.0,0.9927,3.23,0.32,9.5,5,1
7.4,0.23,0.43,1.4,0.044,22.0,113.0,0.9938,3.22,0.62,,6,1
7.2,0.2,0.38,1.0,0.037,21.0,74.0,0.9918,3.21,0.37,11.0,5,1
7.5,0.14,0.34,1.3,0.055,50.0,153.0,0.9945,3.29,0.8,9.6,6,1
7.7,0.25,0.43,4.5,0.062,20.0,115.0,0.9966,3.38,0.5,9.9,6,1
6.041693330449314,-2.5097193040263677,0.45,5.4,0.03,15.0,118.0,0.9954,3.14,0.34,9.6,5,1
7.6,0.21,0.44,1.9,0.036,10.0,119.0,0.9913,3.01,0.7,,6,1
7.4,0.22,0.33,2.0,0.045,31.0,101.0,0.9931,3.42,0.55,11.4,5,1
11.253552985377002,0.26,0.26,12.7,0.036,49.0,214.0,0.9986,3.41,0.5,10.0,6,1
6.4,0.25,0.41,8.6,0.042,57.0,173.0,0.9965,3.0,0.44,9.1,5,1
10.63342589811928,-5.07923299529619,0.35,11.1,0.039,29.0,198.0,0.9984,3.36,0.5,9.4,7,1
6.8,0.25,0.29,2.0,0.042,19.0,189.0,0.9952,3.46,0.54,10.2,6,1
9.8,3.7166697217041738,0.4,2.8,0.036,35.0,167.0,0.9956,2.97,0.39,9.2,5,1
9.458353312093116,0.2,0.25,4.5,0.044,31.0,109.0,0.9949,3.23,0.36,9.4,5,1
5.258137567697734,2.719196481383029,0.45,5.4,0.03,15.0,118.0,0.9954,3.14,0.34,9.6,5,1
0.9411202631192044,0.42,0.45,9.1,0.029,20.0,125.0,0.996,3.12,0.36,10.1,6,1
10.636504742779824,3.7254667924854057,0.33,2.0,0.045,31.0,101.0,0.9931,3.42,0.55,,5,1
6.4,-1.9154240765324329,0.3,2.2,0.025,33.0,134.0,0.992,3.21,0.47,10.6,6,1
8.23415518399324,2.871509267876091,0.32,4.1,0.033,40.0,138.0,0.9912,3.18,0.44,12.8,7,1
4.264407587535613,0.41,0.64,11.8,0.065,65.0,225.0,0.9978,3.12,0.51,8.9,5,1
7.5,-4.188042855870396,0.37,1.2,0.048,22.0,184.0,0.9938,3.09,0.43,9.3,5,1
6.6,0.21,0.38,2.2,0.026,40.0,104.0,0.9914,3.25,0.4,11.1,8,1
7.1,-2.3984806761294344,0.3,1.4,0.037,45.0,143.0,0.9932,3.13,0.33,9.9,6,1
7.6,0.26,0.47,1.6,0.068,5.0,55.0,0.9944,3.1,0.45,9.6,5,1
11.120687031266808,0.58793164952351,0.44,1.9,0.036,10.0,119.0,0.9913,3.01,0.7,12.8,6,1
6.9,0.25,0.26,5.2,0.024,36.0,135.0,0.9948,3.16,0.72,,7,1
4.515323357366571,2.2496228894792623,0.32,14.45,0.074,29.0,107.0,0.998,2.96,0.42,9.2,6,1
7.3,5.257037343691072,0.4,14.75,0.042,44.5,129.5,0.9998,3.36,0.41,9.1,7,1
6.2,-0.35019219619521536,0.22,8.3,0.025,36.0,216.0,0.9964,3.33,0.6,9.6,6,1
7.9,-2.377249165367193,0.45,14.2,0.038,53.0,141.0,0.9992,3.03,0.46,9.2,6,1
6.9,0.25,0.26,5.2,0.024,36.0,135.0,0.9948,3.16,0.72,10.7,7,1
7.3,-2.531446633494287,0.4,14.75,0.042,44.5,129.5,0.9998,3.36,0.41,9.1,7,1
5.827534225307172,0.26,0.32,14.45,0.074,29.0,107.0,0.998,2.96,0.42,,6,1
7.4,0.25,0.37,6.9,0.02,14.0,93.0,0.9939,3.0,0.48,10.7,7,1
6.8,-1.8835378350728795,0.37,1.5,0.027,37.0,93.0,0.992,3.3,0.45,,6,1
7.0,0.17,0.37,1.5,0.028,26.0,75.0,0.9922,3.3,0.46,10.8,7,1
6.4,6.963080389425358,0.38,7.8,0.046,35.0,192.0,0.9955,3.1,0.37,9.0,5,1
6.574671092950982,2.6006207434033746,0.16,1.5,0.049,10.0,97.0,0.9917,3.48,0.44,10.7,6,1
5.0,3.667595551087378,0.16,1.5,0.049,10.0,97.0,0.9917,3.48,0.44,10.7,6,1
5.559191505155368,-0.386956761539683,0.32,1.5,0.047,11.0,200.0,0.9954,3.19,0.46,9.4,5,1
6.671557271178798,0.2550539528037621,0.46,15.55,0.037,61.0,171.0,0.9986,2.94,0.35,8.8,6,1
9.667411551740084,0.3,0.38,7.8,0.046,35.0,192.0,0.9955,3.1,0.37,,5,1
6.3,0.21,0.4,1.7,0.031,48.0,134.0,0.9917,3.42,0.49,,6,1
8.63333223086339,0.23,0.46,1.5,0.03,30.0,125.0,0.9907,3.23,0.47,12.5,6,1
12.94227901047104,2.3777935178755705,0.41,1.0,0.042,14.0,59.0,0.9922,2.96,0.25,10.5,6,1
10.700807074017995,0.27,0.39,6.7,0.064,28.0,188.0,0.9958,3.29,0.3,,5,1
7.6,-1.197396267342818,0.36,1.6,0.04,32.0,155.0,0.993,3.23,0.52,11.3,6,1
5.0,-0.5439236596400285,0.16,1.5,0.049,10.0,97.0,0.9917,3.48,0.44,10.7,6,1
9.723215003264858,0.24,0.45,1.2,0.033,11.0,59.0,0.9926,2.74,0.47,10.8,6,1
0.9897758709278346,-1.7441129487915206,0.42,7.1,0.045,41.0,169.0,0.9959,3.17,0.43,10.6,5,1
8.2,0.37,0.36,1.0,0.034,17.0,93.0,0.9906,3.04,0.32,11.7,8,1
4.68268311435408,0.61,0.38,12.1,0.301,24.0,220.0,0.9993,2.94,0.48,,5,1
7.2,0.26,0.44,7.1,0.027,25.0,126.0,0.993,3.02,0.34,11.1,8,1
8.2,0.37,0.36,1.0,0.034,17.0,93.0,0.9906,3.04,0.32,11.7,8,1
6.4,-1.1124780992713452,0.33,1.15,0.044,15.5,217.5,0.992,3.33,0.44,11.0,6,1
8.19000233715347,0.5469358375099684,0.32,6.0,0.034,50.0,127.0,0.992,3.51,0.58,12.5,7,1
7.6,0.28,0.39,1.2,0.038,21.0,115.0,0.994,3.16,0.67,10.0,6,1
3.3492457391441386,-2.1851303784918796,0.42,7.1,0.045,41.0,169.0,0.9959,3.17,0.43,10.6,5,1
7.2,1.0879369373881593,0.39,2.3,0.033,29.0,102.0,0.9908,3.26,0.54,12.3,7,1
6.8,1.1737452366533507,0.37,3.4,0.023,19.0,87.0,0.9902,3.14,0.53,,6,1
7.2,0.23,0.39,2.3,0.033,29.0,102.0,0.9908,3.26,0.54,,7,1
6.9,0.18,0.38,6.5,0.039,20.0,110.0,0.9943,3.1,0.42,10.5,5,1
8.41992223423915,0.26,0.53,1.2,0.047,25.0,109.0,0.9921,3.23,0.28,12.5,6,1
8.3,0.33,0.42,1.15,0.033,18.0,96.0,0.9911,3.2,0.32,12.4,3,1
7.3,-0.24774592856854966,0.3,13.0,0.043,46.0,238.0,0.9986,3.06,0.41,8.7,6,1
8.915441841067098,0.41,0.37,4.5,0.03,40.0,114.0,0.992,3.17,0.54,12.4,7,1
7.9,-2.042379566690263,0.37,5.85,0.033,27.0,93.0,0.992,3.16,0.54,12.6,7,1
7.7,0.7048891468555847,0.3,5.2,0.037,29.0,131.0,0.9943,3.38,0.44,11.0,6,1
7.7,-1.254713688855374,0.31,1.3,0.043,47.0,155.0,0.9937,3.42,0.5,,6,1
7.8,0.32,0.31,1.7,0.036,46.0,195.0,0.993,3.03,0.48,10.5,5,1
6.8,0.32,0.37,3.4,0.023,19.0,87.0,0.9902,3.14,0.53,,6,1
7.3,0.24,0.39,3.6,0.024,35.0,116.0,0.9928,3.17,0.51,10.9,5,1
11.50871208728453,0.579782501318103,0.37,2.7,0.041,35.0,128.0,0.9896,3.07,0.43,,7,1
8.574940910636759,3.5443824022103048,0.48,2.2,0.042,28.0,164.0,0.998,3.19,0.59,9.7,5,1
5.969536872750613,0.14,0.28,1.8,0.041,44.0,178.0,0.9954,3.45,0.43,,6,1
7.4,-3.5788203513120984,0.42,2.1,0.036,33.0,187.0,0.9938,3.4,0.41,10.6,7,1
8.1,6.950459010680125,0.42,6.6,0.033,36.0,141.0,0.9918,2.98,0.39,13.3,7,1
7.1,0.44,0.37,2.7,0.041,35.0,128.0,0.9896,3.07,0.43,,7,1
6.242662700513499,0.26,0.22,5.1,0.037,23.0,131.0,0.9944,3.29,0.32,10.1,5,1
9.052738909430307,0.66,0.72,17.55,0.042,62.0,233.0,0.9999,2.92,0.68,,4,1
8.0,0.2,0.4,5.2,0.055,41.0,167.0,0.9953,3.18,0.4,10.6,7,1
6.737259517811718,-0.007570775363222176,0.34,1.1,0.046,25.0,80.0,0.992,3.25,0.4,11.3,6,1
10.347805046657431,0.18,0.31,1.1,0.045,20.0,73.0,0.9925,3.32,0.4,10.8,7,1
8.4,1.8055178217177619,0.44,10.7,0.051,46.0,195.0,0.9981,3.15,0.51,10.4,5,1
2.902568500914584,0.26,0.23,5.15,0.034,48.0,160.0,0.9952,3.82,0.51,10.5,7,1
6.060482800137131,0.245,0.33,1.1,0.049,28.0,150.0,0.9927,3.13,0.42,9.3,5,1
5.6,-2.0132502707255044,0.32,1.1,0.047,24.0,152.0,0.9927,3.12,0.42,9.3,6,1
7.3,3.676634648624944,0.41,1.8,0.037,52.0,165.0,0.9911,3.29,0.39,12.2,7,1
8.335638130741057,0.16,0.73,1.0,0.138,58.0,150.0,0.9936,3.08,0.3,9.2,5,1
6.4,0.22,0.34,1.8,0.057,29.0,104.0,0.9959,3.81,0.57,10.3,6,1
7.3,0.18,0.65,1.4,0.046,28.0,157.0,0.9946,3.33,0.62,9.4,6,1
6.4,0.17,0.27,6.7,0.036,88.0,223.0,0.9948,3.28,0.35,10.2,6,1
6.9,0.29,0.16,6.8,0.034,65.0,212.0,0.9955,3.08,0.39,9.0,6,1
6.2,-0.1668794083520099,0.38,6.8,0.036,64.0,245.0,0.9951,3.06,0.36,9.3,6,1
6.4,0.23,0.3,7.1,0.037,63.0,236.0,0.9952,3.06,0.34,9.2,6,1
7.3,0.19,0.68,1.5,0.05,31.0,156.0,0.9946,3.32,0.64,9.4,6,1
7.3,-1.0023549293975214,0.65,1.4,0.046,28.0,157.0,0.9946,3.33,0.62,,6,1
8.399301570282429,-1.4365450638267214,0.46,1.45,0.039,77.5,223.0,0.9944,2.92,0.46,,6,1
9.7191298096799,0.14,0.35,1.2,0.036,15.0,73.0,0.9938,3.46,0.39,9.9,5,1
6.9,0.31,0.34,7.4,0.059,36.0,174.0,0.9963,3.46,0.62,11.1,7,1
7.946875623727049,-0.5254760773675848,0.34,4.2,0.028,36.0,116.0,0.991,2.99,0.41,12.3,8,1
8.0,0.22,0.42,14.6,0.044,45.0,163.0,1.0003,3.21,0.69,8.6,7,1
7.6,0.31,0.29,10.5,0.04,21.0,145.0,0.9966,3.04,0.35,9.4,5,1
8.4,0.35,0.56,13.8,0.048,55.0,190.0,0.9993,3.07,0.58,9.4,6,1
10.366537139456822,1.475041968858725,0.42,14.6,0.044,45.0,163.0,1.0003,3.21,0.69,8.6,7,1
8.1,1.0184320718917264,0.47,1.1,0.037,23.0,126.0,0.9938,3.21,0.42,,5,1
7.0,0.39,0.31,5.3,0.169,32.0,162.0,0.9965,3.2,0.48,9.4,5,1
8.682312324146496,0.5,0.47,1.1,0.037,23.0,126.0,0.9938,3.21,0.42,10.9,5,1
9.529213714461685,0.35,0.56,13.8,0.048,55.0,190.0,0.9993,3.07,0.58,9.4,6,1
4.302824729451935,0.10042080066918214,0.27,1.5,0.064,20.0,132.0,0.9938,3.22,0.46,,6,1
6.10768488442633,0.22,0.42,14.6,0.044,45.0,163.0,1.0003,3.21,0.69,8.6,7,1
11.27318943978633,-1.8242642538494604,0.29,10.5,0.04,21.0,145.0,0.9966,3.04,0.35,9.4,5,1
7.0,0.24,0.36,4.9,0.083,10.0,133.0,0.9942,3.33,0.37,10.8,6,1
6.6,-2.037520421774927,0.3,1.9,0.025,14.0,153.0,0.9928,3.29,0.62,10.5,6,1
9.706531333560998,0.16,0.41,1.7,0.026,29.0,140.0,0.991,3.02,0.78,12.5,6,1
4.6311045013327945,0.27,0.34,1.8,0.028,26.0,168.0,0.9911,2.99,0.48,12.1,7,1
7.942590273964495,0.31,0.74,10.7,0.039,51.0,147.0,0.9977,3.02,0.43,,5,1
8.0,-0.932622847739192,0.36,8.8,0.026,50.0,151.0,0.9927,3.07,0.25,12.7,8,1
0.5786718393937234,0.27,0.34,1.8,0.028,26.0,168.0,0.9911,2.99,0.48,,7,1
7.8,1.5408271364821424,0.41,1.7,0.026,29.0,140.0,0.991,3.02,0.78,12.5,6,1
4.87817950890175,0.16,0.29,1.8,0.05,40.0,147.0,0.9912,3.06,0.44,11.4,7,1
11.183083029859718,2.19677962731121,0.4,1.6,0.032,35.0,110.0,0.9907,3.02,0.6,,7,1
7.2,0.32,0.33,1.4,0.029,29.0,109.0,0.9902,3.15,0.51,12.8,7,1
6.224563233866521,0.16,0.3,1.6,0.034,15.0,78.0,0.992,3.38,0.44,11.2,6,1
8.753738008998095,2.5511325906940567,0.33,1.5,0.033,16.0,98.0,0.994,3.14,0.42,,6,1
-1.549143739560634,0.2255993193835752,0.32,9.2,0.038,54.0,191.0,0.9966,3.04,0.56,9.7,6,1
6.2,1.3206858227534735,0.3,1.1,0.037,14.0,79.0,0.993,3.5,0.54,,6,1
6.9,0.39,0.22,4.3,0.03,10.0,102.0,0.993,3.0,0.87,11.6,4,1
6.9,0.41,0.22,4.2,0.031,10.0,102.0,0.993,3.0,0.86,11.6,4,1
7.5,0.23,0.32,9.2,0.038,54.0,191.0,0.9966,3.04,0.56,9.7,6,1
6.323239145591545,0.38,0.33,5.0,0.045,30.0,131.0,0.9942,3.32,0.44,10.9,6,1
7.3,-0.08535211464873443,0.38,6.8,0.045,29.0,122.0,0.9925,3.19,0.37,12.6,7,1
8.314816671481637,-4.886893972785105,0.39,5.2,0.04,45.0,163.0,0.9925,3.3,0.47,12.4,6,1
7.8,0.23,0.28,4.75,0.042,45.0,166.0,0.9928,2.96,0.4,11.5,5,1
9.0,0.245,0.38,5.9,0.045,52.0,159.0,0.995,2.93,0.35,10.2,6,1
8.295869626195019,-0.4477803686181941,0.4,7.7,0.032,51.0,176.0,0.9939,3.22,0.27,11.4,5,1
7.4,0.19,0.42,6.4,0.067,39.0,212.0,0.9958,3.3,0.33,,6,1
11.087067134003092,0.2,0.36,8.1,0.035,60.0,163.0,0.9952,3.05,0.3,10.3,6,1
8.0,0.59,0.71,17.35,0.038,61.0,228.0,1.0,2.95,0.75,,5,1
7.269226744679716,0.14,0.45,1.8,0.05,17.0,114.0,0.9948,3.33,0.49,10.7,7,1
6.8,-0.8859798760732556,0.4,1.8,0.047,34.0,105.0,0.99,3.13,0.49,12.8,8,1
9.7,-2.977135613287155,0.59,1.5,0.049,23.0,142.0,0.9958,2.98,0.62,9.5,5,1
8.703032562127552,0.15,0.68,1.6,0.046,22.0,130.0,0.9948,3.02,0.45,10.4,6,1
9.4,0.17,0.55,1.6,0.049,14.0,94.0,0.9949,3.02,0.61,10.3,6,1
5.2,-1.3371825272584128,0.08,13.5,0.041,37.0,142.0,0.997,3.46,0.39,9.9,6,1
6.3,0.6352742428729323,0.22,3.75,0.039,37.0,116.0,0.9927,3.23,0.5,10.7,6,1
5.603647711770413,-3.1497403570552276,0.54,1.3,0.04,16.0,160.0,0.9938,2.94,0.43,10.5,5,1
9.2,0.32,0.42,1.3,0.046,14.0,186.0,0.9949,3.08,0.48,9.6,5,1
6.4,-1.822356414247428,0.4,6.2,0.04,46.0,169.0,0.9953,3.15,0.46,9.3,6,1
8.1,4.843706046658155,0.36,9.7,0.044,63.0,162.0,0.997,3.1,0.46,10.0,6,1
7.2864353824804065,-4.553118977640919,0.26,2.0,0.026,40.0,190.0,0.9932,3.04,0.39,11.2,6,1
3.215274812806604,0.15,0.34,1.4,0.039,21.0,177.0,0.9927,3.32,0.62,,5,1
6.4,0.15,0.31,1.1,0.044,25.0,96.0,0.9932,3.54,0.51,,6,1
0.8563896405837497,-0.29954647882131424,0.53,6.6,0.038,59.0,234.0,0.9955,3.03,0.42,8.8,5,1
7.6,0.19,0.42,1.5,0.044,6.0,114.0,0.9914,3.04,0.74,,6,1
7.3,0.43,0.37,4.6,0.028,17.0,114.0,0.991,3.23,0.43,13.2,6,1
1.8444618896682647,0.31,0.3,0.9,0.037,28.0,152.0,0.992,3.54,0.56,10.1,6,1
10.726054723411915,0.2,0.26,1.7,0.093,40.0,161.0,0.9924,3.44,0.66,11.0,5,1
6.9,0.16,0.35,1.3,0.043,21.0,182.0,0.9927,3.25,0.62,,6,1
6.888316395460171,0.32,0.48,2.3,0.04,28.0,114.0,0.9911,3.2,0.52,,7,1
6.5,-3.2789280972922543,0.72,6.8,0.042,33.0,168.0,0.9958,3.12,0.36,9.2,6,1
6.8,-1.9949103934783288,0.33,1.5,0.047,44.0,167.0,0.9928,3.12,0.44,10.5,6,1
5.2,-0.22321168885434228,0.33,1.2,0.028,13.0,81.0,0.9902,3.37,0.38,11.7,6,1
9.059632089070098,0.19,0.43,2.1,0.052,20.0,104.0,0.994,2.85,0.46,9.5,5,1
8.3,0.21,0.41,2.2,0.05,24.0,108.0,0.994,2.85,0.45,9.5,5,1
6.8,0.15,0.32,8.8,0.058,24.0,110.0,0.9972,3.4,0.4,8.8,6,1
6.359511246405832,-2.8027283678863064,0.64,17.0,0.05,69.0,210.0,1.0004,3.15,0.51,9.3,7,1
7.8,0.21,0.39,1.8,0.034,62.0,180.0,0.991,3.09,0.75,12.6,8,1
9.0,1.9617918460992843,0.5,1.2,0.048,26.0,107.0,0.9918,3.21,0.34,12.4,6,1
5.7,4.263451859317239,0.24,2.3,0.047,60.0,189.0,0.995,3.65,0.72,10.1,6,1
7.8,0.29,0.36,7.0,0.042,38.0,161.0,0.9941,3.26,0.37,11.2,8,1
1.328346941644308,2.7050344083081947,0.3,6.4,0.048,40.0,251.0,0.9956,3.29,0.52,10.0,5,1
9.508339374789122,3.2538393531626038,0.3,6.4,0.048,40.0,251.0,0.9956,3.29,0.52,,5,1
1.8834055804332337,-3.559207037086443,0.27,12.15,0.033,37.0,116.0,0.9959,2.99,0.39,10.8,6,1
5.535621969625025,0.16,0.32,0.8,0.04,50.0,121.0,0.9922,3.27,0.33,10.0,6,1
7.6,-0.18921306545740146,0.23,2.0,0.029,13.0,151.0,0.9931,3.04,0.33,10.4,5,1
8.236155357449817,0.58,0.27,12.15,0.033,37.0,116.0,0.9959,2.99,0.39,10.8,6,1
6.6,0.25,0.31,12.4,0.059,52.0,181.0,0.9984,3.51,0.47,9.8,6,1
7.991468930289566,0.23,0.37,1.9,0.041,51.0,165.0,0.9908,3.26,0.4,12.2,8,1
5.120591186413391,1.7922632020602962,0.37,1.1,0.043,36.0,113.0,0.991,3.39,0.48,,8,1
7.0,0.46,0.39,6.2,0.039,46.0,163.0,0.9928,3.21,0.35,12.2,7,1
2.6861155508350762,2.96357274234361,0.4,6.3,0.039,35.0,162.0,0.9936,3.15,0.34,,7,1
7.8,0.29,0.36,7.0,0.042,38.0,161.0,0.9941,3.26,0.37,11.2,8,1
9.2,0.35,0.39,0.9,0.042,15.0,61.0,0.9924,2.96,0.28,10.4,4,1
8.0,5.830058977829475,0.39,3.9,0.034,22.0,122.0,0.9917,3.29,0.67,12.8,7,1
4.096720122993686,3.5771187748868365,0.33,3.9,0.027,40.0,130.0,0.9906,3.28,0.39,12.7,7,1
5.7,0.21,0.24,2.3,0.047,60.0,189.0,0.995,3.65,0.72,10.1,6,1
4.4537260371410134,0.18,0.3,6.4,0.048,40.0,251.0,0.9956,3.29,0.52,10.0,5,1
7.8,0.13,0.3,1.8,0.04,43.0,179.0,0.9955,3.43,0.41,,5,1
7.6,0.19,0.41,1.1,0.04,38.0,143.0,0.9907,2.92,0.42,,5,1
4.9807195145347585,0.22,0.41,15.4,0.05,55.0,191.0,1.0,3.32,0.59,8.9,6,1
9.21017577062281,0.29,0.4,6.5,0.039,43.0,167.0,0.9953,3.15,0.44,9.3,6,1
3.159191665582573,0.35,0.32,2.4,0.048,35.0,103.0,0.9911,3.28,0.46,12.0,8,1
7.402937823314477,2.8794658710216527,0.32,1.4,0.04,31.0,132.0,0.9922,3.36,0.54,10.8,7,1
6.2,0.12,0.26,5.7,0.044,56.0,158.0,0.9951,3.52,0.37,10.5,6,1
6.0,0.13,0.28,5.7,0.038,56.0,189.5,0.9948,3.59,0.43,10.6,7,1
6.4,8.15078674161808,0.33,1.4,0.04,42.0,115.0,0.9906,3.19,0.48,,7,1
7.3748911116537474,0.6089272448218878,0.16,1.4,0.051,15.0,96.0,0.994,3.22,0.38,9.5,4,1
7.6,-0.6771753147247068,0.41,1.1,0.04,38.0,143.0,0.9907,2.92,0.42,11.4,5,1
9.58136523241501,0.13,0.28,1.2,0.046,35.0,140.0,0.9927,3.33,0.33,10.1,7,1
7.0,0.14,0.41,0.9,0.037,22.0,95.0,0.9914,3.25,0.43,10.9,6,1
7.200604384789206,0.8020737109813465,0.24,3.8,0.058,19.0,115.0,0.9958,3.15,0.45,8.9,5,1
9.673392901592676,0.22,0.41,15.4,0.05,55.0,191.0,1.0,3.32,0.59,8.9,6,1
7.4,-2.1051582670604025,0.47,14.15,0.168,42.0,185.0,0.9984,2.9,0.49,9.3,5,1
7.083339585717706,0.28,0.39,1.9,0.052,23.0,116.0,0.9941,3.25,0.4,10.4,6,1
8.3,0.26,0.41,9.2,0.042,41.0,162.0,0.9944,3.1,0.38,12.0,7,1
10.7,0.22,0.56,8.2,0.044,37.0,181.0,0.998,2.87,0.68,9.5,6,1
12.0031775797544,0.22,0.56,8.2,0.044,37.0,181.0,0.998,2.87,0.68,9.5,6,1
6.9,0.4329013573034205,0.34,2.7,0.032,24.0,121.0,0.9902,3.14,0.38,12.4,7,1
6.2,0.3,0.32,1.7,0.032,30.0,130.0,0.9911,3.28,0.41,,7,1
6.9,0.27,0.41,1.7,0.047,6.0,134.0,0.9929,3.15,0.69,11.4,6,1
6.9,-4.900556581332445,0.41,1.7,0.05,10.0,136.0,0.993,3.16,0.71,11.4,6,1
6.9,0.28,0.3,1.6,0.047,46.0,132.0,0.9918,3.35,0.38,11.1,7,1
6.9,-1.1285571097034166,0.2,0.9,0.054,5.0,126.0,0.992,3.1,0.42,10.4,6,1
6.9,0.38,0.32,8.5,0.044,36.0,152.0,0.9932,3.38,0.35,12.0,7,1
5.7,0.08399835380322557,0.3,5.7,0.039,24.0,98.0,0.992,3.54,0.61,12.3,7,1
2.0911767382582775,0.56,0.16,3.1,0.045,28.0,92.0,0.994,3.12,0.35,9.1,6,1
-0.8148342288733268,3.20890587255913,0.56,1.3,0.046,25.0,102.0,0.9923,3.24,0.33,10.5,6,1
6.8,3.5632716331590837,0.4,1.6,0.047,5.0,133.0,0.993,3.23,0.7,11.4,6,1
7.332640560697561,0.33,0.29,1.3,0.042,26.0,138.0,0.9956,3.77,0.64,,5,1
6.893549378117688,0.49,0.13,4.5,0.039,17.0,116.0,0.9907,3.42,0.9,13.7,7,1
8.026506999455647,-2.4708511942532447,0.33,2.8,0.034,15.0,85.0,0.99,3.28,0.51,13.4,6,1
7.3,0.18,0.29,1.2,0.044,12.0,143.0,0.9918,3.2,0.48,11.3,7,1
6.525202455735962,0.19,0.4,0.9,0.037,73.0,180.0,0.9926,3.06,0.34,10.0,6,1
5.9,0.19,0.26,7.4,0.034,33.0,123.0,0.995,3.49,0.42,10.1,6,1
6.2,6.388100301890776,0.47,1.4,0.029,23.0,81.0,0.99,3.26,0.42,12.2,6,1
6.6,0.42,0.33,2.8,0.034,15.0,85.0,0.99,3.28,0.51,13.4,6,1
10.169166756631117,0.135,0.3,4.6,0.042,19.0,101.0,0.9946,3.31,0.42,,6,1
5.6,0.9351204353185066,0.13,4.5,0.039,17.0,116.0,0.9907,3.42,0.9,13.7,7,1
6.9,0.19,0.33,1.6,0.039,27.0,98.0,0.9898,3.09,0.46,12.3,7,1
7.3,0.18,0.29,1.2,0.044,12.0,143.0,0.9918,3.2,0.48,11.3,7,1
7.3,0.970134898092309,0.36,13.1,0.05,35.0,200.0,0.9986,3.04,0.46,8.9,7,1
5.920366552788934,-4.6030804549649815,0.36,13.1,0.05,35.0,200.0,0.9986,3.04,0.46,8.9,7,1
7.0,-1.660172170360171,0.34,5.7,0.035,32.0,83.0,0.9928,3.19,0.46,11.5,6,1
8.562637059017108,0.25,0.36,13.1,0.05,35.0,200.0,0.9986,3.04,0.46,8.9,7,1
6.3,0.67,0.48,12.6,0.052,57.0,222.0,0.9979,3.17,0.52,9.3,6,1
7.4,0.4,0.29,5.4,0.044,31.0,122.0,0.994,3.3,0.5,11.1,8,1
8.883908675012236,0.26,0.31,2.2,0.044,29.0,128.0,0.9937,3.34,0.64,10.9,8,1
9.0,3.4594714345974342,0.48,6.6,0.043,11.0,73.0,0.9938,2.9,0.38,11.6,5,1
11.456220479247332,0.8993353881392967,0.24,6.9,0.069,9.0,117.0,0.9942,3.15,0.35,10.2,4,1
8.2,0.5434441787586219,0.36,6.8,0.034,12.0,90.0,0.9944,3.01,0.38,10.5,8,1
7.1,0.8715165117264432,0.28,3.6,0.033,16.0,78.0,0.993,2.91,0.78,11.4,6,1
6.348911140630499,-4.079612915258145,0.36,13.1,0.05,35.0,200.0,0.9986,3.04,0.46,8.9,7,1
5.940421281312542,0.2,0.34,1.2,0.04,29.0,118.0,0.9932,3.14,0.41,10.6,6,1
7.1,-0.0298256602044652,0.32,5.9,0.037,39.0,97.0,0.9934,3.31,0.4,11.6,6,1
2.505563846754031,4.424991065892866,0.34,5.7,0.035,32.0,83.0,0.9928,3.19,0.46,11.5,6,1
6.9,3.5601228661964806,0.33,4.1,0.035,26.0,155.0,0.9925,3.25,0.79,,8,1
8.1,-0.08559832634679548,0.49,7.1,0.042,22.0,124.0,0.9944,3.14,0.41,10.8,6,1
5.8,4.861006023084666,0.3,1.4,0.037,55.0,130.0,0.9909,3.29,0.38,11.3,6,1
10.55710101998742,-3.3622955203051825,0.02,0.8,0.038,22.0,63.0,0.9932,3.36,0.36,9.3,5,1
6.6,-2.68509299456878,0.26,1.3,0.045,16.0,128.0,0.9934,3.36,0.6,,6,1
8.6,0.55,0.35,15.55,0.057,35.5,366.5,1.0001,3.04,0.63,,3,1
8.16423272114562,0.35,0.74,1.0,0.044,18.0,132.0,0.992,3.13,0.55,10.2,5,1
8.959183317682905,0.14,0.74,1.6,0.04,27.0,103.0,0.9916,3.07,0.4,10.8,7,1
18.550112723971758,0.28,0.49,11.8,0.042,29.0,137.0,0.998,3.1,0.34,,4,1
7.175134223558898,0.18,0.49,4.5,0.047,17.0,90.0,0.9919,3.27,0.37,,6,1
5.3,0.165,0.24,1.1,0.051,25.0,105.0,0.9925,3.32,0.47,,5,1
9.8,0.25,0.74,10.0,0.056,36.0,225.0,0.9977,3.06,0.43,10.0,4,1
8.1,0.29,0.49,7.1,0.042,22.0,124.0,0.9944,3.14,0.41,10.8,6,1
2.893035784699903,0.22,0.49,0.9,0.052,26.0,128.0,0.991,3.25,0.35,11.4,6,1
6.612289275021071,5.8108671314719205,0.49,1.0,0.045,34.0,140.0,0.99,3.05,0.34,12.7,6,1
4.475652773454041,1.9839193549255696,0.49,1.1,0.042,35.0,156.0,0.9917,3.13,0.55,11.3,5,1
8.2,-0.6866620263069432,0.49,1.1,0.033,28.0,81.0,0.9923,3.0,0.68,10.4,7,1
6.1,0.22,0.49,1.5,0.051,18.0,87.0,0.9928,3.3,0.46,9.6,5,1
5.8123948162516825,0.22404430189425809,0.24,1.0,0.048,8.0,119.0,0.9923,3.0,0.31,10.1,4,1
6.1,0.22,0.49,1.5,0.051,18.0,87.0,0.9928,3.3,0.46,9.6,5,1
5.292231191736178,0.36,0.49,2.9,0.03,16.0,94.0,0.9902,3.1,0.49,12.1,7,1
5.3389268267988506,0.29,0.49,1.2,0.031,32.0,99.0,0.9893,3.07,0.33,12.2,6,1
3.220152483933809,-2.1698933393815523,0.49,1.1,0.042,35.0,156.0,0.9917,3.13,0.55,11.3,5,1
6.9,0.23,0.24,14.2,0.053,19.0,94.0,0.9982,3.17,0.5,,5,1
8.5,1.3897778054223355,0.74,17.85,0.051,51.0,243.0,1.0005,2.99,0.7,9.2,5,1
8.2,0.18,0.49,1.1,0.033,28.0,81.0,0.9923,3.0,0.68,10.4,7,1
11.077504901016887,0.23,0.49,7.1,0.05,67.0,210.0,0.9951,3.23,0.34,9.5,5,1
6.996544133315181,0.25,0.49,7.6,0.052,67.0,226.0,0.9956,3.16,0.47,,5,1
7.2,0.26,0.74,13.6,0.05,56.0,162.0,0.998,3.03,0.44,8.8,5,1
6.523583895899286,0.31,0.24,1.4,0.057,17.0,117.0,0.9928,3.16,0.35,10.5,5,1
8.0,0.25,0.49,1.2,0.061,27.0,117.0,0.9938,3.08,0.34,9.4,5,1
7.0,0.7721653389344125,0.49,5.3,0.04,34.0,125.0,0.9914,3.24,0.4,12.2,6,1
7.8,0.489654129588071,0.49,13.0,0.033,37.0,158.0,0.9955,3.14,0.35,11.3,6,1
8.3,-3.2792686456332873,0.74,4.45,0.044,33.0,130.0,0.9924,3.25,0.42,,6,1
6.3,0.27,0.49,1.2,0.063,35.0,92.0,0.9911,3.38,0.42,12.2,6,1
7.4,0.16,0.49,1.2,0.055,18.0,150.0,0.9917,3.23,0.47,11.2,6,1
7.4,0.16,0.49,1.2,0.055,18.0,150.0,0.9917,3.23,0.47,11.2,6,1
6.9,0.19,0.49,6.6,0.036,49.0,172.0,0.9932,3.2,0.27,11.5,6,1
10.07291348854723,0.43,0.49,13.0,0.033,37.0,158.0,0.9955,3.14,0.35,11.3,6,1
7.2,1.1942683332067325,0.49,1.1,0.048,11.0,138.0,0.9929,3.01,0.42,,5,1
9.213201824548173,-1.158534297266096,0.49,13.0,0.033,37.0,158.0,0.9955,3.14,0.35,11.3,6,1
7.6,0.52,0.49,14.0,0.034,37.0,156.0,0.9958,3.14,0.38,11.8,7,1
8.3,0.21,0.49,19.8,0.054,50.0,231.0,1.0012,2.99,0.54,,5,1
6.9,0.34,0.74,11.2,0.069,44.0,150.0,0.9968,3.0,0.81,,5,1
6.3,-2.687931781467564,0.49,1.2,0.063,35.0,92.0,0.9911,3.38,0.42,12.2,6,1
8.3,0.2,0.74,4.45,0.044,33.0,130.0,0.9924,3.25,0.42,,6,1
7.927072198226142,0.22,0.74,2.7,0.044,42.0,144.0,0.991,3.31,0.41,,6,1
9.954994218300481,0.11,0.49,4.5,0.048,27.0,133.0,0.9946,3.24,0.42,10.6,6,1
8.90180423127597,3.9702274746120843,0.74,3.6,0.05,29.0,128.0,0.9928,3.28,0.4,12.4,6,1
6.4,0.145,0.49,5.4,0.048,54.0,164.0,0.9946,3.56,0.44,,6,1
7.4,0.16,0.49,1.2,0.055,18.0,150.0,0.9917,3.23,0.47,11.2,6,1
10.310664370974775,0.19,0.49,1.2,0.051,11.0,137.0,0.9918,3.06,0.46,11.0,6,1
8.0,0.44,0.49,9.1,0.031,46.0,151.0,0.9926,3.16,0.27,12.7,8,1
9.259336902633326,0.2,0.74,0.8,0.044,19.0,163.0,0.9931,3.46,0.53,10.2,5,1
6.9,0.19,0.49,6.6,0.036,49.0,172.0,0.9932,3.2,0.27,,6,1
7.1,0.25,0.49,3.0,0.03,30.0,96.0,0.9903,3.13,0.39,,7,1
6.988156205098409,0.24,0.24,1.6,0.046,15.0,60.0,0.9928,3.19,0.39,9.8,5,1
7.2,6.909164073505778,0.49,1.1,0.048,11.0,138.0,0.9929,3.01,0.42,9.3,5,1
7.6,6.347860386458908,0.49,14.0,0.034,37.0,156.0,0.9958,3.14,0.38,11.8,7,1
7.138816519511653,0.43,0.49,13.0,0.033,37.0,158.0,0.9955,3.14,0.35,11.3,6,1
7.8,2.1603682912868534,0.49,1.35,0.052,6.0,48.0,0.9911,3.15,0.28,11.4,5,1
7.0,-0.5967552372375711,0.49,5.9,0.038,39.0,128.0,0.9938,3.21,0.48,10.8,6,1
6.9,0.25,0.24,3.6,0.057,13.0,85.0,0.9942,2.99,0.48,9.5,4,1
7.2,0.08,0.49,1.3,0.05,18.0,148.0,0.9945,3.46,0.44,10.2,6,1
7.1,0.6389332521861373,0.49,8.7,0.028,40.0,184.0,0.9962,3.22,0.36,10.7,5,1
12.191193404361726,1.726806790386824,0.24,1.2,0.04,10.0,104.0,0.992,3.05,0.29,10.8,6,1
7.9,0.22,0.24,4.6,0.044,39.0,159.0,0.9927,2.99,0.28,11.5,6,1
7.7,0.16,0.49,2.0,0.056,20.0,124.0,0.9948,3.32,0.49,10.7,6,1
5.7662953806797,0.08,0.49,1.3,0.05,18.0,148.0,0.9945,3.46,0.44,10.2,6,1
7.773940801282037,0.25,0.24,1.7,0.048,26.0,124.0,0.9942,3.37,0.6,10.1,6,1
7.9417252322172,-1.1007432573835676,0.49,2.4,0.046,57.0,187.0,0.9952,3.62,0.81,10.4,6,1
6.9,0.25,0.24,3.6,0.057,13.0,85.0,0.9942,2.99,0.48,9.5,4,1
7.5,4.276430180367188,0.24,4.6,0.053,8.0,134.0,0.9958,3.14,0.5,9.1,3,1
7.4,0.28,0.49,1.5,0.034,20.0,126.0,0.9918,2.98,0.39,10.6,6,1
4.371326443209093,-5.9571824829856155,0.49,0.9,0.033,17.0,51.0,0.9932,3.3,0.7,9.4,6,1
4.27653284406552,-0.6371766619622998,0.74,19.4,0.054,44.0,169.0,1.0004,3.51,0.45,9.8,6,1
6.5,2.6632144762019605,0.74,13.3,0.044,68.0,224.0,0.9972,3.18,0.54,,6,1
7.9,0.16,0.74,17.85,0.037,52.0,187.0,0.9998,2.99,0.41,9.3,5,1
5.6,-2.3504789418394627,0.49,1.1,0.03,28.0,117.0,0.9918,3.55,0.45,10.3,6,1
7.5,-0.5204466735334996,0.49,1.3,0.031,8.0,97.0,0.9918,3.06,0.62,,5,1
8.0,2.080930248729607,0.49,9.4,0.046,47.0,188.0,0.9964,3.14,0.48,10.0,5,1
8.0,0.34,0.49,9.0,0.033,39.0,180.0,0.9936,3.13,0.38,12.3,8,1
7.7,0.35,0.49,8.65,0.033,42.0,186.0,0.9931,3.14,0.38,,8,1
7.6,0.29,0.49,9.6,0.03,45.0,197.0,0.9938,3.13,0.38,12.3,7,1
5.638443937390447,0.62,0.24,1.1,0.039,6.0,62.0,0.9934,3.41,0.32,10.4,5,1
5.3233494404731765,0.27,0.49,1.2,0.044,35.0,126.0,0.99,3.13,0.48,12.1,7,1
3.3256083150834046,0.27,0.49,1.8,0.041,23.0,86.0,0.9914,3.16,0.42,12.5,6,1
4.7455147524421735,5.064807321113388,0.24,2.1,0.043,14.0,155.0,0.9904,3.22,0.6,,6,1
8.198668953903686,0.19,0.49,9.3,0.03,26.0,132.0,0.994,2.99,0.32,11.0,7,1
8.3,0.2,0.49,1.7,0.04,34.0,169.0,0.9938,3.05,0.37,10.1,5,1
10.397830752445795,-3.5818148464987334,0.24,1.2,0.034,17.0,121.0,0.9933,3.13,0.36,,5,1
6.8,0.36,0.24,4.6,0.039,24.0,124.0,0.9909,3.27,0.34,12.6,7,1
7.0,-3.93422346326458,0.74,12.8,0.045,24.0,126.0,0.9942,3.26,0.38,,8,1
9.2,0.18,0.49,1.5,0.041,39.0,130.0,0.9945,3.04,0.49,9.8,7,1
8.1,0.2,0.49,8.1,0.051,51.0,205.0,0.9954,3.1,0.52,11.0,6,1
9.4631740055209,0.26,0.74,7.5,0.044,59.0,160.0,0.996,3.22,0.64,10.0,6,1
6.8,-2.6280905635195224,0.49,14.5,0.06,50.0,170.0,0.9991,3.55,0.44,,6,1
0.10139650488928531,0.2,0.49,1.6,0.053,15.0,144.0,0.993,3.16,0.47,10.5,5,1
8.0,0.18,0.49,1.8,0.061,10.0,145.0,0.9942,3.23,0.48,10.0,5,1
10.723911144271984,-4.3826075515244804,0.74,3.2,0.042,15.0,126.0,0.9934,3.02,0.51,11.2,6,1
5.625544642312846,0.22,0.49,9.4,0.034,29.0,134.0,0.9939,2.99,0.32,,7,1
7.3,0.22,0.49,9.9,0.031,48.0,161.0,0.9937,3.01,0.28,,6,1
7.4,0.19,0.49,9.3,0.03,26.0,132.0,0.994,2.99,0.32,11.0,7,1
7.3,0.155,0.49,1.3,0.039,34.0,136.0,0.9926,3.14,0.77,10.5,6,1
8.2,-4.179135366234411,0.49,9.6,0.037,53.0,154.0,0.9951,3.02,0.33,10.6,6,1
9.559240224063288,-2.677983593084102,0.49,9.3,0.038,52.0,163.0,0.9952,3.02,0.33,10.6,6,1
8.4,3.9304806447379743,0.49,7.8,0.035,22.0,95.0,0.9935,3.04,0.34,12.0,6,1
8.257594222368116,-0.7362304542062725,0.49,1.7,0.04,34.0,169.0,0.9938,3.05,0.37,10.1,5,1
7.721937121739518,0.2,0.49,1.7,0.038,38.0,167.0,0.9939,3.05,0.37,10.1,6,1
6.293292816113576,0.3,0.24,1.2,0.034,17.0,121.0,0.9933,3.13,0.36,,5,1
6.83272707519066,0.21,0.49,1.4,0.041,15.0,164.0,0.9927,3.25,0.63,,5,1
12.033214916270731,0.25,0.49,9.0,0.044,31.0,185.0,0.998,3.34,0.49,10.0,6,1
6.6,0.30412531846982027,0.49,18.15,0.042,41.0,158.0,0.9997,3.28,0.39,8.7,6,1
7.141019438744738,-2.596392770262536,0.74,12.5,0.037,47.0,156.0,0.9981,3.04,0.44,8.7,5,1
17.4566083995436,0.27,0.49,1.1,0.037,33.0,156.0,0.992,3.15,0.54,,6,1
7.9,0.28,0.49,7.7,0.045,48.0,195.0,0.9954,3.04,0.55,,6,1
10.219717597536972,2.1706112251937464,0.49,1.1,0.037,33.0,156.0,0.992,3.15,0.54,11.1,6,1
6.6,0.21,0.49,18.15,0.042,41.0,158.0,0.9997,3.28,0.39,8.7,6,1
7.2,0.27,0.74,12.5,0.037,47.0,156.0,0.9981,3.04,0.44,8.7,5,1
8.1,5.927292083498316,0.49,8.1,0.037,26.0,174.0,0.9943,3.1,0.3,,7,1
7.5,0.23,0.49,7.7,0.049,61.0,209.0,0.9941,3.14,0.3,11.1,7,1
9.301136642750958,0.26,0.49,5.0,0.028,32.0,107.0,0.9936,3.24,0.54,10.8,6,1
1.7401435396109672,-2.4828896521182635,0.74,15.6,0.044,44.0,176.0,0.9996,3.38,0.67,9.0,6,1
8.5,0.15,0.49,1.5,0.031,17.0,122.0,0.9932,3.03,0.4,10.3,6,1
8.9,0.13,0.49,1.0,0.028,6.0,24.0,0.9926,2.91,0.32,9.9,5,1
8.1,0.28,0.49,1.0,0.04,32.0,148.0,0.9936,3.13,0.41,,6,1
9.34989796848482,0.17,0.49,1.0,0.034,26.0,106.0,0.992,3.21,0.42,9.8,6,1
7.3,0.26,0.49,5.0,0.028,32.0,107.0,0.9936,3.24,0.54,,6,1
5.726296117593235,0.18,0.74,15.6,0.044,44.0,176.0,0.9996,3.38,0.67,9.0,6,1
9.247181843224316,5.704245113224203,0.24,0.8,0.029,29.0,86.0,0.993,3.16,0.32,,4,1
4.28240150027876,1.253273149503536,0.49,1.3,0.037,27.0,104.0,0.9924,3.23,0.57,10.6,6,1
7.3,0.19059049786613316,0.49,1.1,0.038,28.0,99.0,0.9928,3.2,0.72,10.6,6,1
5.344777870090233,1.3303714969757237,0.49,1.0,0.028,6.0,24.0,0.9926,2.91,0.32,9.9,5,1
7.9,0.12,0.49,5.2,0.049,33.0,152.0,0.9952,3.18,0.47,10.6,6,1
6.7,1.4615794969010465,0.49,4.7,0.034,35.0,156.0,0.9945,3.13,0.45,9.9,6,1
6.7,5.871313257189732,0.49,4.8,0.034,36.0,158.0,0.9945,3.12,0.45,9.9,6,1
7.1,0.36,0.24,1.8,0.025,32.0,102.0,0.9903,3.34,0.59,12.8,6,1
8.5,1.710662195465174,0.49,1.5,0.031,17.0,122.0,0.9932,3.03,0.4,10.3,6,1
13.829166210493598,0.18,0.49,5.2,0.051,36.0,157.0,0.9953,3.18,0.48,,6,1
3.7290507994856568,0.19,0.99,1.2,0.122,45.0,129.0,0.9936,3.09,0.31,8.7,6,1
7.3,1.8333215134229128,0.49,1.8,0.038,44.0,152.0,0.9912,3.32,0.44,,7,1
10.338319917155243,-0.9644994598876331,0.49,7.6,0.057,25.0,156.0,0.9962,3.43,0.63,11.0,7,1
8.255260964309564,0.42,0.49,8.2,0.056,32.0,164.0,0.9965,3.29,0.6,11.2,7,1
5.639639824919486,2.7572314093932127,0.49,1.3,0.032,35.0,148.0,0.9932,3.45,0.57,10.7,7,1
7.46551334700938,0.23,0.49,10.0,0.036,45.0,182.0,0.9967,3.08,0.58,,6,1
3.996716510406067,0.18,0.49,5.2,0.051,36.0,157.0,0.9953,3.18,0.48,10.6,6,1
6.158736861172309,0.43,0.49,6.4,0.045,12.0,115.0,0.9963,3.27,0.57,9.0,4,1
8.8,0.35,0.49,1.0,0.036,14.0,56.0,0.992,2.96,0.33,10.5,4,1
4.551779058312121,0.3,0.74,1.8,0.033,33.0,156.0,0.991,3.29,0.52,12.8,6,1
9.1,-2.590540920868958,0.49,2.0,0.059,10.0,112.0,0.9958,3.15,0.46,10.1,5,1
7.1,0.34,0.49,1.5,0.027,26.0,126.0,0.99,3.3,0.33,12.2,7,1
6.6136686170580425,0.3,0.74,1.8,0.033,33.0,156.0,0.991,3.29,0.52,12.8,6,1
9.1,0.28,0.49,2.0,0.059,10.0,112.0,0.9958,3.15,0.46,10.1,5,1
8.5,0.5170119687387822,0.49,3.5,0.044,29.0,117.0,0.9938,3.14,0.51,10.1,6,1
7.6,8.829850667342484,0.49,18.05,0.046,36.0,158.0,0.9996,3.06,0.41,9.2,5,1
10.27589869190873,0.19,0.49,1.8,0.055,19.0,110.0,0.9946,3.33,0.44,,5,1
8.162572029672972,-7.212569758938874,0.49,8.2,0.055,49.0,188.0,0.9974,3.52,0.58,9.7,6,1
2.2534885033584358,0.3,0.74,5.0,0.038,35.0,157.0,0.9945,3.21,0.46,9.9,5,1
6.6,0.3,0.74,4.6,0.041,36.0,159.0,0.9946,3.21,0.45,9.9,5,1
7.4,0.3,0.49,8.2,0.055,49.0,188.0,0.9974,3.52,0.58,9.7,6,1
6.9,0.22,0.49,7.0,0.063,50.0,168.0,0.9957,3.54,0.5,10.3,6,1
7.8,0.9594409890063544,0.49,3.1,0.045,21.0,116.0,0.9931,3.16,0.35,10.3,5,1
8.5,0.17,0.49,8.8,0.048,23.0,108.0,0.9947,2.88,0.34,10.5,4,1
6.8,0.17,0.74,2.4,0.053,61.0,182.0,0.9953,3.63,0.76,10.5,6,1
8.75446438074161,1.0848687626366913,0.49,1.4,0.05,20.0,74.0,0.9931,3.32,0.44,9.8,6,1
7.1,0.64,0.49,1.8,0.05,17.0,128.0,0.9946,3.31,0.58,10.6,4,1
6.378700714272573,0.18,0.74,11.9,0.046,54.0,168.0,0.9978,3.58,0.68,10.1,5,1
5.973444194771984,-0.3742671274616079,0.49,13.4,0.062,50.0,191.0,0.9989,3.22,0.53,9.0,4,1
9.8,0.31,0.49,15.4,0.046,13.0,119.0,1.0004,3.18,0.45,9.5,5,1
9.0,-0.31355778320229294,0.49,7.2,0.039,32.0,84.0,0.9938,2.94,0.32,11.5,6,1
10.640028911726795,0.24,0.49,7.4,0.039,46.0,108.0,0.9934,3.03,0.33,11.9,7,1
6.4,0.18,0.74,11.9,0.046,54.0,168.0,0.9978,3.58,0.68,10.1,5,1
5.898379489068994,0.25,0.74,7.8,0.045,52.0,209.0,0.9956,3.21,0.42,9.2,6,1
3.8030159802828614,0.3,0.74,13.5,0.039,46.0,165.0,0.9982,3.02,0.4,8.7,5,1
14.843429134348813,0.5842293194844497,0.49,1.3,0.042,34.0,147.0,0.9948,3.11,0.46,9.8,5,1
6.4,0.25,0.74,7.8,0.045,52.0,209.0,0.9956,3.21,0.42,9.2,6,1
7.3,-0.45600982639359394,0.74,13.5,0.039,46.0,165.0,0.9982,3.02,0.4,8.7,5,1
6.948137671327037,0.27,0.74,1.5,0.036,27.0,122.0,0.9926,3.35,0.48,11.2,6,1
7.6558443865533485,0.8059391864630127,0.74,1.2,0.028,30.0,165.0,0.991,3.08,0.82,12.3,6,1
5.184684484808231,-1.3428321174506972,0.49,6.4,0.042,49.0,161.0,0.9945,3.34,0.44,10.4,6,1
10.339897218372768,6.277178456241237,0.74,1.2,0.047,25.0,111.0,0.9916,3.13,0.41,10.7,6,1
8.6,-0.5960412298920548,0.49,7.3,0.043,9.0,63.0,0.9953,3.13,0.59,10.5,6,1
7.0,1.998834222874149,0.49,3.8,0.047,37.0,136.0,0.9938,2.95,0.4,9.4,6,1
6.4,-1.7371082995296505,0.49,7.3,0.046,53.0,206.0,0.9956,3.24,0.43,9.2,6,1
5.025364475573879,0.55,0.01,2.7,0.034,56.0,122.0,0.9906,3.15,0.3,11.9,5,1
6.4,0.27,0.49,7.3,0.046,53.0,206.0,0.9956,3.24,0.43,9.2,6,1
1.665060423565186,3.0394290912034405,0.74,1.4,0.172,24.0,108.0,0.9932,3.27,0.39,9.9,6,1
4.663967014312064,0.33,0.49,1.6,0.167,20.0,94.0,0.9914,3.11,0.5,11.4,6,1
7.0,0.29,0.49,3.8,0.047,37.0,136.0,0.9938,2.95,0.4,,6,1
8.2,0.34,0.49,8.0,0.046,55.0,223.0,0.996,3.08,0.52,,6,1
5.6,2.5904033620540043,0.24,4.7,0.034,27.0,77.0,0.9906,3.28,0.36,12.7,5,1
5.6,0.41,0.24,1.9,0.034,10.0,53.0,0.98815,3.32,0.5,13.5,7,1
6.7,1.6677807095965103,0.01,2.8,0.048,39.0,137.0,0.9942,3.24,0.35,,5,1
7.1,-2.8220060686555595,0.49,2.2,0.032,31.0,113.0,0.9903,3.37,0.42,,9,1
7.5,0.32,0.49,1.7,0.031,44.0,109.0,0.9906,3.07,0.46,,6,1
9.780323801364377,0.19,0.49,4.9,0.04,44.0,118.0,0.9935,3.34,0.38,,7,1
9.396396484371351,0.27,0.49,23.5,0.057,59.0,235.0,1.0024,2.98,0.47,8.6,5,1
7.334953042020416,-2.057209121690563,0.49,11.8,0.048,46.0,212.0,0.9968,3.09,0.46,10.0,7,1
11.619765424921422,0.32,0.49,1.7,0.031,44.0,109.0,0.9906,3.07,0.46,12.5,6,1
10.443826686465647,0.26,0.49,5.2,0.04,19.0,100.0,0.9941,3.12,0.34,10.1,6,1
7.8,5.318518957238542,0.49,3.2,0.027,28.0,87.0,0.9919,3.03,0.32,,7,1
8.0,-2.1504211231320385,0.49,1.5,0.035,42.0,120.0,0.9928,3.26,0.4,10.6,7,1
8.0,2.2127065106375134,0.49,11.7,0.035,40.0,131.0,0.9958,3.14,0.34,10.8,5,1
6.70023190909618,-2.644013990543907,0.49,1.6,0.047,42.0,140.0,0.9932,3.4,0.47,,6,1
6.9,3.365149706805307,0.49,7.3,0.045,61.0,206.0,0.9957,3.09,0.4,,6,1
5.702270434696761,-1.8591920724921545,0.49,1.6,0.065,17.0,143.0,0.9937,3.22,0.52,9.2,6,1
7.387953195836303,0.37,0.49,13.3,0.045,53.0,243.0,0.9982,3.14,0.48,,6,1
3.704339151008553,0.22,0.49,6.0,0.029,31.0,128.0,0.9928,3.41,0.36,,8,1
7.813515196528052,0.26,0.49,3.2,0.027,28.0,87.0,0.9919,3.03,0.32,11.3,7,1
9.825540093839871,0.32,0.49,1.6,0.05,17.0,131.0,0.9956,3.13,0.34,9.4,5,1
6.5,-2.44956366262,0.49,7.7,0.045,16.0,169.0,0.9957,3.11,0.37,8.7,6,1
7.0,0.14,0.49,5.9,0.053,22.0,118.0,0.9954,3.36,0.36,9.4,6,1
9.0,0.17,0.49,1.0,0.039,46.0,131.0,0.993,3.09,0.51,,7,1
1.3391012841743812,0.26,0.49,6.4,0.037,37.0,161.0,0.9954,3.38,0.53,9.7,6,1
9.0,-1.9170274300907042,0.49,10.4,0.048,52.0,195.0,0.9987,3.31,0.44,10.2,6,1
8.9,0.32,0.49,1.6,0.05,17.0,131.0,0.9956,3.13,0.34,9.4,5,1
7.632039032296306,0.2,0.49,3.5,0.057,14.0,108.0,0.9928,3.19,0.35,11.5,6,1
7.8,0.15,0.24,7.7,0.047,21.0,98.0,0.9951,2.94,0.31,9.6,6,1
6.9,0.25,0.24,1.8,0.053,6.0,121.0,0.993,3.23,0.7,11.4,5,1
8.2,0.2,0.49,3.5,0.057,14.0,108.0,0.9928,3.19,0.35,11.5,6,1
6.190831443902935,0.28,0.49,6.5,0.041,28.0,111.0,0.9926,3.41,0.58,12.2,8,1
7.4,0.19,0.49,6.7,0.037,15.0,110.0,0.9938,3.2,0.38,11.0,7,1
11.384204059880968,0.25,0.49,16.8,0.048,50.0,228.0,1.0001,3.03,0.52,9.2,6,1
1.9665090185668976,0.14,0.74,1.6,0.035,21.0,126.0,0.9933,3.26,0.45,10.2,6,1
6.655481940888867,-1.1714077899830697,0.49,7.0,0.043,29.0,149.0,0.9952,3.21,0.33,10.0,5,1
8.1,0.12,0.49,1.2,0.042,43.0,160.0,0.9934,3.13,0.48,9.7,6,1
6.154736057906239,1.6840200647726593,0.49,13.0,0.239,42.0,220.0,0.9988,2.96,0.51,9.2,5,1
10.780212891764801,0.42815111841334985,0.49,3.8,0.042,26.0,105.0,0.993,3.1,0.39,10.5,5,1
7.669360291905321,-2.7954682397384927,0.49,7.0,0.043,29.0,149.0,0.9952,3.21,0.33,10.0,5,1
6.4,0.22,0.49,7.5,0.054,42.0,151.0,0.9948,3.27,0.52,,6,1
7.3,0.10615895860353927,0.49,15.55,0.058,50.0,134.0,0.9998,3.42,0.36,9.1,7,1
8.1,-3.130504221873289,0.49,12.3,0.049,50.0,144.0,0.9971,3.09,0.57,10.2,7,1
12.68828393695711,2.1206720950029383,0.49,15.55,0.058,50.0,134.0,0.9998,3.42,0.36,9.1,7,1
9.486640145719159,0.24,0.49,9.4,0.048,50.0,149.0,0.9962,3.17,0.59,10.5,7,1
6.4,0.22,0.49,7.5,0.054,42.0,151.0,0.9948,3.27,0.52,,6,1
6.569331017431443,0.21,0.49,1.2,0.036,20.0,99.0,0.99,3.05,0.28,12.1,7,1
7.1,0.3,0.49,1.6,0.045,31.0,100.0,0.9942,3.4,0.59,10.2,5,1
6.9,2.7407086966172205,0.49,1.6,0.058,39.0,166.0,0.9965,3.65,0.52,,4,1
7.6,0.31,0.49,3.95,0.044,27.0,131.0,0.9912,3.08,0.67,12.8,7,1
6.4,0.3481579843519145,0.74,12.8,0.076,48.0,209.0,0.9978,3.12,0.58,9.0,6,1
8.2,0.29,0.49,1.0,0.044,29.0,118.0,0.9928,3.24,0.36,10.9,4,1
8.618976089676877,0.33,0.28,31.6,0.053,35.0,176.0,1.0103,3.15,0.38,8.8,6,1
6.6,0.46,0.49,7.4,0.052,19.0,184.0,0.9956,3.11,0.38,,5,1
6.7377935718916255,1.0949602089782844,0.49,1.3,0.046,27.0,142.0,0.9936,3.09,0.59,10.2,5,1
5.8,5.40637233199323,0.49,1.1,0.048,21.0,98.0,0.9929,3.19,0.48,9.2,5,1
10.37818827147126,0.4,0.49,7.8,0.06,34.0,162.0,0.9966,3.26,0.58,11.3,6,1
2.603406860126963,0.31,0.49,7.7,0.05,52.0,220.0,0.9964,3.12,0.45,8.8,5,1
6.6,0.325,0.49,7.7,0.049,53.0,217.0,0.996,3.16,0.4,9.3,5,1
4.128912070285999,0.27,0.49,7.8,0.049,62.0,217.0,0.9959,3.17,0.45,9.4,6,1
8.067069755664765,0.26,0.49,8.3,0.047,54.0,191.0,0.9954,3.23,0.4,10.3,6,1
6.7,-0.262808977176357,0.49,1.4,0.047,30.0,114.0,0.9914,2.92,0.42,10.8,7,1
11.577269346170864,0.33,0.28,31.6,0.053,35.0,176.0,1.0103,3.15,0.38,8.8,6,1
8.1,-2.5527738501526684,0.46,15.4,0.059,32.0,177.0,1.0004,3.27,0.58,9.0,4,1
-0.10590578841759601,0.13,0.37,1.0,0.036,48.0,114.0,0.9911,3.41,0.51,11.5,8,1
11.923413647971248,0.445,0.56,1.0,0.04,8.0,84.0,0.9938,3.25,0.43,10.8,5,1
8.379594614715982,0.39,0.34,5.9,0.055,33.0,128.0,0.9927,2.95,0.51,11.8,6,1
7.9,0.18,0.33,1.2,0.033,20.0,72.0,0.9922,3.12,0.38,10.5,7,1
7.1,2.047585707813371,0.38,1.2,0.036,10.0,124.0,0.9924,3.14,0.44,9.9,6,1
2.148375114188511,0.24,0.18,6.7,0.046,33.0,160.0,0.9963,3.2,0.56,9.8,6,1
7.0,0.35,0.3,6.5,0.028,27.0,87.0,0.9936,3.4,0.42,11.4,7,1
6.6,0.26,0.31,4.8,0.138,41.0,168.0,0.9951,3.2,0.38,,5,1
6.6,0.27,0.31,5.3,0.137,35.0,163.0,0.9951,3.2,0.38,,5,1
6.8,0.22,0.29,8.9,0.046,82.0,188.0,0.9955,3.3,0.44,10.3,6,1
6.2,-3.1279612972960344,0.32,8.8,0.047,65.0,224.0,0.9961,3.17,0.47,,5,1
7.0,0.35,0.3,6.5,0.028,27.0,87.0,0.9936,3.4,0.42,11.4,7,1
7.3,0.23,0.37,1.8,0.032,60.0,156.0,0.992,3.11,0.35,11.1,6,1
6.2,-0.33170688981882795,0.2,6.6,0.045,42.0,170.0,0.9944,3.36,0.45,,6,1
-2.605183525668016,0.35,0.2,5.7,0.034,18.0,117.0,0.9944,3.33,0.43,10.1,5,1
3.0118418025751605,-1.4769701382505513,0.34,18.35,0.054,44.0,197.0,1.0008,3.22,0.55,9.0,5,1
6.3,-1.7954594996266109,0.3,10.0,0.046,49.0,212.0,0.9962,3.74,0.55,11.9,6,1
7.140885432463795,-0.5002627869335321,0.28,14.4,0.055,55.0,205.0,0.9986,3.12,0.38,9.0,7,1
7.002305886573346,0.25,0.28,14.4,0.055,55.0,205.0,0.9986,3.12,0.38,,7,1
9.19960130412793,0.26,0.33,17.85,0.049,41.5,195.0,1.0,3.06,0.44,,7,1
5.551538467317109,2.949673978642247,0.28,14.4,0.055,55.0,205.0,0.9986,3.12,0.38,9.0,7,1
7.4,3.577006364972558,0.37,9.4,0.047,42.0,147.0,0.9982,3.46,0.72,10.0,5,1
7.3,3.038617589272011,0.33,17.85,0.049,41.5,195.0,1.0,3.06,0.44,9.1,7,1
6.7,1.259062267385243,0.26,1.55,0.041,118.5,216.0,0.9949,3.55,0.63,9.4,3,1
3.775878360661487,0.16,0.25,1.3,0.034,28.0,123.0,0.9915,3.27,0.55,11.4,6,1
9.0,-0.3431496841629679,0.3,1.5,0.05,7.0,175.0,0.9951,3.11,0.45,9.7,4,1
5.960740837017321,-6.823474986199873,0.28,14.4,0.055,55.0,205.0,0.9986,3.12,0.38,,7,1
7.0,1.3429829798318236,0.3,4.2,0.04,41.0,213.0,0.9927,3.28,0.49,,6,1
6.7,0.265,0.22,8.6,0.048,54.0,198.0,0.9955,3.25,0.41,,5,1
7.7,0.12,0.32,1.4,0.06,47.0,150.0,0.9952,3.37,0.42,9.2,6,1
7.2,0.21,0.33,3.0,0.036,35.0,132.0,0.9928,3.25,0.4,11.0,6,1
8.5,0.32,0.36,14.9,0.041,47.0,190.0,0.9982,3.08,0.31,10.0,6,1
6.9,0.18,0.3,2.0,0.038,39.0,190.0,0.9914,3.32,0.37,,6,1
7.0,0.24,0.3,4.2,0.04,41.0,213.0,0.9927,3.28,0.49,,6,1
6.3,0.26,0.29,2.2,0.043,35.0,175.0,0.9918,3.38,0.43,11.6,6,1
6.800830860734732,0.26,0.3,1.8,0.043,25.0,121.0,0.9944,3.44,0.61,10.2,6,1
7.9,-6.547995174276662,0.36,11.1,0.033,43.0,208.0,0.9969,3.14,0.46,10.3,5,1
7.192318384865832,0.27,0.19,4.2,0.046,6.0,114.0,0.9955,3.25,0.35,8.6,4,1
4.332505902182783,0.33,0.42,6.4,0.058,27.0,151.0,0.9954,3.16,0.44,9.6,5,1
6.7,0.31,0.42,6.4,0.057,25.0,148.0,0.9955,3.16,0.45,9.6,5,1
6.6,-5.520101829419039,0.31,1.5,0.035,32.0,127.0,0.9921,3.41,0.47,11.3,6,1
9.104340101006079,0.24,0.22,1.5,0.038,38.0,157.0,0.9934,3.41,0.55,,6,1
4.935809684827899,0.26,0.29,16.95,0.056,48.0,179.0,0.9998,3.45,0.4,9.6,5,1
4.390847913025288,0.12499703263915857,0.26,1.7,0.051,25.0,161.0,0.9946,3.36,0.6,10.6,4,1
6.8,1.0137317338914924,0.3,13.6,0.055,50.0,180.0,0.9984,3.44,0.39,,5,1
6.47282547159513,-1.0432547114877817,0.24,1.6,0.032,10.0,67.0,0.9924,3.08,0.47,10.5,5,1
7.0,0.2,0.3,6.1,0.037,31.0,120.0,0.9939,3.24,0.51,10.8,5,1
7.9,0.18,0.37,3.0,0.061,25.0,178.0,0.995,3.22,0.51,10.0,6,1
6.6,0.34,0.27,6.2,0.059,23.0,136.0,0.9957,3.3,0.49,10.1,6,1
6.8,0.3,0.24,6.6,0.123,35.0,116.0,0.9953,3.07,0.48,,5,1
9.72452052710782,0.18,0.34,1.6,0.04,43.0,148.0,0.9912,3.32,0.59,11.5,8,1
6.601610641178022,4.816593445781903,0.31,6.0,0.046,29.0,108.0,0.9939,3.26,0.5,,6,1
6.8,1.6563049725555201,0.32,1.5,0.044,19.0,142.0,0.9921,3.1,0.43,9.9,6,1
7.216459490790685,-0.5482237203857729,0.33,1.7,0.05,28.0,178.0,0.9954,3.16,0.43,,4,1
8.57832325134563,0.23,0.27,1.8,0.043,24.0,69.0,0.9933,3.38,0.31,9.4,6,1
14.028245619846238,4.3589298355453865,0.39,2.6,0.044,30.0,180.0,0.9941,3.46,0.44,10.8,7,1
8.829047902926842,4.845340042692273,0.48,2.7,0.052,24.0,190.0,0.995,3.5,0.45,10.9,7,1
7.5,0.4,1.0,19.5,0.041,33.0,148.0,0.9977,3.24,0.38,12.0,6,1
6.5,0.18,0.34,1.6,0.04,43.0,148.0,0.9912,3.32,0.59,11.5,8,1
7.0,1.6676760804240072,0.3,5.0,0.056,31.0,122.0,0.9945,3.47,0.42,10.5,6,1
6.9,0.17,0.22,4.6,0.064,55.0,152.0,0.9952,3.29,0.37,9.3,6,1
7.0,0.3,0.32,6.4,0.034,28.0,97.0,0.9924,3.23,0.44,,6,1
7.6,0.445,0.44,14.5,0.045,68.0,212.0,0.9986,3.48,0.36,,6,1
6.8,0.3,0.24,6.6,0.123,35.0,116.0,0.9953,3.07,0.48,9.4,5,1
7.5,-2.1057729792724893,0.33,6.7,0.036,45.0,138.0,0.9939,3.2,0.68,11.4,6,1
12.9015273825963,-1.4208112930651966,0.3,1.1,0.031,40.0,99.0,0.9929,2.94,0.3,10.4,6,1
8.7,-4.000216138980011,0.46,13.8,0.055,68.0,198.0,0.9988,3.36,0.37,9.5,6,1
9.70823385172437,0.545,0.04,2.5,0.031,48.0,111.0,0.9906,3.14,0.32,11.9,5,1
6.283080745025001,0.3,0.31,1.1,0.041,49.0,123.0,0.9914,2.99,0.45,11.1,6,1
6.9799025414286975,0.16,0.3,9.6,0.057,50.0,185.0,0.9978,3.39,0.38,9.6,6,1
4.152366110888038,0.32,0.36,4.6,0.042,56.0,178.0,0.9928,3.29,0.47,,6,1
5.485173200915094,0.09274936059846034,0.23,3.1,0.052,15.0,104.0,0.9948,3.14,0.42,8.7,5,1
6.9,-2.9901243243335967,0.3,9.6,0.057,50.0,185.0,0.9978,3.39,0.38,9.6,6,1
7.5,-0.8372243075895547,0.38,1.8,0.054,19.0,101.0,0.9946,3.24,0.44,10.0,5,1
6.521428892622828,0.29,0.29,1.05,0.032,4.0,55.0,0.9908,2.91,0.32,,4,1
6.6,0.37,0.47,6.5,0.061,23.0,150.0,0.9954,3.14,0.45,,6,1
6.491342128473095,0.38,0.4,2.0,0.038,28.0,152.0,0.9906,3.18,0.32,12.9,6,1
6.3,1.0318009091654836,0.23,14.9,0.039,47.0,142.0,0.99705,3.14,0.35,9.7,6,1
6.050314905858991,0.3,0.36,10.0,0.042,33.0,169.0,0.9982,3.23,0.51,9.3,6,1
5.7387095754132975,-5.731125926011818,0.58,1.1,0.133,52.0,136.0,0.9932,3.1,0.3,9.1,5,1
6.1,0.34,0.31,12.0,0.053,46.0,238.0,0.9977,3.16,0.48,8.6,5,1
7.5,-3.571223805563711,0.29,4.8,0.05,33.0,87.0,0.994,3.14,0.42,,5,1
8.3,0.3,0.36,10.0,0.042,33.0,169.0,0.9982,3.23,0.51,9.3,6,1
8.0,-1.2505441645059774,0.24,1.2,0.044,20.0,102.0,0.9929,3.28,0.42,10.9,5,1
6.1,0.012417893830482696,0.27,1.5,0.056,45.0,135.0,0.9924,3.2,0.43,10.2,6,1
8.996698058794744,0.18,0.3,10.4,0.045,44.0,174.0,0.9966,3.11,0.57,9.7,6,1
6.341524268680013,-1.321672399214324,0.28,2.5,0.046,40.0,153.0,0.9921,3.38,0.51,11.4,7,1
0.5068804067338428,0.255,0.44,12.3,0.045,53.0,197.0,0.9967,3.24,0.54,,6,1
5.1616383053045425,-0.5815537941591313,0.25,1.4,0.049,43.0,141.0,0.9934,3.42,0.54,10.2,7,1
1.8418019423252439,0.16,0.28,2.2,0.042,33.0,93.0,0.9914,3.31,0.43,11.1,6,1
6.3,-1.8685615883766724,0.23,14.9,0.039,47.0,142.0,0.99705,3.14,0.35,9.7,6,1
7.432180677945303,0.27,0.25,8.0,0.053,54.0,202.0,0.9961,3.22,0.43,9.3,5,1
6.9,0.29,0.23,8.6,0.056,56.0,215.0,0.9967,3.17,0.44,8.8,5,1
9.6,0.21,0.28,1.2,0.038,12.0,53.0,0.9926,2.8,0.46,10.6,5,1
6.6,-3.728199525425879,0.2,8.7,0.046,81.0,224.0,0.99605,3.17,0.44,9.3,5,1
6.4,0.28,0.19,5.4,0.042,67.0,181.0,0.99435,3.31,0.35,10.2,6,1
9.509952092162562,-1.3042523321750958,0.28,5.7,0.044,31.0,124.0,0.9948,3.16,0.51,10.2,6,1
7.169644665562496,0.17,0.27,1.5,0.037,20.0,98.0,0.9916,3.46,0.42,,7,1
7.3,0.21,0.3,10.9,0.037,18.0,112.0,0.997,3.4,0.5,9.6,6,1
6.7,0.27,0.25,8.0,0.053,54.0,202.0,0.9961,3.22,0.43,9.3,5,1
4.537786820101838,0.29,0.23,8.6,0.056,56.0,215.0,0.9967,3.17,0.44,8.8,5,1
7.340561787393648,-0.3195055747909145,0.26,7.7,0.054,56.0,209.0,0.9961,3.17,0.45,,5,1
7.4,-0.611170310818745,0.22,1.7,0.051,50.0,179.0,0.9955,3.28,0.69,8.9,5,1
6.6,0.7053877563893594,0.07,1.4,0.048,58.0,144.0,0.9922,3.17,0.38,10.0,5,1
6.289657232693375,0.43,0.28,4.5,0.046,33.0,102.0,0.9918,3.16,0.56,12.2,7,1
7.8,1.6466837114255917,0.26,9.9,0.059,33.0,181.0,0.9955,3.04,0.42,,6,1
6.5,0.18,0.26,1.4,0.041,40.0,141.0,0.9941,3.34,0.72,9.5,6,1
4.385323650749243,0.4,0.26,9.5,0.059,32.0,178.0,0.9955,3.04,0.43,10.9,6,1
7.8,0.39,0.26,9.9,0.059,33.0,181.0,0.9955,3.04,0.42,10.9,6,1
9.125789759126791,0.19,0.28,3.0,0.054,33.0,99.0,0.9924,3.16,0.4,10.8,6,1
7.7,2.5351786806900094,1.0,19.6,0.03,28.0,135.0,0.9973,3.24,0.4,12.0,6,1
6.6,-1.650652506534172,0.35,14.0,0.069,42.0,163.0,0.999,3.56,0.47,9.8,5,1
8.954083261171316,0.18,0.26,1.4,0.041,40.0,141.0,0.9941,3.34,0.72,9.5,6,1
6.4,-4.577390411759355,0.36,1.8,0.034,43.0,150.0,0.9922,3.42,0.69,11.0,8,1
6.4,3.9647890971858204,0.36,1.8,0.034,43.0,150.0,0.9922,3.42,0.69,11.0,8,1
8.4,1.3263377468332647,0.31,5.4,0.052,47.0,150.0,0.9953,3.24,0.38,9.8,5,1
8.946686443250517,0.32,0.37,1.8,0.051,13.0,200.0,0.9945,3.49,0.44,10.5,4,1
8.5,0.21,0.26,9.25,0.034,73.0,142.0,0.9945,3.05,0.37,11.4,6,1
8.7,-2.4139870535218155,0.4,1.5,0.067,17.0,100.0,0.9957,3.27,0.57,10.1,6,1
6.7,1.0731151694772643,0.29,6.8,0.038,54.0,127.0,0.9932,3.33,0.46,11.6,7,1
6.674954199902631,0.21,0.26,9.25,0.034,73.0,142.0,0.9945,3.05,0.37,11.4,6,1
7.4,3.5339841998043715,0.26,2.6,0.04,29.0,115.0,0.9913,3.07,0.52,11.8,7,1
7.2,0.26,0.3,2.1,0.033,50.0,158.0,0.9909,3.33,0.43,,7,1
8.2,0.36,0.29,7.6,0.035,37.0,122.0,0.9939,3.16,0.34,12.0,5,1
7.8,0.2,0.24,1.6,0.026,26.0,189.0,0.991,3.08,0.74,12.1,7,1
12.938086938079238,0.16,0.3,1.4,0.042,26.0,176.0,0.9954,3.15,0.46,9.1,5,1
4.919253246015797,0.33,0.24,1.6,0.054,25.0,117.0,0.9943,3.36,0.5,9.3,5,1
7.8,5.407529575718174,0.36,1.4,0.056,21.0,153.0,0.993,3.2,0.53,10.4,6,1
7.4,0.35,0.31,17.95,0.062,42.0,187.0,1.0002,3.27,0.64,9.1,5,1
8.560503964615538,0.37,0.24,2.0,0.064,23.0,120.0,0.9946,3.32,0.54,9.4,5,1
6.7,0.37,0.41,6.3,0.061,22.0,149.0,0.9953,3.16,0.47,,6,1
7.1,0.37,0.32,1.4,0.037,27.0,126.0,0.9918,3.19,0.62,12.0,5,1
5.367262014699975,1.0018308284731932,0.27,9.05,0.039,37.0,128.0,0.9936,3.27,0.34,11.3,8,1
6.1280535087626875,0.23,0.29,15.4,0.073,56.0,173.0,0.9984,3.06,0.41,,6,1
6.4,3.4390119120495823,0.21,7.1,0.04,35.0,162.0,0.9956,3.39,0.58,,6,1
7.6,-3.328806216944173,0.22,10.2,0.049,57.0,191.0,0.9966,3.08,0.4,,6,1
2.1364664278324312,0.16,0.23,1.6,0.042,14.0,67.0,0.9942,3.07,0.32,9.5,5,1
6.8,0.23,0.29,15.4,0.073,56.0,173.0,0.9984,3.06,0.41,8.7,6,1
6.4,0.26,0.21,7.1,0.04,35.0,162.0,0.9956,3.39,0.58,9.9,6,1
7.6,0.1922917452099704,0.22,10.2,0.049,57.0,191.0,0.9966,3.08,0.4,,6,1
7.5,-0.6750379477689585,0.39,12.4,0.065,29.0,119.0,0.9974,3.16,0.39,9.4,5,1
7.6,0.38,0.2,3.4,0.046,9.0,116.0,0.9944,3.15,0.41,9.4,5,1
8.8,0.2,0.43,15.0,0.053,60.0,184.0,1.0008,3.28,0.79,8.8,6,1
6.594260356749253,0.33,0.39,12.4,0.065,29.0,119.0,0.9974,3.16,0.39,9.4,5,1
8.8,0.2,0.43,15.0,0.053,60.0,184.0,1.0008,3.28,0.79,8.8,6,1
6.873269900355082,0.36,0.21,1.5,0.049,39.0,184.0,0.9928,3.18,0.41,9.9,6,1
7.6,0.38,0.2,3.4,0.046,9.0,116.0,0.9944,3.15,0.41,9.4,5,1
4.369851147908483,1.487709555112629,0.24,4.8,0.042,24.0,72.0,0.9908,3.29,0.37,12.6,6,1
7.2,0.15,0.38,1.2,0.038,18.0,110.0,0.9917,3.19,0.43,11.1,6,1
13.468564204255419,0.42,0.29,4.1,0.03,31.0,100.0,0.9911,3.0,0.32,12.8,7,1
3.3126017440241706,0.3,0.35,2.8,0.038,10.0,164.0,0.9912,3.09,0.53,,6,1
5.009256288688222,0.27,0.3,13.9,0.029,34.0,131.0,0.9953,3.36,0.5,12.0,7,1
7.2,0.5,0.0,0.8,0.034,46.0,114.0,0.9932,3.19,0.34,9.2,4,1
6.0,5.093581806308665,0.29,1.0,0.032,27.0,96.0,0.9896,3.38,0.44,12.3,6,1
4.08538217004244,0.33,0.28,1.2,0.032,38.0,131.0,0.9889,3.19,0.41,13.0,6,1
6.8,0.3,0.35,2.8,0.038,10.0,164.0,0.9912,3.09,0.53,12.0,6,1
7.4,0.29,0.31,1.7,0.035,23.0,110.0,0.9926,3.07,0.38,10.9,5,1
6.508669063013586,1.1696681828377749,0.29,4.1,0.03,31.0,100.0,0.9911,3.0,0.32,12.8,7,1
7.3,-2.62307221780063,0.24,6.3,0.054,34.0,231.0,0.9964,3.36,0.54,10.0,6,1
6.5,0.32,0.12,11.5,0.033,35.0,165.0,0.9974,3.22,0.32,9.0,5,1
10.194239188822115,0.32,0.4,1.5,0.034,13.0,84.0,0.9944,3.42,0.6,,5,1
6.5,0.32,0.12,11.5,0.033,35.0,165.0,0.9974,3.22,0.32,9.0,5,1
11.73409538298089,-3.6003157396516436,0.24,6.3,0.054,34.0,231.0,0.9964,3.36,0.54,10.0,6,1
7.3,0.17,0.23,6.3,0.051,35.0,240.0,0.9963,3.36,0.54,10.0,6,1
7.7,0.44,0.24,11.2,0.031,41.0,167.0,0.9948,3.12,0.43,11.3,7,1
7.7,5.377340188261816,0.24,11.2,0.031,41.0,167.0,0.9948,3.12,0.43,11.3,7,1
7.4,2.031380237155698,0.24,15.1,0.03,34.0,153.0,0.9953,3.13,0.51,12.0,7,1
7.7,0.44,0.24,11.2,0.031,41.0,167.0,0.9948,3.12,0.43,11.3,7,1
7.4,1.8342440409251701,0.24,15.1,0.03,34.0,153.0,0.9953,3.13,0.51,12.0,7,1
4.297622167243175,0.21,0.3,5.6,0.044,43.0,160.0,0.9949,3.6,0.41,10.6,6,1
5.830977371830389,0.55,0.42,12.6,0.211,37.0,213.0,0.9988,2.99,0.56,9.3,5,1
7.0,0.19,0.23,5.7,0.123,27.0,104.0,0.9954,3.04,0.54,9.4,6,1
3.728614054218255,-0.7911941656745114,0.29,2.2,0.037,37.0,102.0,0.992,3.27,0.64,,7,1
10.41885615955791,0.34,0.36,11.0,0.052,53.0,247.0,0.9984,3.44,0.55,,6,1
10.363013220748908,0.19,0.23,5.7,0.123,27.0,104.0,0.9954,3.04,0.54,9.4,6,1
6.9,0.18,0.33,1.0,0.054,24.0,164.0,0.9926,3.42,0.51,10.5,5,1
6.88205460003364,0.24,0.29,2.2,0.037,37.0,102.0,0.992,3.27,0.64,11.0,7,1
4.011702411079359,0.18,0.31,11.8,0.039,96.0,249.0,0.9976,3.07,0.52,9.5,6,1
4.380012303631244,0.28,0.45,7.8,0.059,32.0,139.0,0.9972,3.33,0.77,11.2,6,1
6.611888351153779,0.34,0.46,4.7,0.029,21.0,94.0,0.991,3.29,0.62,12.3,6,1
7.4,0.44,0.2,11.5,0.049,44.0,157.0,0.998,3.27,0.44,9.0,5,1
9.248013755339496,1.06358535400353,0.58,7.9,0.041,62.0,180.0,0.9966,3.07,0.38,9.0,5,1
7.4,-2.52087971838043,0.2,11.5,0.049,44.0,157.0,0.998,3.27,0.44,9.0,5,1
8.7,0.49,0.57,17.8,0.052,34.0,243.0,1.0007,2.98,0.82,9.0,5,1
0.8015655849365544,1.4015950671109556,0.25,1.7,0.042,48.0,189.0,0.992,3.25,0.42,11.4,6,1
7.1,0.25,0.25,1.6,0.046,50.0,181.0,0.9925,3.2,0.42,11.0,7,1
6.1,0.34,0.46,4.7,0.029,21.0,94.0,0.991,3.29,0.62,12.3,6,1
6.4,0.18,0.31,1.6,0.049,36.0,127.0,0.9934,3.6,0.67,10.4,7,1
7.336070268386353,-3.254610409722083,0.39,2.4,0.058,16.0,107.0,0.9955,3.28,0.59,10.3,5,1
11.654887668672151,0.24,0.35,6.4,0.048,44.0,172.0,0.9944,3.29,0.55,10.5,7,1
8.0,-0.8578653350832779,0.28,14.0,0.053,83.0,197.0,0.9981,3.14,0.45,9.8,6,1
10.0,0.91,0.42,1.6,0.056,34.0,181.0,0.9968,3.11,0.46,10.0,4,1
8.9,0.34,0.34,1.6,0.056,13.0,176.0,0.9946,3.14,0.47,,5,1
8.9,0.33,0.34,1.4,0.056,14.0,171.0,0.9946,3.13,0.47,9.7,5,1
7.347472380109144,0.22,0.28,14.0,0.053,83.0,197.0,0.9981,3.14,0.45,9.8,6,1
6.7,0.18,0.19,4.7,0.046,57.0,161.0,0.9946,3.32,0.66,,6,1
7.8,-1.7286794459782173,0.28,10.2,0.054,78.0,186.0,0.997,3.14,0.46,10.0,6,1
7.3,-9.642102927999725,0.31,2.3,0.054,22.0,104.0,0.9924,3.24,0.92,11.5,7,1
11.06891427237187,0.28,0.3,7.8,0.049,57.0,202.0,0.9958,3.24,0.39,9.5,5,1
9.04713838686705,0.25,0.3,2.4,0.042,25.0,122.0,0.994,3.43,0.61,10.5,6,1
7.6,-0.6803058796002205,0.44,8.3,0.255,28.0,142.0,0.9958,3.12,0.43,,6,1
7.6,-2.426599273388786,0.25,13.9,0.05,45.0,199.0,0.9984,3.34,0.5,9.8,6,1
6.9,-0.2611696516723513,0.28,13.8,0.031,34.0,137.0,0.9948,3.1,0.37,11.6,6,1
4.1471611974939275,0.21,0.27,7.3,0.031,41.0,144.0,0.9932,3.15,0.38,,7,1
7.321986119944431,0.18516840144556226,0.28,8.5,0.035,41.0,140.0,0.9952,3.04,0.37,10.1,7,1
6.3,0.19,0.21,1.8,0.049,35.0,163.0,0.9924,3.31,0.5,10.3,6,1
7.0,5.513795828944753,0.22,5.1,0.048,38.0,168.0,0.9945,3.34,0.49,10.4,6,1
5.8,0.33,0.2,16.05,0.047,26.0,166.0,0.9976,3.09,0.46,8.9,5,1
5.8,1.2441269914725266,0.2,16.05,0.047,26.0,166.0,0.9976,3.09,0.46,,5,1
7.9,0.29,0.31,7.35,0.034,37.0,154.0,0.9938,3.06,0.31,10.8,5,1
6.6,1.3123378989506138,0.38,16.05,0.058,16.0,165.0,0.9997,3.38,0.6,9.2,5,1
8.0,0.19,0.3,2.0,0.053,48.0,140.0,0.994,3.18,0.49,9.6,6,1
8.0,0.2,0.36,1.2,0.032,21.0,78.0,0.9921,3.08,0.37,10.4,6,1
8.0,1.7368415056577344,0.26,14.0,0.043,41.0,248.0,0.9986,3.03,0.57,8.7,6,1
7.2,0.2,0.61,16.2,0.043,14.0,103.0,0.9987,3.06,0.36,9.2,6,1
7.7,2.9154255367233777,0.42,14.3,0.045,45.0,213.0,0.9991,3.18,0.63,,5,1
7.2,0.2,0.61,16.2,0.043,14.0,103.0,0.9987,3.06,0.36,9.2,6,1
7.7,0.3,0.42,14.3,0.045,45.0,213.0,0.9991,3.18,0.63,,5,1
7.7,1.6628383615635547,0.42,14.3,0.045,45.0,213.0,0.9991,3.18,0.63,9.2,5,1
6.4,0.22,0.32,7.9,0.029,34.0,124.0,0.9948,3.4,0.39,,5,1
7.2,1.0451390732723576,0.61,16.2,0.043,14.0,103.0,0.9987,3.06,0.36,9.2,6,1
7.0,0.53,0.02,1.0,0.036,39.0,107.0,0.993,3.2,0.32,,5,1
7.3,0.24,0.41,13.6,0.05,41.0,178.0,0.9988,3.37,0.43,,5,1
7.2,0.24,0.4,17.85,0.049,50.0,185.0,1.0,3.34,0.42,,5,1
7.213917284365891,2.2837407556894305,0.4,1.3,0.036,24.0,112.0,0.9932,3.14,0.76,,5,1
7.7,0.3,0.42,14.3,0.045,45.0,213.0,0.9991,3.18,0.63,9.2,5,1
7.6,-6.949903262493312,0.41,13.7,0.045,44.0,197.0,0.9989,3.18,0.64,9.1,5,1
3.9424652957194803,0.24,0.31,18.3,0.046,40.0,142.0,1.0,3.3,0.41,,5,1
6.8,6.507154749836479,0.31,18.3,0.046,40.0,142.0,1.0,3.3,0.41,8.7,5,1
6.8,5.119189534140196,0.44,6.5,0.056,31.0,161.0,0.9952,3.14,0.44,9.5,5,1
4.990395931567177,0.9114072555778702,0.33,10.3,0.039,73.0,212.0,0.9969,2.93,0.49,9.5,6,1
7.5,0.29,0.67,8.1,0.037,53.0,166.0,0.9966,2.9,0.41,8.9,6,1
7.5,-3.9490193512262994,0.67,8.1,0.037,53.0,166.0,0.9966,2.9,0.41,8.9,6,1
7.2,0.31,0.41,8.6,0.053,15.0,89.0,0.9976,3.29,0.64,9.9,6,1
11.220305776355683,0.44,0.31,1.9,0.03,41.0,104.0,0.99,3.29,0.62,12.6,7,1
10.0,3.861051297478834,0.27,14.1,0.033,45.0,166.0,0.9988,2.72,0.43,9.7,6,1
7.4,-1.8716294971941334,0.3,7.9,0.039,14.0,118.0,0.9942,2.96,0.34,10.4,5,1
8.8,1.8315230497248067,0.35,10.7,0.04,26.0,183.0,0.9984,2.93,0.49,9.1,6,1
4.8679181409211445,-3.508716805356399,0.27,1.2,0.04,25.0,106.0,0.9932,3.01,0.55,10.4,5,1
7.9,0.26,0.33,10.3,0.039,73.0,212.0,0.9969,2.93,0.49,9.5,6,1
7.5,0.29,0.67,8.1,0.037,53.0,166.0,0.9966,2.9,0.41,8.9,6,1
6.0,6.959220696919368,0.35,1.9,0.037,16.0,120.0,0.9933,3.16,0.69,10.6,5,1
7.9,-3.9566502863258606,0.3,2.7,0.029,64.0,158.0,0.9916,3.12,0.59,12.0,7,1
7.2,0.36,0.36,5.7,0.038,26.0,98.0,0.9914,2.93,0.59,,7,1
7.6,0.3369582109495036,0.34,9.3,0.062,40.0,126.0,0.9966,3.21,0.39,,5,1
9.83530822922604,0.25,0.36,8.1,0.045,54.0,180.0,0.9958,3.08,0.42,9.2,5,1
7.1,0.18,0.26,1.3,0.041,20.0,71.0,0.9926,3.04,0.74,9.9,6,1
7.9,-6.066561643534478,0.27,8.5,0.036,20.0,112.0,0.9939,2.96,0.46,11.7,6,1
8.3,0.23,0.3,2.1,0.049,21.0,153.0,0.9953,3.09,0.5,9.6,6,1
6.8,0.43,0.3,3.5,0.033,27.0,135.0,0.9906,3.0,0.37,,6,1
7.2,0.36,0.36,5.7,0.038,26.0,98.0,0.9914,2.93,0.59,12.5,7,1
6.6,0.25,0.36,8.1,0.045,54.0,180.0,0.9958,3.08,0.42,9.2,5,1
7.1,0.18,0.26,1.3,0.041,20.0,71.0,0.9926,3.04,0.74,9.9,6,1
5.29054656490495,0.35,0.29,14.4,0.044,54.0,177.0,0.9991,3.17,0.58,8.9,6,1
7.3,0.22,0.5,13.7,0.049,56.0,189.0,0.9994,3.24,0.66,,6,1
8.1,0.26,0.33,11.1,0.052,52.5,158.0,0.9976,3.03,0.49,10.2,7,1
7.6,0.13,0.34,9.3,0.062,40.0,126.0,0.9966,3.21,0.39,9.6,5,1
7.0,0.12,0.19,4.9,0.055,27.0,127.0,0.9953,3.29,0.41,9.4,5,1
8.123082010350481,0.24633264341103359,0.27,1.7,0.028,10.0,59.0,0.9923,2.97,0.48,10.4,5,1
9.285533254715718,0.26,0.36,1.6,0.032,6.0,106.0,0.993,3.15,0.4,10.4,4,1
6.3,-1.075855615414827,0.58,1.4,0.204,15.0,97.0,0.9931,3.16,0.43,10.0,6,1
6.3,3.631550181717899,0.57,1.4,0.208,14.0,96.0,0.9932,3.16,0.43,10.0,6,1
5.304323981285964,-1.0261382947755961,0.28,1.6,0.052,46.0,169.0,0.9926,3.05,0.41,,5,1
8.7037129404836,3.68587074853899,0.32,6.8,0.047,47.0,193.0,0.9938,3.23,0.39,11.4,6,1
8.8,0.34,0.33,9.7,0.036,46.0,172.0,0.9966,3.08,0.4,10.2,5,1
9.2,-2.8023617027660124,0.34,10.5,0.043,49.0,228.0,0.9974,3.04,0.41,10.4,6,1
0.9607109013548527,0.49,0.22,2.0,0.047,146.5,307.5,0.9924,3.24,0.37,11.0,3,1
10.51912216524391,0.71,0.23,6.2,0.042,15.0,93.0,0.9948,2.89,0.34,10.1,6,1
7.2,-0.37588480913423183,0.65,8.3,0.083,27.0,182.0,0.9964,3.0,0.35,9.2,5,1
-0.6055903737149082,-0.5057362937615182,0.36,1.6,0.04,25.0,87.0,0.9924,3.23,0.66,10.3,6,1
8.8,0.34,0.33,9.7,0.036,46.0,172.0,0.9966,3.08,0.4,10.2,5,1
9.2,0.27,0.34,10.5,0.043,49.0,228.0,0.9974,3.04,0.41,,6,1
6.619459819904627,1.6167647668987515,0.27,4.6,0.08,34.0,172.0,0.9938,3.23,0.39,11.1,7,1
7.2,1.2651232792211693,0.35,1.2,0.031,27.0,84.0,0.9928,3.33,0.34,9.9,5,1
9.362728955955474,2.476675464770085,0.32,7.6,0.052,35.0,143.0,0.9959,3.14,0.38,,5,1
10.16688591817513,1.1604918098692178,0.57,15.0,0.052,35.0,256.0,1.0001,2.93,0.64,8.6,5,1
6.8,2.2939444798393462,0.32,7.6,0.052,35.0,143.0,0.9959,3.14,0.38,9.0,5,1
8.3,0.36,0.57,15.0,0.052,35.0,256.0,1.0001,2.93,0.64,8.6,5,1
6.3,-2.443591786079415,0.44,11.6,0.041,48.0,195.0,0.9968,3.18,0.52,9.5,5,1
2.1047685631141766,1.6163960006437028,0.42,1.1,0.051,61.0,197.0,0.9932,3.02,0.4,9.0,5,1
4.591006811719449,0.26,0.3,7.8,0.049,39.0,152.0,0.9954,2.99,0.58,10.0,6,1
6.4,0.22,0.32,12.0,0.066,57.0,158.0,0.9992,3.6,0.43,9.0,6,1
5.7,0.45,0.42,1.1,0.051,61.0,197.0,0.9932,3.02,0.4,9.0,5,1
7.2,0.19,0.31,1.4,0.046,37.0,135.0,0.9939,3.34,0.57,10.2,7,1
4.633983879032096,0.31,0.44,6.7,0.054,29.0,160.0,0.9952,3.04,0.44,9.6,5,1
8.0,5.074617782337044,0.13,17.2,0.036,49.0,219.0,0.9996,2.96,0.46,9.7,5,1
9.9,-4.034978302162791,0.46,1.4,0.046,34.0,185.0,0.9966,3.02,0.49,10.2,4,1
8.1,0.31,0.36,8.2,0.028,29.0,142.0,0.9925,3.01,0.34,,7,1
8.658647587074404,0.24,0.38,4.3,0.044,49.0,172.0,0.996,3.37,0.74,10.8,6,1
8.0,0.25,0.13,17.2,0.036,49.0,219.0,0.9996,2.96,0.46,9.7,5,1
0.3042004298688905,1.7570238649067837,0.28,11.1,0.063,66.0,169.0,0.9973,2.89,0.57,,5,1
7.2,0.15,0.33,1.1,0.027,16.0,63.0,0.9937,3.37,0.4,9.9,5,1
7.0,2.150339333814353,0.32,7.2,0.058,22.0,89.0,0.9966,3.29,0.38,9.2,6,1
7.4,0.32,0.55,16.6,0.056,53.0,238.0,1.0017,2.96,0.58,8.7,6,1
8.5,0.17,0.31,1.0,0.024,13.0,91.0,0.993,2.79,0.37,10.1,5,1
8.5,4.5535591324150495,0.31,1.0,0.024,13.0,91.0,0.993,2.79,0.37,10.1,5,1
9.5,2.3881407998706283,0.47,1.3,0.039,21.0,123.0,0.9959,2.9,0.64,9.5,5,1
8.2,0.21,0.48,1.4,0.041,11.0,99.0,0.9958,3.17,0.57,,5,1
7.4,0.32,0.55,16.6,0.056,53.0,238.0,1.0017,2.96,0.58,,6,1
6.760329272454325,0.6109478264761257,0.42,6.9,0.046,50.0,173.0,0.9958,3.19,0.46,9.0,5,1
6.8,0.27,0.28,13.3,0.076,50.0,163.0,0.9979,3.03,0.38,8.6,6,1
7.4,1.5002195865301156,0.3,8.1,0.047,13.0,114.0,0.9941,3.12,0.35,10.5,6,1
8.0,0.23,0.35,9.2,0.044,53.0,186.0,0.997,3.09,0.56,9.5,7,1
7.6,-2.005113503684021,0.31,1.4,0.047,41.0,142.0,0.9934,3.43,0.53,,6,1
6.3,0.41,0.3,3.2,0.03,49.0,164.0,0.9927,3.53,0.79,11.7,7,1
9.234288121400194,-0.6739042170732377,0.43,2.5,0.036,32.0,116.0,0.9944,3.23,0.47,10.7,6,1
6.3,0.41,0.3,3.2,0.03,49.0,164.0,0.9927,3.53,0.79,,7,1
6.750888457387049,-3.8071085191059844,0.26,4.5,0.086,37.0,133.0,0.9963,3.15,0.42,9.2,5,1
9.075962904159155,0.26,0.26,18.35,0.084,33.0,139.0,1.0011,3.17,0.39,8.8,5,1
7.5,0.26,0.26,18.35,0.084,33.0,139.0,1.0011,3.17,0.39,8.8,5,1
7.471172474978612,4.731088543032669,0.35,7.8,0.048,76.0,197.0,0.9959,3.24,0.43,9.5,6,1
5.175037221803314,1.6304719568525379,0.37,7.0,0.057,35.0,208.0,0.9973,3.57,0.55,,5,1
8.4,-2.548337380973841,0.27,6.3,0.048,30.0,143.0,0.9966,3.25,0.5,,6,1
2.09143191922153,0.33,0.26,1.2,0.044,23.0,103.0,0.9932,3.19,0.54,10.5,6,1
7.5,0.38,0.5,12.8,0.042,57.0,184.0,0.9984,3.09,0.46,9.0,6,1
8.000239244712468,0.2,0.3,14.2,0.056,53.0,212.5,0.999,3.14,0.46,8.9,8,1
7.6,0.2,0.3,14.2,0.056,53.0,212.5,0.999,3.14,0.46,8.9,8,1
7.6,0.2,0.3,14.2,0.056,53.0,212.5,0.999,3.14,0.46,8.9,8,1
7.6,0.2,0.3,14.2,0.056,53.0,212.5,0.999,3.14,0.46,8.9,8,1
7.6,1.014070887987753,0.3,14.2,0.056,53.0,212.5,0.999,3.14,0.46,8.9,8,1
8.1,3.6680431299829976,0.58,16.65,0.049,48.0,181.0,1.0006,3.2,0.62,9.1,6,1
7.6,3.1383769763631526,0.41,1.9,0.047,27.0,151.0,0.9937,3.2,0.53,10.1,6,1
5.240773904310066,0.22,0.28,7.7,0.043,57.0,176.0,0.9954,3.12,0.55,,5,1
8.0,-2.5629158394992038,0.32,10.4,0.043,63.0,201.0,0.997,3.11,0.53,9.5,6,1
7.1,0.33,0.3,3.3,0.034,30.0,102.0,0.9912,3.08,0.31,12.3,7,1
4.664972125415365,-8.971516447638644,0.27,1.1,0.054,5.0,110.0,0.9939,3.24,0.52,9.1,4,1
7.6,0.2,0.3,14.2,0.056,53.0,212.5,0.999,3.14,0.46,8.9,8,1
8.437372653889257,1.3061582546891395,0.28,6.3,0.057,17.0,103.0,0.9957,3.5,0.44,9.6,5,1
7.4,0.3,0.22,5.25,0.053,33.0,180.0,0.9926,3.13,0.45,11.6,6,1
11.252000150303054,-2.3806088955146993,0.33,14.6,0.043,47.0,168.0,0.9994,3.34,0.67,8.8,6,1
8.285819629673973,2.0669825179415025,0.38,11.8,0.055,51.0,170.0,1.0004,3.34,0.82,8.9,6,1
7.0,3.1308111650087236,0.33,14.6,0.043,47.0,168.0,0.9994,3.34,0.67,,6,1
8.4,0.2,0.38,11.8,0.055,51.0,170.0,1.0004,3.34,0.82,8.9,6,1
8.4,0.2,0.38,11.8,0.055,51.0,170.0,1.0004,3.34,0.82,,6,1
7.3,3.520899333490147,0.31,17.3,0.055,32.0,197.0,1.0002,3.13,0.46,,6,1
6.8,0.31,0.09,1.4,0.04,56.0,145.0,0.9922,3.19,0.46,,5,1
8.362194509337613,0.31,0.08,1.3,0.038,58.0,147.0,0.9922,3.18,0.46,10.0,5,1
3.266561976541327,0.17,0.35,1.6,0.047,43.0,154.0,0.9934,3.36,0.69,11.1,6,1
7.4,0.3,0.22,5.25,0.053,33.0,180.0,0.9926,3.13,0.45,11.6,6,1
8.136570742985104,5.494221457935595,0.31,2.4,0.043,58.0,178.0,0.9941,3.42,0.68,10.6,6,1
7.0,0.28,0.33,14.6,0.043,47.0,168.0,0.9994,3.34,0.67,8.8,6,1
8.220282186968513,0.2,0.38,11.8,0.055,51.0,170.0,1.0004,3.34,0.82,,6,1
9.287682741878545,0.18,0.31,1.5,0.038,16.0,84.0,0.9924,3.34,0.58,10.1,6,1
5.57862457191373,3.8590707542319103,0.39,1.8,0.043,21.0,159.0,0.9948,3.52,0.47,10.0,5,1
7.275087148512887,0.4,0.33,7.7,0.034,27.0,98.0,0.9935,3.18,0.41,12.2,7,1
10.176443401398384,5.498646486352065,0.56,2.0,0.035,20.0,95.0,0.9918,3.23,0.53,11.0,6,1
7.2,0.15,0.39,1.8,0.043,21.0,159.0,0.9948,3.52,0.47,10.0,5,1
6.523898622816051,4.317181029705993,0.46,1.4,0.064,37.0,160.0,0.9924,3.37,0.45,,5,1
6.6,4.718652722066501,0.22,16.7,0.046,38.0,133.0,0.9979,3.22,0.67,10.4,6,1
9.0,0.55,0.3,8.1,0.026,14.0,71.0,0.993,2.94,0.36,11.8,5,1
6.9,0.19,0.39,8.0,0.028,22.0,84.0,0.994,3.11,0.66,,6,1
6.3,0.28739558210668215,0.33,4.7,0.023,28.0,110.0,0.991,3.3,0.38,,7,1
5.673475856138194,0.55,0.3,8.1,0.026,14.0,71.0,0.993,2.94,0.36,11.8,5,1
14.65489981987037,0.2,0.34,2.1,0.049,12.0,136.0,0.9922,3.25,0.46,11.6,7,1
3.3642217099897995,0.32,0.22,16.7,0.046,38.0,133.0,0.9979,3.22,0.67,10.4,6,1
7.7,0.26,0.34,6.4,0.05,36.0,163.0,0.9937,3.19,0.7,,6,1
6.3,-3.657979293697132,0.28,1.5,0.051,46.0,142.0,0.9928,3.23,0.42,10.1,6,1
7.405899755351428,7.786810763447237,0.39,7.6,0.04,45.0,215.0,0.9965,3.11,0.53,9.2,6,1
6.3,0.21,0.28,1.5,0.051,46.0,142.0,0.9928,3.23,0.42,10.1,6,1
8.0,0.6188588056480606,0.4,12.4,0.168,29.0,190.0,0.9991,3.07,0.64,9.2,5,1
7.5,0.3,0.71,1.3,0.16,44.0,149.0,0.9948,3.08,0.42,,5,1
6.4,0.26,0.4,1.7,0.179,5.0,60.0,0.9925,3.09,0.54,10.1,5,1
6.9,0.32,0.15,8.1,0.046,51.0,180.0,0.9958,3.13,0.45,8.9,5,1
8.9,3.8961241919227034,0.34,7.1,0.037,33.0,150.0,0.9962,3.1,0.45,9.7,6,1
7.6,0.34,0.39,7.6,0.04,45.0,215.0,0.9965,3.11,0.53,9.2,6,1
10.540064468076839,0.42,0.41,2.3,0.034,22.0,145.0,0.9951,3.06,0.52,11.0,6,1
8.402852527093343,-1.360824493072666,0.26,6.5,0.042,32.0,160.0,0.9944,3.14,0.47,,5,1
6.5,3.1417673276369174,0.2,1.4,0.024,29.0,101.0,0.9916,3.24,0.54,10.8,6,1
7.2,-7.104889975119896,0.33,12.7,0.049,50.0,183.0,0.9987,3.41,0.4,,5,1
7.9,-0.8813301730028621,0.36,1.6,0.038,11.0,124.0,0.9928,3.25,0.48,11.0,5,1
8.8,0.2,0.28,1.1,0.018,18.0,72.0,0.9926,2.97,0.35,,5,1
5.130768887980803,0.27,0.32,1.2,0.046,20.0,155.0,0.9934,3.8,0.41,10.2,6,1
7.6,-0.005233250176865101,0.26,6.5,0.042,32.0,160.0,0.9944,3.14,0.47,10.7,5,1
4.945718888421076,0.14,0.27,4.6,0.029,22.0,104.0,0.9949,3.34,0.44,,5,1
8.7,1.6278263049155586,0.35,0.6,0.042,11.0,71.0,0.9926,3.08,0.38,,5,1
6.7,3.5160740298033235,0.45,10.6,0.032,56.0,212.0,0.997,3.22,0.59,,6,1
4.795204401136134,-3.142428764890946,0.27,4.6,0.029,22.0,104.0,0.9949,3.34,0.44,9.0,5,1
2.2521984242258837,0.13,0.27,4.8,0.028,22.0,104.0,0.9948,3.34,0.45,9.2,6,1
7.4,0.18,0.34,2.7,0.03,30.0,107.0,0.992,2.97,0.53,11.0,6,1
12.150657643268186,0.385,0.04,12.6,0.034,22.0,115.0,0.9964,3.28,0.63,9.9,6,1
8.040027246859868,0.24,0.35,0.6,0.042,11.0,71.0,0.9926,3.08,0.38,10.6,5,1
8.3,2.3099045667606117,0.43,9.2,0.046,22.0,126.0,0.9982,3.38,0.47,,5,1
8.590792978469286,0.34,0.44,6.6,0.052,28.0,156.0,0.9955,3.14,0.41,,5,1
5.796041426955184,4.010000929910224,0.44,7.0,0.05,29.0,155.0,0.9955,3.14,0.42,,5,1
5.2357089829335495,7.317734748262772,0.24,8.45,0.031,32.0,172.0,0.9958,3.39,0.57,,7,1
11.8,0.23,0.38,11.1,0.034,15.0,123.0,0.9997,2.93,0.55,9.7,3,1
5.433669011991049,2.3298839515126017,0.27,18.15,0.042,41.0,146.0,1.0001,3.3,0.36,,5,1
2.1504626360322474,-1.168517944443666,0.27,18.15,0.042,41.0,146.0,1.0001,3.3,0.36,,5,1
8.118136579637692,-3.330293971324783,0.29,4.1,0.026,19.0,101.0,0.9918,3.01,0.38,,5,1
7.378977037041709,5.9726068935956915,0.29,4.1,0.026,19.0,101.0,0.9918,3.01,0.38,12.4,5,1
10.81457352755433,0.29,0.29,4.6,0.029,27.0,155.0,0.9931,3.07,0.26,,6,1
3.209899647246454,2.4220258067788256,0.27,18.15,0.042,41.0,146.0,1.0001,3.3,0.36,8.7,5,1
4.968558467335435,0.31,0.31,4.9,0.031,20.0,151.0,0.9926,3.36,0.82,12.0,7,1
7.3,0.29,0.37,8.3,0.044,45.0,227.0,0.9966,3.12,0.47,9.0,5,1
5.7,0.46,0.46,1.4,0.04,31.0,169.0,0.9932,3.13,0.47,8.8,5,1
4.1046785997377535,0.28,0.44,11.5,0.04,58.0,223.0,0.9969,3.22,0.56,9.5,5,1
11.027591182035426,0.23,0.33,1.8,0.036,23.0,96.0,0.9925,3.32,0.4,10.8,6,1
6.9,0.10407310525928148,0.25,1.6,0.047,34.0,132.0,0.9914,3.16,0.48,11.4,5,1
7.6,-4.679454882665455,0.36,2.4,0.049,38.0,123.0,0.996,3.6,0.46,10.3,5,1
6.6,0.22,0.28,4.9,0.042,51.0,180.0,0.9952,3.3,0.75,9.5,6,1
5.191774665435986,0.27,0.28,1.8,0.05,21.0,127.0,0.9934,3.15,0.44,,5,1
7.7,0.28,0.29,4.3,0.051,25.0,142.0,0.9939,3.16,0.39,10.2,5,1
9.28689953417841,-2.5035518526941587,0.29,4.4,0.051,26.0,146.0,0.9939,3.16,0.39,10.2,5,1
8.61048442021794,0.32,0.18,1.4,0.029,26.0,104.0,0.9906,3.44,0.37,11.0,6,1
6.661631265753775,0.33,0.25,1.6,0.03,25.0,126.0,0.9901,3.22,0.34,12.1,7,1
7.3,0.34,0.3,1.3,0.057,25.0,173.0,0.9948,3.26,0.51,9.1,6,1
2.3695669971785946,2.0839608663218097,0.26,5.2,0.04,31.0,140.0,0.995,3.26,0.68,9.5,6,1
6.6,1.2914990723777002,0.27,5.6,0.043,43.0,164.0,0.9953,3.27,0.76,9.5,5,1
2.5075384237089287,0.27,0.29,5.3,0.045,57.0,189.0,0.9953,3.31,0.79,9.8,5,1
9.179292194388239,0.22,0.28,4.9,0.042,51.0,180.0,0.9952,3.3,0.75,9.5,6,1
7.6,-5.658994676899361,0.36,2.4,0.049,38.0,123.0,0.996,3.6,0.46,10.3,5,1
6.8,2.257837669505485,0.32,1.6,0.039,10.0,124.0,0.9948,3.3,0.67,9.6,5,1
3.2182179436004277,0.22,0.39,2.1,0.055,39.0,198.0,0.9951,3.52,0.54,10.2,6,1
5.9,0.17,0.3,1.4,0.042,25.0,119.0,0.9931,3.68,0.72,,6,1
8.576079833179737,0.45,0.32,7.1,0.044,17.0,117.0,0.9962,3.32,0.41,10.4,4,1
7.143047329461789,0.36,0.32,1.6,0.039,10.0,124.0,0.9948,3.3,0.67,9.6,5,1
7.5,-4.28530934465988,0.14,10.7,0.046,18.0,95.0,0.9959,3.22,0.33,10.7,5,1
8.631397452933081,4.39202720580678,0.32,11.1,0.036,25.0,119.0,0.9962,3.15,0.34,,6,1
9.4,0.3,0.32,10.7,0.029,14.0,111.0,0.9958,2.85,0.42,,5,1
7.9,0.17,0.32,1.6,0.053,47.0,150.0,0.9948,3.29,0.76,9.6,6,1
9.314754423537662,0.7956677447148713,0.32,1.6,0.053,47.0,150.0,0.9948,3.29,0.76,9.6,6,1
5.398987646746294,0.17,0.32,1.5,0.05,17.0,101.0,0.994,3.14,0.58,9.5,5,1
5.373415462955776,-1.2202643462479,0.31,1.5,0.049,48.0,153.0,0.9942,3.12,0.58,,6,1
8.7,3.120463017332018,0.3,1.6,0.046,29.0,130.0,0.9942,3.22,0.38,9.8,6,1
7.9,0.17,0.32,1.6,0.053,47.0,150.0,0.9948,3.29,0.76,9.6,6,1
9.344781402301209,1.310497865337354,0.19,8.0,0.044,51.0,172.0,0.9964,3.16,0.44,9.2,5,1
5.31196616830681,4.214782825515056,0.19,7.7,0.045,53.0,176.0,0.9958,3.17,0.38,9.5,5,1
5.3,0.76,0.03,2.7,0.043,27.0,93.0,0.9932,3.34,0.38,9.2,5,1
-1.6504454760154452,0.46142684016870195,0.53,15.1,0.052,22.0,136.0,0.9986,2.94,0.35,9.4,5,1
6.6,0.6364580992171412,0.53,15.1,0.052,22.0,136.0,0.9986,2.94,0.35,9.4,5,1
8.4,0.28,0.4,8.9,0.048,33.0,146.0,0.9988,3.4,0.46,9.3,5,1
6.8,-0.5357512977937267,0.34,6.0,0.05,5.0,129.0,0.9953,3.19,0.4,9.1,5,1
8.646265893651595,0.24,0.33,12.3,0.046,31.0,145.0,0.9983,3.36,0.4,9.5,5,1
4.291216135793696,0.9689014283014898,0.36,13.1,0.056,72.0,163.0,1.0,3.42,0.35,9.1,6,1
7.40140763371576,5.253852639367762,0.3,6.7,0.043,43.0,153.0,0.9951,3.63,0.46,10.6,5,1
6.7,0.24,0.33,12.3,0.046,31.0,145.0,0.9983,3.36,0.4,9.5,5,1
6.8,-1.2282925101831317,0.35,2.3,0.042,16.0,85.0,0.9906,3.19,0.56,12.4,6,1
10.378465547950908,0.34,0.3,11.1,0.047,28.0,237.0,0.9981,3.18,0.49,8.7,5,1
6.0,0.27,0.15,1.5,0.056,35.0,128.0,0.9936,3.12,0.45,8.8,5,1
6.0,0.16,0.3,6.7,0.043,43.0,153.0,0.9951,3.63,0.46,10.6,5,1
6.850287371785843,2.263865447991907,0.34,6.0,0.05,5.0,129.0,0.9953,3.19,0.4,,5,1
11.487297494990592,-2.4013307490238534,0.47,15.2,0.057,40.0,234.0,1.0005,3.02,0.66,9.0,5,1
8.561393041608607,0.24,0.33,10.2,0.048,46.0,141.0,0.9972,3.16,0.48,,6,1
7.4,0.18,0.36,13.1,0.056,72.0,163.0,1.0,3.42,0.35,9.1,6,1
7.7,0.23,0.31,10.7,0.038,59.0,186.0,0.9969,3.12,0.55,9.5,6,1
6.5,0.22,0.25,17.1,0.05,44.0,138.0,1.0001,3.3,0.37,8.8,5,1
6.5,-5.980196353035348,0.25,17.1,0.05,44.0,138.0,1.0001,3.3,0.37,8.8,5,1
6.5,0.8423762211103283,0.25,17.1,0.05,44.0,138.0,1.0001,3.3,0.37,8.8,5,1
5.7,0.33,0.15,1.9,0.05,20.0,93.0,0.9934,3.38,0.62,9.9,5,1
7.7,0.23,0.31,10.7,0.038,59.0,186.0,0.9969,3.12,0.55,9.5,6,1
6.5,1.331216270408269,0.25,17.1,0.05,44.0,138.0,1.0001,3.3,0.37,8.8,5,1
6.8,0.2,0.27,1.2,0.034,19.0,68.0,0.9902,3.14,0.37,11.7,4,1
7.7,0.26,0.32,1.2,0.04,26.0,117.0,0.993,3.21,0.56,,5,1
6.4,-0.13015380832745221,0.32,3.1,0.041,18.0,126.0,0.9914,3.43,0.42,12.0,6,1
8.0,-4.3279549123167085,0.36,1.5,0.033,14.0,122.0,0.9941,3.2,0.39,10.3,4,1
6.8,0.25,0.27,10.7,0.076,47.0,154.0,0.9967,3.05,0.38,9.0,5,1
7.7,0.39,0.28,4.9,0.035,36.0,109.0,0.9918,3.19,0.58,12.2,7,1
6.9,0.26,0.33,12.6,0.051,59.0,173.0,0.998,3.39,0.38,9.9,5,1
6.8,1.162903223924864,0.27,10.7,0.076,47.0,154.0,0.9967,3.05,0.38,9.0,5,1
7.7,0.39,0.28,4.9,0.035,36.0,109.0,0.9918,3.19,0.58,12.2,7,1
6.0,0.28,0.22,12.15,0.048,42.0,163.0,0.9957,3.2,0.46,,5,1
6.5,0.43,0.28,12.0,0.056,23.0,174.0,0.9986,3.31,0.55,9.3,5,1
9.1,1.1289409024183377,0.38,1.7,0.062,50.5,344.0,0.9958,3.1,0.7,9.5,5,1
10.662287984423443,-2.1663418932777203,0.05,2.6,0.054,36.0,146.0,0.9948,3.43,0.5,9.2,6,1
6.8,0.28,0.39,1.4,0.036,15.0,115.0,0.9918,3.27,0.72,11.7,5,1
7.0,-3.71047471441906,0.24,1.9,0.04,21.0,144.0,0.9923,3.35,0.38,,5,1
7.1,-0.5371637831179019,0.32,16.9,0.056,49.0,158.0,0.9998,3.37,0.38,9.6,6,1
7.1,0.22,0.32,16.9,0.056,49.0,158.0,0.9998,3.37,0.38,9.6,6,1
8.3,2.198787740333305,0.27,2.1,0.03,22.0,162.0,0.9914,2.99,0.68,,6,1
6.8,0.26,0.32,7.0,0.041,38.0,118.0,0.9939,3.25,0.52,10.8,6,1
4.013678673728682,0.16,0.26,7.1,0.054,41.0,224.0,0.9966,3.38,0.55,10.1,5,1
7.9,0.18,0.36,5.9,0.058,31.0,132.0,0.995,3.25,0.52,10.9,6,1
7.175355058750531,1.409964195375972,0.26,7.1,0.054,41.0,224.0,0.9966,3.38,0.55,10.1,5,1
5.5,0.24,0.32,8.7,0.06,19.0,102.0,0.994,3.27,0.31,10.4,5,1
7.1,0.33,0.64,13.2,0.056,12.0,105.0,0.9972,3.05,0.39,9.2,5,1
7.7,0.28,0.35,15.3,0.056,31.0,117.0,0.9998,3.27,0.5,9.6,5,1
9.719484815124403,-2.3625109935022346,0.35,15.3,0.056,31.0,117.0,0.9998,3.27,0.5,9.6,5,1
6.928764728969863,0.6707752550660223,0.52,13.2,0.047,64.0,179.0,0.9982,3.1,0.46,9.0,5,1
6.5,0.14,0.32,2.7,0.037,18.0,89.0,0.9924,3.4,0.74,,7,1
8.2,2.8713792164267007,0.32,10.65,0.053,53.0,145.0,0.9972,3.17,0.48,10.2,6,1
10.656656989958009,0.2,0.31,10.0,0.054,49.0,165.0,0.997,3.4,0.42,9.9,6,1
7.2,-3.402997127800444,0.3,6.8,0.056,26.0,105.0,0.9954,3.44,0.4,9.6,6,1
5.103881381467659,0.4794661041295819,0.2,15.6,0.04,20.0,142.0,0.9962,3.1,0.54,10.6,5,1
7.1,0.33,0.64,13.2,0.056,12.0,105.0,0.9972,3.05,0.39,9.2,5,1
13.008113454886665,0.24,0.34,5.1,0.038,31.0,99.0,0.9921,3.24,0.46,,6,1
13.366592512816736,0.24,0.34,3.0,0.035,36.0,102.0,0.9905,3.18,0.43,,6,1
8.5462159886819,0.28,0.35,15.3,0.056,31.0,117.0,0.9998,3.27,0.5,9.6,5,1
7.0,0.22,0.33,2.1,0.052,15.0,76.0,0.993,3.2,0.41,10.6,6,1
7.5,0.18,0.39,1.9,0.054,23.0,91.0,0.9941,3.27,0.45,10.3,6,1
9.8,4.9489229405126185,0.45,8.6,0.052,34.0,187.0,0.9994,3.12,0.59,10.2,4,1
7.8,-3.534796465881694,0.33,8.75,0.035,33.0,181.0,0.9962,3.11,0.46,10.7,5,1
9.557803541063851,3.7465788731485272,0.32,3.6,0.038,9.0,76.0,0.992,3.05,0.31,11.7,4,1
12.075014306873912,0.25,0.27,4.7,0.031,31.0,92.0,0.9922,3.01,0.33,12.0,6,1
3.8384078030979003,5.037562356967155,0.27,1.3,0.048,26.0,105.0,0.994,3.52,0.66,10.6,6,1
6.3,0.24,0.37,1.8,0.031,6.0,61.0,0.9897,3.3,0.34,12.2,4,1
2.0639999562666285,0.33,0.38,9.7,0.04,29.0,124.0,0.9954,3.47,0.48,11.0,6,1
6.8,0.37,0.28,4.0,0.03,29.0,79.0,0.99,3.23,0.46,,7,1
13.669256741572905,0.49,0.23,2.4,0.087,19.0,115.0,0.9948,2.77,0.44,9.4,6,1
9.321965418618998,0.25,0.27,4.7,0.031,31.0,92.0,0.9922,3.01,0.33,,6,1
7.720484262060632,0.22,0.28,18.8,0.028,55.0,130.0,0.998,2.96,0.35,11.6,5,1
7.0333699086434835,-0.3166165755126594,0.31,1.8,0.069,15.0,162.0,0.9944,3.18,0.47,9.4,5,1
7.0,0.35,0.31,1.8,0.069,15.0,162.0,0.9944,3.18,0.47,,5,1
7.4,-0.839025857048842,0.3,12.8,0.053,48.5,229.0,0.9986,3.14,0.49,9.1,7,1
0.24187558290779254,0.19,0.3,12.8,0.053,48.5,229.0,0.9986,3.14,0.49,9.1,7,1
7.4,3.289283257058678,0.3,12.8,0.053,48.5,229.0,0.9986,3.14,0.49,,7,1
7.4,-0.36839112508855726,0.3,12.8,0.053,48.5,229.0,0.9986,3.14,0.49,9.1,7,1
7.4,-6.869380102085276,0.3,12.8,0.053,48.5,229.0,0.9986,3.14,0.49,9.1,7,1
6.9,0.32,0.13,7.8,0.042,11.0,117.0,0.996,3.23,0.37,9.2,5,1
7.6,0.32,0.58,16.75,0.05,43.0,163.0,0.9999,3.15,0.54,9.2,5,1
7.4,-0.10638378406873844,0.3,12.8,0.053,48.5,229.0,0.9986,3.14,0.49,,7,1
7.4,1.6012119045836881,0.3,12.8,0.053,48.5,212.0,0.9986,3.14,0.49,9.1,7,1
6.9,0.32,0.13,7.8,0.042,11.0,117.0,0.996,3.23,0.37,9.2,5,1
6.0,0.34,0.24,5.4,0.06,23.0,126.0,0.9951,3.25,0.44,9.0,7,1
7.0283130566289955,0.32,0.58,16.75,0.05,43.0,163.0,0.9999,3.15,0.54,9.2,5,1
7.7,2.4602515607474036,0.31,1.3,0.047,33.0,106.0,0.993,3.22,0.55,10.8,6,1
8.0,0.36,0.43,10.1,0.053,29.0,146.0,0.9982,3.4,0.46,9.5,6,1
5.140859782420329,0.29,0.25,3.8,0.044,30.0,114.0,0.992,3.11,0.4,11.0,6,1
6.6,0.32,0.27,10.9,0.041,37.0,146.0,0.9963,3.24,0.47,10.0,5,1
6.3,0.3,0.24,6.6,0.04,38.0,141.0,0.995,3.22,0.47,9.5,5,1
9.154214900845247,0.33,0.24,9.8,0.041,29.0,109.0,0.9956,3.29,0.47,10.1,6,1
7.5,0.18,0.31,11.7,0.051,24.0,94.0,0.997,3.19,0.44,,7,1
6.5,-2.2518874942557683,0.81,1.2,0.217,14.0,74.0,0.9936,3.08,0.53,9.5,5,1
6.8,-0.5594033584178253,0.18,1.4,0.056,13.0,137.0,0.9935,3.11,0.42,,5,1
9.385092335152018,3.1107217924568986,0.32,9.6,0.052,24.0,90.0,0.9963,3.35,0.49,,6,1
8.83004070238973,4.135759987616838e-06,0.32,12.2,0.048,36.0,125.0,0.9967,2.92,0.54,9.4,6,1
7.6,-4.316213981882742,0.42,2.6,0.044,29.0,110.0,0.9912,3.31,0.51,12.7,6,1
10.386375946397424,0.23,0.35,10.7,0.037,34.0,145.0,0.9981,3.09,0.32,9.7,5,1
3.4079597538391972,0.28,0.41,4.9,0.058,31.0,153.0,0.9966,3.27,0.51,9.7,6,1
8.871929239990623,3.8929140288611275,0.32,12.2,0.048,36.0,125.0,0.9967,2.92,0.54,9.4,6,1
8.288193836570152,-0.46233306713173555,0.32,9.6,0.052,24.0,90.0,0.9963,3.35,0.49,9.4,6,1
6.8,0.25,0.18,1.4,0.056,13.0,137.0,0.9935,3.11,0.42,,5,1
7.0,0.22,0.26,1.1,0.037,20.0,71.0,0.9902,3.1,0.38,,6,1
7.3,3.4536563315441406,0.29,1.0,0.036,26.0,101.0,0.99,3.09,0.37,,6,1
7.1,0.26,0.19,8.2,0.051,53.0,187.0,0.996,3.16,0.52,9.7,5,1
6.6,-3.9363700875996477,0.42,11.3,0.049,77.0,231.0,0.9966,3.24,0.52,,6,1
10.13557796130619,-0.12296024276725487,0.23,7.3,0.069,31.0,157.0,0.9962,3.25,0.53,9.1,5,1
12.35462943729059,0.28,0.27,2.3,0.051,23.0,147.0,0.994,3.23,0.67,10.3,6,1
2.022317979285174,0.26,0.19,8.2,0.051,53.0,187.0,0.996,3.16,0.52,9.7,5,1
6.63456952314536,1.7692080710317044,0.38,2.1,0.058,14.0,167.0,0.994,3.21,0.55,9.9,5,1
5.373200088527065,0.27,0.33,2.0,0.059,19.0,175.0,0.9944,3.22,0.56,9.9,5,1
8.217521565155224,0.39,0.34,10.0,0.056,35.0,178.0,0.9974,3.26,0.6,10.2,5,1
8.940205574654117,-0.021434584502963483,0.33,15.75,0.035,16.0,132.0,0.996,3.0,0.37,12.1,6,1
6.6,0.23,0.24,3.9,0.045,36.0,138.0,0.9922,3.15,0.64,11.3,7,1
7.1,-3.289018606962979,0.3,2.0,0.031,13.0,128.0,0.9917,3.19,0.49,11.4,5,1
7.0,0.32,0.35,1.5,0.039,24.0,125.0,0.9918,3.17,0.64,,6,1
7.4,0.24,0.26,1.6,0.058,53.0,150.0,0.9936,3.18,0.5,9.9,7,1
6.9,-6.950409920530544,0.33,1.4,0.056,35.0,136.0,0.9938,3.63,0.78,10.3,6,1
6.297753780759563,4.88979538851008,0.35,1.5,0.039,24.0,125.0,0.9918,3.17,0.64,12.2,6,1
7.4,0.17,0.29,1.4,0.047,23.0,107.0,0.9939,3.52,0.65,10.4,6,1
10.18281308420352,1.0041146057039751,0.3,2.0,0.031,13.0,128.0,0.9917,3.19,0.49,11.4,5,1
8.5,0.28,0.34,13.8,0.041,32.0,161.0,0.9981,3.13,0.4,9.9,6,1
4.495757366457649,3.800403158373414,0.37,1.3,0.051,16.0,96.0,0.9941,3.32,0.62,10.0,5,1
8.1,0.25,0.38,3.8,0.051,18.0,129.0,0.9928,3.21,0.38,11.5,6,1
4.5766355978221815,0.28,0.29,6.9,0.041,29.0,163.0,0.9952,3.44,0.6,,6,1
6.5,3.026007298081348,0.36,2.2,0.027,36.0,134.0,0.9898,3.28,0.36,12.5,7,1
7.0,0.22,0.32,1.6,0.045,40.0,120.0,0.9914,2.98,0.44,,6,1
8.5,0.28,0.34,13.8,0.041,32.0,161.0,0.9981,3.13,0.4,9.9,6,1
8.0,0.45,0.28,10.8,0.051,25.0,157.0,0.9957,3.06,0.47,,7,1
6.9,0.23,0.33,12.8,0.056,44.0,169.0,0.998,3.42,0.42,9.8,6,1
4.9273241867058735,0.45,0.28,10.8,0.051,25.0,157.0,0.9957,3.06,0.47,,7,1
7.6,0.23,0.26,15.3,0.067,32.0,166.0,0.9986,3.03,0.44,9.2,4,1
7.7,0.28,0.58,12.1,0.046,60.0,177.0,0.9983,3.08,0.46,8.9,5,1
6.619017237722039,0.27,0.61,12.0,0.046,64.0,179.0,0.9982,3.07,0.46,8.9,5,1
3.414229352264461,1.990540478358737,0.36,11.6,0.042,45.0,124.0,0.997,2.92,0.59,9.5,7,1
6.9,0.25,0.35,9.2,0.034,42.0,150.0,0.9947,3.21,0.36,11.5,6,1
7.1,0.2,0.36,11.6,0.042,45.0,124.0,0.997,2.92,0.59,9.5,7,1
6.9,0.25,0.35,9.2,0.034,42.0,150.0,0.9947,3.21,0.36,11.5,6,1
8.4,-0.7640120654412037,0.31,2.8,0.054,16.0,89.0,0.99416,2.96,0.45,9.5,6,1
6.5,1.8593007769173857,0.35,1.6,0.049,10.0,164.0,0.99516,3.35,0.51,9.7,5,1
7.2,4.527610839112174,0.38,6.1,0.067,20.0,90.0,0.99496,3.17,0.79,9.7,5,1
6.7542855336021885,0.44,0.42,8.5,0.048,10.0,147.0,0.9974,3.32,0.46,,6,1
7.1,0.28,0.19,7.8,0.04,48.0,184.0,0.99579,3.16,0.5,,5,1
6.4,0.5890327848212713,0.2,14.9,0.06,37.0,162.0,0.9983,3.13,0.45,,4,1
5.603529416107399,5.855103133197571,0.29,6.2,0.046,39.0,151.0,0.99471,3.6,0.44,10.6,6,1
6.9,0.44,0.42,8.5,0.048,10.0,147.0,0.9974,3.32,0.46,,6,1
4.84045465800276,0.29,0.18,8.2,0.042,41.0,180.0,0.99644,3.16,0.49,,5,1
7.1,0.28,0.19,7.8,0.04,48.0,184.0,0.99579,3.16,0.5,9.4,5,1
6.1,-4.2682656594005675,0.45,10.6,0.094,49.0,169.0,0.99699,3.05,0.54,8.8,5,1
6.7,-4.5907258337873404,0.42,11.2,0.047,52.0,171.0,0.99758,3.54,0.74,10.4,5,1
7.0,3.3242256435581816,0.14,11.6,0.043,35.0,228.0,0.9977,3.13,0.51,8.9,5,1
7.5,-2.146228809562635,0.24,7.1,0.031,28.0,141.0,0.99397,3.16,0.38,,7,1
6.4,0.34,0.2,14.9,0.06,37.0,162.0,0.9983,3.13,0.45,9.0,4,1
6.1,6.280010761286338,0.29,6.2,0.046,39.0,151.0,0.99471,3.6,0.44,,6,1
7.4,4.212024113698831,0.29,1.7,0.047,16.0,100.0,0.99243,3.28,0.45,10.6,6,1
8.921298762168586,5.032714520274125,0.18,7.7,0.048,45.0,186.0,0.9962,3.23,0.47,9.0,5,1
9.021498415139789,2.993308916653752,0.54,17.3,0.06,46.0,235.0,1.00182,3.08,0.61,8.8,6,1
7.4,-2.584750871010883,0.29,1.4,0.042,34.0,101.0,0.99384,3.54,0.6,10.5,7,1
10.387942092095411,-4.688024800405576,0.2,7.7,0.046,51.0,174.0,0.99582,3.16,0.52,9.5,5,1
5.714850446386704,4.755884007567067,0.18,7.7,0.048,45.0,186.0,0.9962,3.23,0.47,9.0,5,1
6.127415335305936,0.26,0.19,3.4,0.049,47.0,172.0,0.9924,3.14,0.43,,6,1
7.3,0.21,0.21,1.6,0.046,35.0,133.0,0.99466,3.38,0.46,,6,1
5.4116527859548675,0.14,0.35,1.4,0.039,24.0,128.0,0.99212,2.97,0.68,,5,1
7.2,-4.108704618036172,0.54,1.4,0.157,34.0,132.0,0.99449,3.11,0.53,9.0,6,1
7.6,0.48,0.28,10.4,0.049,57.0,205.0,0.99748,3.24,0.45,9.3,5,1
7.2,0.39,0.54,1.4,0.157,34.0,132.0,0.99449,3.11,0.53,,6,1
7.578860378393546,0.48,0.28,10.4,0.049,57.0,205.0,0.99748,3.24,0.45,,5,1
6.5,5.114657063182562,0.31,4.1,0.061,20.0,134.0,0.99475,3.18,0.45,9.0,6,1
10.636693918396139,0.25,0.31,2.8,0.032,11.0,61.0,0.99189,3.06,0.44,11.5,6,1
6.9,0.3,0.21,15.7,0.056,49.0,159.0,0.99827,3.11,0.48,9.0,5,1
5.365997303189106,0.19,0.43,10.9,0.045,53.0,154.0,0.99752,3.52,0.77,,6,1
6.9,0.3,0.21,15.7,0.056,49.0,159.0,0.99827,3.11,0.48,9.0,5,1
10.955235887603994,0.42,0.32,6.5,0.027,20.0,167.0,0.99479,3.08,0.43,,5,1
6.6,0.19,0.43,10.9,0.045,53.0,154.0,0.99752,3.52,0.77,10.4,6,1
3.8617591168627765,2.208844280688066,0.3,5.9,0.034,35.0,152.0,0.99642,3.47,0.4,8.5,6,1
8.5,-0.038757961460305385,0.56,17.3,0.055,47.0,169.0,1.00047,3.07,0.67,9.3,6,1
7.3,0.19,0.25,1.4,0.051,41.0,107.0,0.99382,3.53,0.66,,7,1
8.97715169656663,1.576143053005933,0.26,13.5,0.06,50.0,156.0,0.99784,3.39,0.46,9.9,6,1
4.4602825180642185,1.6458728063472987,0.28,8.5,0.035,28.0,108.0,0.99486,3.4,0.42,10.4,6,1
8.655039619687152,-0.14723116576124057,0.32,6.2,0.053,10.0,94.0,0.99537,3.35,0.47,10.1,5,1
7.482929627300995,4.467061704757942,0.25,1.4,0.051,41.0,107.0,0.99382,3.53,0.66,,7,1
7.5,4.464202581798602,0.26,14.95,0.067,47.0,178.0,0.99838,3.04,0.49,9.2,4,1
6.7,0.31,0.18,7.7,0.043,57.0,200.0,0.99566,3.17,0.44,,6,1
11.96286120017319,0.14,0.3,1.3,0.033,25.0,91.0,0.99268,3.53,0.39,10.6,6,1
6.7,0.31,0.18,7.7,0.043,57.0,200.0,0.99566,3.17,0.44,9.4,6,1
3.637796821237373,0.8669779054628232,0.52,1.3,0.148,45.0,149.0,0.99468,3.08,0.56,8.7,5,1
6.4,0.16,0.25,1.3,0.047,20.0,77.0,0.9933,3.61,0.54,10.2,6,1
6.3,0.16,0.22,1.3,0.046,18.0,66.0,0.99307,3.61,0.55,10.3,6,1
7.4,0.33,0.26,15.6,0.049,67.0,210.0,0.99907,3.06,0.68,9.5,5,1
7.4,-1.4699831601009137,0.26,15.6,0.049,67.0,210.0,0.99907,3.06,0.68,9.5,5,1
7.4,4.247862133212873,0.26,15.6,0.049,67.0,210.0,0.99907,3.06,0.68,,5,1
7.4,0.33,0.26,15.6,0.049,67.0,210.0,0.99907,3.06,0.68,,5,1
2.171469680064395,0.41,0.24,4.9,0.158,47.0,144.0,0.99471,3.17,0.49,9.4,5,1
6.7,-5.637681140416459,0.23,5.0,0.157,49.0,145.0,0.99471,3.17,0.49,9.4,5,1
7.4,0.33,0.26,15.6,0.049,67.0,210.0,0.99907,3.06,0.68,,5,1
7.3,0.4,0.28,6.5,0.037,26.0,97.0,0.99148,3.16,0.58,12.6,7,1
5.551348262073299,1.5116778210339683,0.24,1.4,0.047,21.0,106.0,0.99383,3.52,0.64,,7,1
4.44616715589706,0.17,0.28,2.7,0.047,38.0,150.0,0.99365,3.1,0.56,10.8,6,1
6.5,2.5387253246267645,0.23,1.2,0.054,39.0,208.0,0.99272,3.18,0.46,9.9,6,1
7.3,-2.085055504334037,0.28,6.5,0.037,26.0,97.0,0.99148,3.16,0.58,12.6,7,1
7.0,0.32,0.31,6.4,0.031,38.0,115.0,0.99235,3.38,0.58,12.2,7,1
7.5,0.42,0.19,6.9,0.041,62.0,150.0,0.99508,3.23,0.37,10.0,6,1
6.9,0.28,0.31,7.2,0.04,47.0,168.0,0.9946,3.29,0.57,10.6,7,1
2.351795316715167,0.29,0.42,10.6,0.042,66.0,202.0,0.99674,3.24,0.53,9.5,6,1
6.3,0.41,0.18,3.5,0.027,23.0,109.0,0.99018,3.34,0.54,12.8,8,1
8.864652281379627,0.32,0.31,6.4,0.031,38.0,115.0,0.99235,3.38,0.58,,7,1
7.287463619762025,0.3,0.33,2.3,0.043,28.0,125.0,0.99084,3.34,0.44,12.6,7,1
5.160957069887223,3.1413564623129404,0.28,12.05,0.058,25.0,125.0,0.99856,3.45,0.45,,5,1
6.0,0.26,0.18,7.0,0.055,50.0,194.0,0.99591,3.21,0.43,9.0,5,1
6.9,0.44,0.18,11.8,0.051,26.0,126.0,0.9975,3.23,0.48,9.1,5,1
7.5,0.42,0.2,1.4,0.06,15.0,168.0,0.9944,3.06,0.4,,6,1
5.839112208083703,0.28084241605012,0.3,5.0,0.04,40.0,143.0,0.99173,3.33,0.42,12.2,7,1
5.6,-1.342100365847354,0.2,2.2,0.049,18.0,134.0,0.99378,3.21,0.68,10.0,5,1
6.8,0.21,0.55,14.6,0.053,34.0,159.0,0.99805,2.93,0.44,9.2,5,1
9.4,0.28,0.3,1.6,0.045,36.0,139.0,0.99534,3.11,0.49,,5,1
8.1,3.1696700189910167,0.34,1.3,0.035,11.0,126.0,0.99232,3.14,0.5,9.8,6,1
6.8,0.21,0.55,14.6,0.053,34.0,159.0,0.99805,2.93,0.44,9.2,5,1
7.0,0.22,0.26,2.8,0.036,44.0,132.0,0.99078,3.34,0.41,12.0,7,1
9.4,0.28,0.3,1.6,0.045,36.0,139.0,0.99534,3.11,0.49,9.3,5,1
6.8,-2.937053286093248,0.3,3.3,0.029,15.0,80.0,0.99061,3.33,0.63,12.6,7,1
5.2082870070209815,0.19,0.33,6.3,0.032,42.0,127.0,0.99182,3.31,0.38,12.2,6,1
12.651107503457132,3.027580009691638,0.38,8.1,0.061,49.0,144.0,0.9966,3.4,0.58,11.0,6,1
5.19348287707089,-5.747038641457768,0.31,1.6,0.038,34.0,116.0,0.9912,3.25,0.39,12.0,7,1
7.5,0.24,0.62,10.6,0.045,51.0,153.0,0.99779,3.16,0.44,8.8,5,1
7.5,1.1171133401935898,0.59,11.8,0.046,58.0,164.0,0.99814,3.17,0.46,8.9,4,1
6.6,0.531531868640483,0.32,1.7,0.035,39.0,84.0,0.99096,3.59,0.48,12.7,7,1
8.0,-1.4190873005972813,0.3,8.1,0.037,42.0,130.0,0.99379,3.1,0.67,,6,1
0.6335983057501018,0.445,0.0,1.4,0.053,11.0,178.0,0.99426,3.79,0.55,,5,1
6.1,0.41,0.04,1.3,0.036,23.0,121.0,0.99228,3.24,0.61,9.9,6,1
9.988151852458984,1.3688746036670332,0.34,1.8,0.041,42.0,148.0,0.99335,3.35,0.66,11.1,6,1
6.9,0.3,0.21,7.2,0.045,54.0,190.0,0.99595,3.22,0.48,9.4,5,1
6.352733129956537,0.35,0.17,1.1,0.049,7.0,119.0,0.99297,3.13,0.36,9.7,6,1
6.9,0.11128961189663661,0.55,11.95,0.038,22.0,111.0,0.99687,3.11,0.29,9.7,5,1
7.0,0.35,0.17,1.1,0.049,7.0,119.0,0.99297,3.13,0.36,9.7,6,1
6.9,3.5140868819166404,0.55,11.95,0.038,22.0,111.0,0.99687,3.11,0.29,9.7,5,1
13.716321066453656,0.3,0.4,2.2,0.054,29.0,175.0,0.99445,3.19,0.53,9.8,5,1
7.5,2.0604529664103053,0.29,12.7,0.05,25.0,209.0,0.9986,3.25,0.59,9.3,6,1
7.5,1.658082698623058,0.32,1.4,0.032,31.0,161.0,0.99154,2.95,0.42,10.5,5,1
6.3,1.2755836106806142,0.32,10.6,0.049,38.0,209.0,0.9981,3.47,0.59,,6,1
6.8,-1.046499369641126,0.28,1.9,0.024,64.0,106.0,0.98993,3.45,0.6,12.6,8,1
5.921383083617594,0.23,0.35,17.8,0.058,128.0,212.0,1.00241,3.44,0.43,8.9,5,1
8.3,0.27,0.34,10.2,0.048,50.0,118.0,0.99716,3.18,0.51,,5,1
9.337952539270375,0.26,0.22,4.8,0.041,110.0,198.0,0.99437,3.29,0.67,10.6,5,1
9.746591991797915,0.28,0.35,9.8,0.067,61.0,180.0,0.9972,3.15,0.57,9.0,4,1
7.2,0.34,0.3,8.4,0.051,40.0,167.0,0.99756,3.48,0.62,9.7,5,1
7.0,-0.6754106499270918,0.26,7.2,0.041,21.0,90.0,0.99509,3.22,0.55,9.5,6,1
6.1359925033939895,0.29,0.29,4.8,0.06,27.0,156.0,0.99572,3.49,0.59,,6,1
4.971237696272892,1.0846475206626678,0.3,8.4,0.051,40.0,167.0,0.99756,3.48,0.62,9.7,5,1
9.924099592792714,0.4,0.27,4.5,0.034,27.0,95.0,0.99175,3.21,0.59,12.3,8,1
8.424675753741791,0.17,0.27,1.4,0.032,39.0,149.0,0.99254,3.4,0.52,10.5,5,1
7.0,-0.29007846132140813,0.26,7.2,0.041,21.0,90.0,0.99509,3.22,0.55,9.5,6,1
3.86816969786722,0.24,0.26,11.0,0.043,41.0,211.0,0.99676,3.11,0.49,10.0,6,1
7.7,0.28,0.63,11.1,0.039,58.0,179.0,0.9979,3.08,0.44,8.8,4,1
4.1146930910858375,0.23,0.29,2.6,0.031,24.0,98.0,0.99194,3.0,0.54,10.9,6,1
0.6907099851559853,3.594358491298987,0.31,2.0,0.029,14.0,141.0,0.99077,2.95,0.77,12.2,6,1
7.9,0.46,0.4,10.1,0.168,19.0,184.0,0.99782,3.06,0.62,,5,1
9.686160561936408,0.31,0.22,13.3,0.048,46.0,212.0,0.99942,3.47,0.59,,5,1
7.9,0.5303505686312587,0.34,11.4,0.04,53.0,202.0,0.99708,3.11,0.57,9.6,6,1
6.1,0.28,0.16,1.3,0.06,36.0,126.0,0.99353,3.13,0.46,,6,1
7.0,1.3078998234753934,0.26,1.4,0.044,46.0,89.0,0.99256,3.39,0.48,10.7,7,1
6.5,0.21,0.28,1.4,0.046,26.0,66.0,0.99199,3.43,0.48,,6,1
6.814518420592763,-3.7280518016866826,0.33,7.0,0.024,14.0,130.0,0.9918,3.25,0.45,12.5,7,1
7.1,3.169690816181132,0.32,2.0,0.051,29.0,130.0,0.99354,3.3,0.5,10.4,6,1
8.9,-1.5335207810230305,0.37,1.2,0.028,20.0,93.0,0.99244,3.2,0.37,11.5,5,1
7.4,0.32,0.27,12.9,0.04,60.0,221.0,0.99831,3.05,0.66,9.4,5,1
5.513548737074154,0.495,0.27,5.0,0.157,17.0,129.0,0.99396,3.03,0.36,9.3,5,1
3.02566770689444,-2.8779607468901416,0.34,10.1,0.05,30.0,121.0,0.99724,3.17,0.49,10.1,6,1
4.9056929407320204,5.188558027337715,0.46,3.75,0.05,14.0,102.0,0.99524,3.28,0.58,9.7,5,1
5.066123262297301,0.18,0.29,1.7,0.035,39.0,144.0,0.9927,3.49,0.5,10.5,6,1
6.7,0.24,0.26,12.6,0.053,44.0,182.0,0.99802,3.42,0.42,,5,1
4.583023199556537,2.4128645672977744,0.24,1.3,0.06,42.5,204.0,0.99512,3.59,0.51,,5,1
7.953508226552893,0.32,0.35,1.6,0.092,24.0,138.0,0.99438,3.19,0.44,9.8,5,1
9.150404379895441,3.261287156675326,0.44,7.6,0.05,40.0,227.0,0.99679,3.12,0.52,9.0,5,1
7.2,0.3,0.3,8.1,0.05,40.0,188.0,0.99652,3.15,0.49,9.1,6,1
14.208837707855592,1.703488548721953,0.3,14.9,0.037,70.0,169.0,0.99698,3.25,0.37,,6,1
6.1,0.16,0.29,6.0,0.03,29.0,144.0,0.99474,3.68,0.46,10.7,6,1
6.239948909907223,0.1,0.24,6.0,0.039,25.0,107.0,0.99511,3.59,0.49,10.5,7,1
6.2,0.1705476122888669,0.73,7.2,0.099,47.0,202.0,0.99582,3.21,0.43,9.2,5,1
9.346207989290836,0.33,0.18,3.0,0.036,5.0,85.0,0.99125,3.28,0.4,11.5,4,1
7.6,0.48,0.37,1.2,0.034,5.0,57.0,0.99256,3.05,0.54,10.4,3,1
4.710081669060676,0.2,0.3,2.0,0.039,43.0,188.0,0.9911,3.3,0.41,12.0,6,1
1.975161055073933,0.32,0.29,4.9,0.036,41.0,150.0,0.99168,3.38,0.43,12.2,6,1
6.143095059869626,0.2,0.3,2.0,0.039,43.0,188.0,0.9911,3.3,0.41,12.0,6,1
2.2068348463772756,0.22,0.29,8.9,0.05,24.0,90.0,0.99556,3.29,0.46,9.8,6,1
9.44401950150731,-0.60881202416879,0.56,16.45,0.063,52.5,282.0,1.00098,3.1,0.51,9.3,5,1
6.4,2.60733055637001,0.19,2.0,0.084,21.0,191.0,0.99516,3.49,0.63,9.6,4,1
6.4,3.6675571267148785,0.19,1.9,0.085,21.0,196.0,0.99516,3.49,0.64,9.5,4,1
4.658637626474005,0.23,0.42,5.1,0.042,37.0,144.0,0.99518,3.5,0.59,10.2,6,1
6.9,-0.05455124377753767,0.28,4.4,0.029,14.0,107.0,0.99347,3.24,0.46,10.4,8,1
6.7,6.477628594102404,0.29,5.8,0.025,26.0,74.0,0.9929,3.28,0.53,11.0,6,1
1.0371858397362441,0.15,0.28,4.4,0.029,14.0,107.0,0.99347,3.24,0.46,10.4,8,1
12.80807543758053,-0.3919556491324285,0.68,12.9,0.042,56.0,160.0,0.99841,3.05,0.41,,5,1
5.2873148606838605,-3.882025334669917,0.29,1.3,0.053,24.0,189.0,0.99362,3.29,0.54,9.9,4,1
1.9871420911674065,0.3,0.3,1.3,0.053,24.0,186.0,0.99361,3.29,0.54,9.9,4,1
7.6,-4.954568222981931,0.35,1.2,0.041,7.0,106.0,0.9914,3.06,0.45,11.3,4,1
6.8,0.46,0.26,2.7,0.042,28.0,83.0,0.99114,3.38,0.51,12.0,8,1
7.0,-4.78332610363798,0.26,1.7,0.042,34.0,130.0,0.9925,3.43,0.5,10.7,8,1
6.5,0.24,0.29,8.2,0.043,32.0,156.0,0.99453,3.13,0.7,10.1,6,1
6.4,0.17,0.34,1.5,0.091,42.0,135.0,0.9938,3.25,0.49,9.6,7,1
9.094515371521869,-1.0714353777174845,0.34,1.5,0.093,43.0,136.0,0.9938,3.25,0.49,9.6,6,1
4.114156912382144,-0.0010540633383491205,0.55,12.9,0.056,58.0,252.0,0.99806,3.29,0.49,8.7,5,1
10.270498101071986,0.27,0.29,3.9,0.059,28.0,199.0,0.9961,3.54,0.59,10.3,5,1
6.199816995965852,2.3477989130396746,0.25,17.75,0.047,25.0,218.0,1.00016,2.98,0.66,9.1,5,1
4.877306929211608,0.10417589423868602,0.27,4.9,0.037,13.0,101.0,0.9916,3.17,0.41,11.8,6,1
8.0,0.36,0.39,1.6,0.024,26.0,93.0,0.99116,3.15,0.49,11.9,6,1
7.134495128431139,0.16,0.24,1.4,0.046,17.0,77.0,0.99319,3.66,0.57,10.3,6,1
10.97965814211233,0.19,0.42,2.0,0.047,16.0,104.0,0.99517,3.09,0.66,10.0,4,1
9.2,2.6901131039025543,0.49,2.0,0.044,18.0,107.0,0.99514,3.1,0.53,10.2,4,1
10.305451212021795,0.3946784978684815,0.28,8.2,0.038,72.0,202.0,0.99566,3.12,0.56,,6,1
8.8,0.33,0.36,2.1,0.034,19.0,125.0,0.99166,2.96,0.98,12.7,6,1
9.530776583812013,0.20056427838059812,0.46,1.8,0.046,23.0,130.0,0.99587,3.04,0.67,,5,1
6.6,-1.5025446220253413,0.18,8.5,0.044,59.0,188.0,0.99558,3.16,0.49,9.5,5,1
9.48585016466375,4.70776538119344,0.26,4.45,0.033,23.0,100.0,0.99117,3.17,0.52,12.7,6,1
7.6,-4.284452889733984,0.27,5.8,0.036,23.0,109.0,0.99399,3.34,0.54,11.0,6,1
9.736885820770262,0.705,0.1,13.0,0.044,44.0,214.0,0.99741,3.1,0.5,9.1,5,1
7.7017074157005485,1.1139308721416457,0.28,2.7,0.034,23.0,111.0,0.99405,3.35,0.64,10.2,4,1
7.0,0.16,0.26,7.3,0.047,30.0,220.0,0.99622,3.38,0.58,10.1,6,1
7.572025660207111,-0.2749513852477006,0.25,19.1,0.045,50.0,208.0,1.00051,3.05,0.5,9.2,6,1
1.964115155306609,2.725263792513502,0.17,8.8,0.08,50.0,212.0,0.99803,3.47,0.66,,4,1
7.1,0.14751179653245272,0.28,2.7,0.034,23.0,111.0,0.99405,3.35,0.64,10.2,4,1
7.997522470339967,0.38,0.18,7.4,0.095,28.0,195.0,0.99773,3.53,0.71,9.2,4,1
8.2,0.24,0.3,2.3,0.05,23.0,106.0,0.99397,2.98,0.5,10.0,5,1
7.0,0.16,0.26,6.85,0.047,30.0,220.0,0.99622,3.38,0.58,10.1,6,1
7.426521097423453,0.8409311168476952,0.09,11.4,0.044,45.0,204.0,0.99713,3.15,0.46,9.0,5,1
6.3,0.41,0.16,0.9,0.032,25.0,98.0,0.99274,3.16,0.42,9.5,5,1
4.859152442947877,0.36,0.41,19.35,0.07,67.0,207.0,1.00118,3.39,0.53,9.1,5,1
8.1,-0.3999188669291337,0.32,7.9,0.031,23.0,118.0,0.99176,3.05,0.46,13.3,7,1
10.63329909077498,0.26,0.43,11.75,0.045,53.0,198.0,0.9969,3.26,0.55,9.5,5,1
1.9164991012600536,4.619769212395993,0.18,7.7,0.096,28.0,210.0,0.99771,3.56,0.72,9.2,5,1
12.13210894609466,0.24,0.29,3.0,0.036,17.0,117.0,0.99411,3.36,0.68,10.1,6,1
6.2,0.44,0.18,7.7,0.096,28.0,210.0,0.99771,3.56,0.72,9.2,5,1
7.2,0.24721765518087022,0.29,3.0,0.036,17.0,117.0,0.99411,3.36,0.68,10.1,6,1
7.3,0.22,0.26,1.5,0.04,32.0,172.0,0.99194,3.27,0.48,11.2,6,1
8.1,0.34,0.28,7.5,0.04,70.0,230.0,0.99558,3.14,0.55,9.8,6,1
7.3,0.22,0.26,1.5,0.04,32.0,172.0,0.99194,3.27,0.48,11.2,6,1
8.1,0.34,0.28,7.5,0.04,70.0,230.0,0.99558,3.14,0.55,,6,1
6.4,6.188953634840417,0.17,8.3,0.042,61.0,195.0,0.99577,3.22,0.46,9.4,5,1
6.3,0.29,0.14,7.05,0.045,50.0,177.0,0.99564,3.23,0.42,9.0,5,1
6.3331801640966034,1.0867412448826075,0.17,8.4,0.044,60.0,198.0,0.99578,3.21,0.47,,5,1
7.4,0.35,0.2,13.9,0.054,63.0,229.0,0.99888,3.11,0.5,,6,1
8.3,0.34527952239198123,0.27,17.5,0.045,48.0,253.0,1.00014,3.02,0.56,9.1,6,1
7.352554535508696,0.35,0.35,5.6,0.034,9.0,148.0,0.99441,3.17,0.5,9.8,4,1
5.714867656409188,0.43,0.28,9.4,0.056,29.0,183.0,0.99594,3.17,0.43,9.4,5,1
2.9987812624300094,0.26,0.28,4.8,0.05,34.0,150.0,0.99437,3.13,0.5,10.0,6,1
6.9,0.43,0.28,9.4,0.056,29.0,183.0,0.99594,3.17,0.43,9.4,5,1
6.88117030460266,0.27,0.37,9.7,0.042,36.0,130.0,0.9979,3.48,0.75,9.9,6,1
6.8,0.46,0.26,6.3,0.147,49.0,159.0,0.99434,3.14,0.47,10.0,5,1
7.2,0.2,0.28,1.6,0.028,13.0,168.0,0.99203,3.17,1.06,11.5,6,1
7.6,-0.15098087956331424,0.32,14.6,0.063,32.0,201.0,0.998,3.0,0.45,9.2,5,1
7.604234720678377,0.32,0.33,2.5,0.052,40.0,219.5,0.99316,3.15,0.6,10.0,5,1
7.6,1.977740699055535,0.32,14.6,0.063,32.0,201.0,0.998,3.0,0.45,9.2,5,1
6.6,0.34,0.34,2.6,0.051,40.5,210.0,0.99314,3.15,0.61,10.0,5,1
8.628676339207782,0.32,0.33,2.5,0.052,40.0,210.0,0.99316,3.15,0.6,10.0,5,1
5.905900404683296,-1.4951801187216183,0.26,8.2,0.042,21.0,133.0,0.99612,3.43,0.64,,6,1
0.02238047638674523,0.26,0.27,1.5,0.04,19.0,114.0,0.99295,3.36,0.62,10.5,6,1
2.0750159662521233,0.27,0.26,2.3,0.043,61.0,181.0,0.99394,3.45,0.63,10.6,6,1
6.6,0.56,0.15,10.0,0.037,38.0,157.0,0.99642,3.28,0.52,,5,1
6.6,0.56,0.15,10.0,0.037,38.0,157.0,0.99642,3.28,0.52,9.4,5,1
7.3,0.19,0.27,1.6,0.027,35.0,136.0,0.99248,3.38,0.54,11.0,7,1
6.3,0.2,0.26,1.6,0.027,36.0,141.0,0.99268,3.53,0.56,10.8,6,1
7.1,0.7272271971171105,0.3,16.0,0.036,58.0,201.0,0.99954,3.3,0.67,9.0,5,1
7.8,0.34441104232345526,0.33,10.4,0.031,47.0,194.0,0.99692,3.07,0.58,,6,1
8.1,0.33,0.36,7.4,0.037,36.0,156.0,0.99592,3.19,0.54,10.6,6,1
14.25605887128988,1.305743097795569,0.36,7.4,0.037,36.0,156.0,0.99592,3.19,0.54,,6,1
7.8,1.3700909787852646,0.33,10.4,0.031,47.0,194.0,0.99692,3.07,0.58,9.6,6,1
3.322392048683653,1.5359846405517392,0.24,16.05,0.045,31.0,147.0,0.99822,3.08,0.52,9.2,5,1
6.6,0.614714238519876,0.24,16.05,0.045,31.0,147.0,0.99822,3.08,0.52,9.2,5,1
8.2,0.26,0.33,2.6,0.053,11.0,71.0,0.99402,2.89,0.49,9.5,5,1
8.3,4.956830477048122,0.33,2.5,0.053,12.0,72.0,0.99404,2.89,0.48,9.5,5,1
11.281148374717624,1.5277064485474514,0.26,10.8,0.039,37.0,184.0,0.99787,3.47,0.58,10.3,7,1
6.0,0.26,0.15,1.2,0.053,35.0,124.0,0.99347,3.08,0.46,8.8,5,1
4.697739787747214,0.28,0.78,12.1,0.041,53.0,161.0,0.99838,2.98,0.44,8.7,5,1
7.5,8.087958865077985,0.79,11.95,0.04,51.0,159.0,0.99839,2.98,0.44,8.7,5,1
6.452632270816397,0.28,0.32,1.7,0.038,27.0,128.0,0.99375,3.2,0.62,10.2,6,1
5.2,0.3095542256976179,0.34,0.8,0.029,26.0,77.0,0.99155,3.25,0.51,10.1,6,1
6.8,0.34,0.1,1.4,0.049,29.0,118.0,0.9936,3.21,0.41,9.5,5,1
9.475624778799713,3.126739877365524,0.34,1.3,0.056,34.0,176.0,0.99434,3.1,0.51,9.5,5,1
3.1394166602573783,0.35,0.4,6.3,0.022,23.0,174.0,0.9922,3.54,0.5,11.6,7,1
8.8,-1.9381476251240424,0.23,10.3,0.032,12.0,97.0,0.99571,3.13,0.4,10.7,6,1
6.0,0.29,0.21,15.55,0.043,20.0,142.0,0.99658,3.11,0.54,10.1,6,1
10.876645407277163,4.47236776593391,0.31,1.5,0.035,17.0,83.0,0.99076,3.32,0.44,11.1,7,1
7.627185074205233,0.56,0.09,1.5,0.071,19.0,117.0,0.99496,3.22,0.53,9.8,5,1
6.8,0.29,0.49,1.4,0.142,52.0,148.0,0.9937,3.08,0.49,9.0,6,1
6.1,-1.8428518103234084,0.31,1.5,0.035,17.0,83.0,0.99076,3.32,0.44,11.1,7,1
6.3,0.27,0.37,7.9,0.047,58.0,215.0,0.99542,3.19,0.48,9.5,6,1
7.982552538899009,1.607634053868285,0.3,13.0,0.052,18.0,143.0,0.99825,3.37,0.49,,6,1
6.8,-0.47328160469237873,0.3,1.0,0.049,22.0,113.0,0.99289,3.24,0.61,,5,1
5.597178975942623,1.726023391350648,0.37,4.85,0.041,39.5,216.5,0.99432,3.1,0.5,,6,1
8.176160861051272,-0.4443887106144703,0.37,7.1,0.047,54.0,201.0,0.99523,3.19,0.48,9.5,6,1
6.3,-2.097758681763648,0.37,7.9,0.047,58.0,215.0,0.99542,3.19,0.48,9.5,6,1
11.136378219549588,0.3,0.16,7.5,0.05,55.0,191.0,0.9959,3.17,0.49,,5,1
8.0,0.28,0.32,7.6,0.045,61.0,204.0,0.99543,3.1,0.55,10.1,6,1
6.7,0.24,0.32,10.3,0.079,37.0,122.0,0.99662,3.02,0.45,8.8,5,1
7.9,0.27,0.27,1.7,0.034,25.0,122.0,0.99088,2.97,0.51,11.9,6,1
7.9,0.27,0.27,1.7,0.034,25.0,122.0,0.99088,2.97,0.51,11.9,6,1
5.706142187130356,-0.5347768693933538,0.24,19.95,0.074,32.0,174.0,0.99922,3.19,0.44,9.3,6,1
12.889138372247709,0.39,0.49,7.7,0.036,11.0,110.0,0.9966,3.33,0.76,10.0,6,1
4.165212574862647,0.2,0.24,5.3,0.075,49.0,201.0,0.99466,3.21,0.43,9.5,5,1
6.1,4.904740372424939,0.24,19.95,0.074,32.0,174.0,0.99922,3.19,0.44,9.3,6,1
7.6,0.31,0.23,12.7,0.054,20.0,139.0,0.99836,3.16,0.5,9.7,4,1
9.89228811805513,0.31,0.23,12.7,0.054,20.0,139.0,0.99836,3.16,0.5,9.7,4,1
7.767343008729149,0.18,0.22,1.5,0.043,45.0,155.0,0.99238,3.19,0.48,10.2,5,1
5.394253781952892,0.23,0.25,11.3,0.031,13.0,96.0,0.99645,3.11,0.4,10.8,5,1
6.8,1.6118288055154428,0.36,18.1,0.046,32.0,133.0,1.0,3.27,0.48,8.8,5,1
6.8,0.21,0.36,18.1,0.046,32.0,133.0,1.0,3.27,0.48,8.8,5,1
6.9,-3.606550089637394,0.31,7.0,0.039,37.0,175.0,0.99376,3.32,0.49,,6,1
6.8,3.49614810372018,0.36,18.1,0.046,32.0,133.0,1.0,3.27,0.48,,5,1
7.041429113911995,0.31,0.4,6.4,0.039,39.0,191.0,0.99513,3.14,0.52,9.8,5,1
8.6,-2.3345425409818374,0.36,1.4,0.045,11.0,119.0,0.99556,3.17,0.47,,4,1
8.6,0.34,0.36,1.4,0.045,11.0,119.0,0.99556,3.17,0.47,9.4,4,1
8.522097813551119,0.3,0.28,3.1,0.054,54.0,174.0,0.99543,3.21,0.43,9.4,6,1
7.4,0.4,0.41,14.1,0.053,37.0,194.0,0.99886,3.2,0.63,9.4,6,1
4.040423471169465,0.32,0.34,7.7,0.044,63.0,212.0,0.99526,3.22,0.48,9.7,6,1
7.1,0.34,0.31,5.2,0.032,36.0,140.0,0.99166,3.35,0.47,12.3,7,1
6.6,0.26,0.25,11.6,0.045,45.0,178.0,0.99691,3.33,0.43,9.8,6,1
8.0,0.27,0.57,10.4,0.053,18.0,134.0,0.99732,3.12,0.68,9.0,5,1
6.2,0.28,0.45,7.5,0.045,46.0,203.0,0.99573,3.26,0.46,,6,1
7.27400730258238,0.3,0.49,11.2,0.058,68.0,215.0,0.99656,3.19,0.6,9.4,6,1
5.6,2.405077864174456,0.29,0.8,0.043,20.0,67.0,0.99112,3.28,0.48,9.9,6,1
6.9,1.9994954427877174,0.36,1.4,0.032,13.0,145.0,0.99214,3.07,0.52,9.8,5,1
6.9,2.1889313987540637,0.3,4.7,0.029,34.0,148.0,0.99165,3.36,0.49,,7,1
7.1,0.12,0.3,3.1,0.018,15.0,37.0,0.99004,3.02,0.52,11.9,7,1
7.538868638325552,5.8795674985045405,0.29,4.0,0.038,33.0,170.0,0.99463,3.27,0.64,,6,1
7.3,0.51,0.29,11.3,0.034,61.0,224.0,0.99683,3.14,0.56,9.5,6,1
7.1,0.12,0.3,3.1,0.018,15.0,37.0,0.99004,3.02,0.52,,7,1
6.08223915807835,0.24,0.55,8.1,0.04,67.0,216.0,0.99596,3.24,0.5,9.2,5,1
7.5,0.41,0.23,14.8,0.054,28.0,174.0,0.99898,3.18,0.49,,5,1
6.5,0.18,0.33,1.4,0.029,35.0,138.0,0.99114,3.36,0.6,11.5,7,1
7.3,0.17,0.24,8.1,0.121,32.0,162.0,0.99508,3.17,0.38,10.4,8,1
8.2,0.2,0.38,3.5,0.053,41.0,174.0,0.99306,3.22,0.41,11.6,5,1
7.294267592823945,-2.075922774706046,0.23,14.8,0.054,28.0,174.0,0.99898,3.18,0.49,9.7,5,1
7.3,0.17,0.24,8.1,0.121,32.0,162.0,0.99508,3.17,0.38,10.4,8,1
6.2299692232291415,2.0123843276604867,0.33,1.4,0.029,35.0,138.0,0.99114,3.36,0.6,,7,1
7.3,3.938765837297159,0.35,1.5,0.036,29.0,108.0,0.99342,3.27,0.51,10.2,6,1
6.4,-1.7700251048746152,0.37,1.5,0.037,27.0,109.0,0.99345,3.38,0.5,9.8,6,1
6.6,0.42,0.13,12.8,0.044,26.0,158.0,0.99772,3.24,0.47,,5,1
5.8,0.3,0.12,1.6,0.036,57.0,163.0,0.99239,3.38,0.59,,6,1
6.7,-1.6972607415449832,0.27,7.1,0.049,8.0,178.0,0.99502,3.16,0.38,9.4,4,1
6.7,0.54,0.27,7.1,0.049,8.0,178.0,0.99502,3.16,0.38,,4,1
6.4,-0.6415626163173032,0.3,11.2,0.046,53.0,149.0,0.99479,3.21,0.34,10.8,5,1
6.8,1.2041991074662026,0.3,1.7,0.043,19.0,95.0,0.99207,3.17,0.46,10.7,7,1
9.0,-3.9714288218828555,0.34,6.7,0.029,21.0,162.0,0.99497,3.08,0.5,,6,1
5.396901136261017,1.8842059725749465,0.25,17.3,0.046,15.0,110.0,0.99828,3.15,0.42,9.2,6,1
5.9,0.28,0.14,8.6,0.032,30.0,142.0,0.99542,3.28,0.44,9.5,6,1
5.9,-3.9451602252371805,0.14,8.6,0.032,30.0,142.0,0.99542,3.28,0.44,9.5,6,1
6.2,4.149992477422339,0.18,1.5,0.028,20.0,111.0,0.99228,3.41,0.5,10.0,5,1
9.0,1.8313004842703693,0.34,12.1,0.03,34.0,177.0,0.99706,3.13,0.47,10.6,5,1
9.419502285044945,0.26,0.34,6.7,0.029,21.0,162.0,0.99497,3.08,0.5,10.6,6,1
8.9,0.27,0.34,10.7,0.029,19.5,166.0,0.99669,3.13,0.48,10.6,5,1
4.568257362908659,0.23,0.25,17.3,0.046,15.0,110.0,0.99828,3.15,0.42,9.2,6,1
14.870428474409998,0.32,0.3,1.8,0.036,28.0,117.0,0.99269,3.24,0.48,11.0,6,1
7.2,0.22,0.24,1.4,0.041,17.0,159.0,0.99196,3.25,0.53,11.2,6,1
2.472000263604053,6.2394196164068125,0.38,7.5,0.046,26.0,175.0,0.99662,3.32,0.54,9.6,5,1
4.4457917682966235,2.336351281827894,0.14,4.8,0.052,27.0,128.0,0.99475,3.21,0.48,9.4,5,1
6.3,0.26,0.42,7.1,0.045,62.0,209.0,0.99544,3.2,0.53,,6,1
7.5,-0.7142813533629764,0.47,16.9,0.052,51.0,188.0,0.99944,3.09,0.62,9.3,5,1
6.2,0.33,0.14,4.8,0.052,27.0,128.0,0.99475,3.21,0.48,9.4,5,1
4.782773686269177,0.26,0.42,7.1,0.045,62.0,209.0,0.99544,3.2,0.53,9.5,6,1
6.6,-2.036031405652991,0.52,11.3,0.046,8.0,110.0,0.9966,3.07,0.46,9.4,5,1
6.3,0.13,0.42,1.1,0.043,63.0,146.0,0.99066,3.13,0.72,,7,1
6.4,0.8666731742335869,0.44,1.2,0.043,67.0,150.0,0.9907,3.14,0.73,11.2,7,1
6.3,0.03924823456637555,0.42,1.1,0.043,63.0,146.0,0.99066,3.13,0.72,11.2,7,1
13.721480242973612,0.23,0.64,12.9,0.033,54.0,170.0,0.998,3.0,0.53,8.8,5,1
6.4,0.15,0.44,1.2,0.043,67.0,150.0,0.9907,3.14,0.73,11.2,7,1
2.339596050067502,3.6884171046318297,0.42,1.1,0.043,63.0,146.0,0.99066,3.13,0.72,11.2,7,1
5.7,-2.530856449064548,0.65,1.2,0.079,17.0,137.0,0.99307,3.2,0.42,9.4,5,1
8.17776689395833,6.382706001382937,0.26,2.3,0.03,11.0,103.0,0.99106,3.06,0.42,11.1,6,1
6.9,4.104330825144982,0.22,10.0,0.052,36.0,131.0,0.99696,3.08,0.46,9.6,5,1
7.64518219513962,-0.29057089077143256,0.26,2.3,0.03,11.0,103.0,0.99106,3.06,0.42,11.1,6,1
5.7,5.648462692912859,0.65,1.2,0.079,17.0,137.0,0.99307,3.2,0.42,9.4,5,1
7.600806914023644,0.41,0.16,1.4,0.037,28.0,160.0,0.99167,2.95,0.45,,6,1
7.3,0.37,0.16,14.9,0.048,59.0,240.0,0.99902,3.13,0.45,8.9,5,1
10.60902948783282,0.21,0.24,1.8,0.021,17.0,80.0,0.98992,3.15,0.46,12.3,7,1
10.247488079241265,0.24,0.28,1.8,0.028,39.0,132.0,0.99182,3.34,0.46,11.4,5,1
6.8,0.28,0.36,7.0,0.043,60.0,207.0,0.99556,3.16,0.49,9.6,6,1
6.6,0.24,0.24,8.6,0.034,25.0,135.0,0.99582,3.33,0.59,10.3,6,1
6.6,0.24,0.28,1.8,0.028,39.0,132.0,0.99182,3.34,0.46,11.4,5,1
7.0,0.16,0.32,1.1,0.032,29.0,80.0,0.98972,3.23,0.36,12.1,6,1
7.0,0.14,0.28,1.3,0.026,10.0,56.0,0.99352,3.46,0.45,9.9,5,1
6.3,0.34,0.36,4.9,0.035,31.0,185.0,0.9946,3.15,0.49,9.7,5,1
5.447129520439647,0.26,0.24,1.9,0.043,70.0,154.0,0.99273,3.18,0.52,10.5,5,1
6.7,-2.179384285171818,0.42,10.4,0.038,85.0,182.0,0.99628,3.04,0.44,8.9,6,1
6.5,0.8867693697456851,0.4,10.0,0.039,74.0,227.0,0.99582,3.18,0.5,9.4,5,1
6.7,0.25,0.36,8.6,0.037,63.0,206.0,0.99553,3.18,0.5,9.6,5,1
5.8,-3.529413154708962,0.27,1.7,0.014,45.0,104.0,0.98914,3.4,0.56,12.6,7,1
6.4,5.81970776890423,0.56,1.7,0.156,49.0,106.0,0.99354,3.1,0.37,9.2,6,1
7.7,-4.642160439242934,0.26,18.95,0.053,36.0,174.0,0.99976,3.2,0.5,10.4,5,1
6.8,-4.141325088786473,0.3,12.8,0.062,19.0,171.0,0.99808,3.0,0.52,9.0,7,1
7.382052348481973,0.18,0.3,12.8,0.062,19.0,171.0,0.99808,3.0,0.52,,7,1
6.8,-1.7241393211836107,0.3,12.8,0.062,19.0,171.0,0.99808,3.0,0.52,9.0,7,1
6.8,4.146971024028485,0.3,12.8,0.062,19.0,171.0,0.99808,3.0,0.52,9.0,7,1
6.8,0.18,0.3,12.8,0.062,19.0,171.0,0.99808,3.0,0.52,,7,1
6.8,3.0445346582366564,0.3,12.8,0.062,19.0,171.0,0.99808,3.0,0.52,9.0,7,1
-0.4923060964564323,0.14,0.25,0.7,0.039,15.0,89.0,0.9919,3.22,0.43,9.2,6,1
7.097279025565787,0.18,0.3,12.8,0.062,19.0,171.0,0.99808,3.0,0.52,9.0,7,1
4.818031716504243,0.98115188468732,0.1,1.4,0.068,25.0,154.0,0.99499,3.2,0.48,9.7,4,1
6.9,0.13,0.28,13.3,0.05,47.0,132.0,0.99655,3.34,0.42,,6,1
6.140852722118451,3.3967786335018855,0.3,8.5,0.059,24.0,152.0,0.99615,3.46,0.64,11.0,7,1
7.3,0.32,0.29,1.5,0.038,32.0,144.0,0.99296,3.2,0.55,10.8,5,1
6.3,0.21,0.29,11.7,0.048,49.0,147.0,0.99482,3.22,0.38,10.8,5,1
5.4,0.5,0.13,5.0,0.028,12.0,107.0,0.99079,3.48,0.88,13.5,7,1
3.1438844055499144,0.17375882586655278,0.34,1.2,0.042,18.0,167.0,0.99366,3.24,0.39,,5,1
7.8,0.28,0.31,2.1,0.046,28.0,208.0,0.99434,3.23,0.64,9.8,5,1
7.614616860157227,0.22,0.34,1.4,0.023,56.0,115.0,0.98958,3.18,0.7,11.7,6,1
7.8,0.28,0.31,2.1,0.046,28.0,208.0,0.99434,3.23,0.64,9.8,5,1
1.8102939132731768,1.5872863378039888,0.27,16.0,0.034,58.0,185.0,0.99938,3.34,0.6,9.0,6,1
7.244853820374759,0.11,0.42,1.1,0.042,51.0,132.0,0.99059,3.18,0.74,11.3,7,1
2.520483220932352,5.215178226968348,0.32,15.3,0.031,64.0,185.0,0.99835,3.31,0.61,9.4,5,1
6.4,-0.51985661961264,0.34,1.4,0.023,56.0,115.0,0.98958,3.18,0.7,11.7,6,1
4.151076894592347,0.3,0.29,2.8,0.025,37.0,107.0,0.99159,3.31,0.63,11.3,7,1
6.7,0.3,0.29,2.8,0.025,37.0,107.0,0.99159,3.31,0.63,11.3,7,1
7.1,-2.099117862315118,0.3,0.9,0.019,4.0,28.0,0.98931,3.2,0.36,12.0,6,1
7.2,0.2,0.36,2.5,0.028,22.0,157.0,0.9938,3.48,0.49,10.6,6,1
12.364196307635488,0.26,0.33,8.1,0.024,47.0,202.0,0.99558,3.13,0.46,10.8,6,1
9.263753837740866,0.25,0.32,8.2,0.024,53.0,209.0,0.99563,3.12,0.46,10.8,6,1
7.1,0.2,0.3,0.9,0.019,4.0,28.0,0.98931,3.2,0.36,,6,1
9.747609413011629,0.27,0.46,11.1,0.053,44.0,177.0,0.99691,3.18,0.67,9.4,5,1
6.5,0.3,0.39,7.8,0.038,61.0,219.0,0.9959,3.19,0.5,9.4,5,1
11.37918139750387,1.7111151429809717,0.29,2.8,0.025,37.0,107.0,0.99159,3.31,0.63,11.3,7,1
6.6,2.5808229224746517,0.52,10.1,0.05,29.0,140.0,0.99628,3.07,0.4,9.4,5,1
3.8314838785807055,0.21,0.37,3.2,0.021,20.0,80.0,0.99076,3.39,0.47,12.0,5,1
6.5,0.5113432114358359,0.41,14.2,0.039,47.0,129.0,0.99678,3.28,0.72,10.3,7,1
10.996914987322615,3.1901439411180976,0.41,14.2,0.039,47.0,129.0,0.99678,3.28,0.72,,7,1
6.5,0.18,0.41,14.2,0.039,47.0,129.0,0.99678,3.28,0.72,10.3,7,1
2.2034830314632954,-0.3437774087005364,0.21,2.9,0.026,48.0,126.0,0.99089,3.22,0.38,11.3,7,1
6.6,0.7326380287504759,0.35,6.0,0.063,31.0,150.0,0.99537,3.1,0.47,9.4,6,1
6.5,0.28,0.28,20.4,0.041,40.0,144.0,1.0002,3.14,0.38,8.7,5,1
8.83830100363471,1.483724647690829,0.52,10.1,0.05,29.0,140.0,0.99628,3.07,0.4,9.4,5,1
5.119986856200085,0.26,0.21,2.9,0.026,48.0,126.0,0.99089,3.22,0.38,11.3,7,1
3.7090995720820508,1.042083114112334,0.41,14.2,0.039,47.0,129.0,0.99678,3.28,0.72,10.3,7,1
7.993409601913328,0.21,0.37,3.2,0.021,20.0,80.0,0.99076,3.39,0.47,12.0,5,1
7.33485457550764,5.029814887866547,0.21,0.95,0.033,89.0,159.0,0.99332,3.34,0.42,,5,1
8.0,0.24,0.26,1.7,0.033,36.0,136.0,0.99316,3.44,0.51,10.4,7,1
7.8,1.2786687500009968,0.23,1.7,0.029,39.0,128.0,0.99272,3.37,0.41,,7,1
9.745805159939634,-0.671706404764053,0.24,9.0,0.03,42.0,219.0,0.99636,3.47,0.46,10.2,6,1
5.8,0.6,0.0,1.3,0.044,72.0,197.0,0.99202,3.56,0.43,10.9,5,1
6.544579666684377,2.028945104473035,0.26,1.4,0.027,23.0,109.0,0.99148,3.3,0.36,10.5,6,1
6.7,0.28,0.28,2.4,0.012,36.0,100.0,0.99064,3.26,0.39,11.7,7,1
7.195871903987717,3.4665525208103785,0.2,16.0,0.065,61.0,186.0,0.99884,3.13,0.45,8.6,5,1
7.2,2.5627063245563866,0.27,11.4,0.034,40.0,174.0,0.99773,3.2,0.44,9.0,5,1
8.7,2.4664227134889365,0.73,14.35,0.044,27.0,191.0,1.00013,2.96,0.88,,5,1
9.780599757099708,0.32,0.26,2.1,0.062,26.0,87.0,0.98974,3.1,0.47,12.8,6,1
8.111292226551573,-4.254150430542104,0.27,11.4,0.034,40.0,174.0,0.99773,3.2,0.44,9.0,5,1
10.324067518757941,-7.167537850520982,0.73,14.35,0.044,27.0,191.0,1.00013,2.96,0.88,8.7,5,1
7.5,0.13,0.38,1.1,0.023,42.0,104.0,0.99112,3.28,0.53,11.8,6,1
9.2,3.965793615861872,0.37,1.1,0.034,36.0,84.0,0.99136,3.05,0.55,11.6,6,1
7.4,0.2,0.37,1.2,0.028,28.0,89.0,0.99132,3.14,0.61,,6,1
6.1,0.15,0.35,15.8,0.042,55.0,158.0,0.99642,3.24,0.37,10.6,5,1
7.6,0.23,0.4,5.2,0.066,14.0,91.0,0.99488,3.17,0.8,,5,1
8.1,0.33,0.22,5.2,0.047,24.0,151.0,0.99527,3.22,0.47,10.3,5,1
7.15,1.486572338618396,0.24,9.6,0.119,56.0,178.0,0.99578,3.15,0.44,10.2,6,1
6.7,0.12,0.3,5.2,0.048,38.0,113.0,0.99352,3.33,0.44,10.1,7,1
6.311998383332143,0.18,0.36,1.2,0.046,9.0,71.0,0.99199,3.7,0.68,,7,1
5.8,0.08526775015419026,0.28,0.8,0.037,43.0,127.0,0.99198,3.24,0.51,9.3,5,1
9.128351473519091,0.23,0.29,14.45,0.057,29.0,144.0,0.99756,3.33,0.54,10.2,6,1
2.2683765803487166,0.17,0.24,9.6,0.119,56.0,178.0,0.99578,3.15,0.44,10.2,6,1
7.0,0.34,0.39,6.9,0.066,43.0,162.0,0.99561,3.11,0.53,9.5,5,1
6.006179574740842,2.762939083340464,0.26,3.4,0.069,25.0,146.0,0.99347,3.18,0.4,9.3,5,1
3.1484605184632413,0.22,0.31,2.3,0.018,45.0,80.0,0.98936,3.06,0.34,,7,1
7.230106052814654,0.28,0.27,11.0,0.042,45.0,148.0,0.99786,3.14,0.46,8.7,5,1
6.9,0.4,0.22,5.95,0.081,76.0,303.0,0.99705,3.4,0.57,,5,1
6.8,5.971929806997741,0.23,5.1,0.034,71.0,204.0,0.9942,3.23,0.69,10.1,5,1
12.025790527561092,4.470593497539231,0.24,5.4,0.039,60.0,196.0,0.9948,3.19,0.78,10.0,4,1
5.027745654159094,3.0266617184058733,0.42,1.2,0.05,51.0,129.0,0.99116,3.27,0.69,,7,1
6.5,-2.5101768984979307,0.44,12.6,0.052,65.0,158.0,0.99688,3.26,0.7,,7,1
7.1,0.15,0.34,1.0,0.033,27.0,73.0,0.98974,3.24,0.41,12.2,6,1
7.081756090891646,-1.9403724089096288,0.34,6.6,0.067,35.0,156.0,0.99542,3.11,0.48,9.3,6,1
7.2,-6.859214044103121,0.26,1.5,0.041,46.0,178.0,0.99154,3.19,0.56,11.3,6,1
7.0,0.23,0.33,1.0,0.043,46.0,110.0,0.99118,3.04,0.65,10.8,6,1
10.269460144764917,0.13,0.25,1.1,0.033,15.0,86.0,0.99044,2.98,0.39,11.2,8,1
6.2,2.1105404216547603,0.34,6.6,0.03,36.0,91.0,0.9914,3.32,0.45,12.5,7,1
8.3,0.4,0.41,8.2,0.05,15.0,122.0,0.9979,3.39,0.49,9.3,5,1
5.9,3.6658815923834975,0.31,2.0,0.03,38.0,142.0,0.98892,3.4,0.41,12.9,7,1
6.6,0.12,0.25,1.4,0.039,21.0,131.0,0.99114,3.2,0.45,11.2,7,1
9.6,4.2255341385745355,0.21,2.0,0.039,21.0,120.0,0.99188,3.0,1.0,12.6,6,1
6.8,0.26,0.4,7.5,0.046,45.0,179.0,0.99583,3.2,0.49,9.3,5,1
5.9,0.34,0.31,2.0,0.03,38.0,142.0,0.98892,3.4,0.41,12.9,7,1
5.9,2.3262914138303272,0.3,2.0,0.03,38.0,142.0,0.98892,3.41,0.41,12.9,7,1
7.0,0.15,0.3,13.3,0.049,46.0,120.0,0.99704,3.2,0.36,9.5,7,1
7.9,-0.09220057468194154,0.31,2.85,0.037,5.0,24.0,0.9911,3.19,0.36,,6,1
7.2,0.35,0.25,5.6,0.032,23.0,120.0,0.99334,2.93,0.66,10.3,7,1
0.9968312047004266,-1.3728323857304314,0.24,5.6,0.033,23.0,120.0,0.99334,2.92,0.66,10.3,7,1
6.033668553567436,0.1,0.33,1.0,0.031,33.0,93.0,0.99094,3.06,0.68,11.2,6,1
6.2,0.25,0.31,3.2,0.03,32.0,150.0,0.99014,3.18,0.31,12.0,6,1
7.1,0.31,0.17,1.0,0.042,21.0,144.0,0.99304,3.13,0.4,9.6,5,1
8.693546977818551,-2.296094388272295,0.28,7.1,0.041,29.0,110.0,0.99652,3.2,0.42,9.2,6,1
8.0,0.17,0.29,2.4,0.029,52.0,119.0,0.98944,3.03,0.33,,6,1
-1.490984176971824,0.19,0.27,11.2,0.061,46.0,149.0,0.99772,2.99,0.59,9.3,6,1
4.669574520775086,-0.17027454749559734,0.25,9.5,0.03,15.0,136.0,0.99367,3.1,0.44,12.1,6,1
7.1,0.31,0.17,1.0,0.042,21.0,144.0,0.99304,3.13,0.4,,5,1
9.902573920143867,-2.723478761689346,0.29,1.8,0.026,35.0,128.0,0.99183,3.37,0.48,,6,1
7.0,5.427862195025761,0.36,2.6,0.029,28.0,98.0,0.99126,3.11,0.37,,7,1
11.008990701352175,0.17,0.29,2.4,0.029,52.0,119.0,0.98944,3.03,0.33,12.9,6,1
6.6,-3.6671146591968027,0.38,8.0,0.042,56.0,187.0,0.99577,3.21,0.46,,5,1
8.3229546821103,-0.4011598306676693,0.27,11.2,0.061,46.0,149.0,0.99772,2.99,0.59,9.3,6,1
7.6,0.18,0.28,7.1,0.041,29.0,110.0,0.99652,3.2,0.42,9.2,6,1
6.9,0.3,0.25,3.3,0.041,26.0,124.0,0.99428,3.18,0.5,9.3,6,1
8.846592919829533,-5.528655240292622,0.27,10.3,0.03,26.0,108.0,0.99388,3.2,0.36,,6,1
7.545312703264392,1.1996645838941948,0.32,1.2,0.024,20.0,166.0,0.99208,3.05,0.54,9.8,6,1
8.366184722326944,0.23,0.25,1.6,0.036,28.0,143.0,0.99256,3.3,0.54,10.3,6,1
6.2,0.28,0.27,10.3,0.03,26.0,108.0,0.99388,3.2,0.36,10.7,6,1
5.7,0.23,0.28,9.65,0.025,26.0,121.0,0.9925,3.28,0.38,11.3,6,1
6.5,0.22,0.5,16.4,0.048,36.0,182.0,0.99904,3.02,0.49,8.8,6,1
7.0,0.18,0.37,1.5,0.043,16.0,104.0,0.99216,3.18,0.5,10.8,5,1
6.9,0.31,0.32,1.2,0.024,20.0,166.0,0.99208,3.05,0.54,9.8,6,1
6.9,0.2928488707286095,0.25,3.3,0.041,26.0,124.0,0.99428,3.18,0.5,9.3,6,1
6.5,-0.6103710609186184,0.31,5.0,0.027,15.0,72.0,0.99165,3.26,0.6,11.5,7,1
6.5,-2.568349798090162,0.36,16.3,0.038,43.0,133.0,0.99924,3.26,0.41,8.8,5,1
6.5,0.23738550676284936,0.36,16.3,0.038,43.0,133.0,0.99924,3.26,0.41,8.8,5,1
6.5,-1.4033826700427134,0.36,16.3,0.038,43.0,133.0,0.99924,3.26,0.41,8.8,5,1
5.653038873478158,0.26,0.38,6.5,0.17,68.0,201.0,0.9956,3.19,0.38,9.4,6,1
7.047438048766279,-0.1506036681000077,0.39,6.4,0.171,64.0,200.0,0.99562,3.19,0.38,9.4,6,1
5.602888840752533,6.152290005753978,0.39,10.2,0.045,59.0,209.0,0.9972,3.16,0.63,9.6,6,1
6.5,0.23,0.36,16.3,0.038,43.0,133.0,0.99924,3.26,0.41,8.8,5,1
10.59045003254694,0.23,0.42,7.4,0.044,56.0,189.0,0.9958,3.22,0.48,9.3,6,1
7.8,0.7665316476777074,0.34,13.7,0.044,66.0,184.0,0.99976,3.22,0.75,8.9,5,1
7.8,0.25,0.34,13.7,0.044,66.0,184.0,0.99976,3.22,0.75,8.9,5,1
5.6,0.2,0.22,1.3,0.049,25.0,155.0,0.99296,3.74,0.43,,5,1
6.4,0.21,0.44,7.4,0.045,47.0,182.0,0.9957,3.24,0.46,9.1,5,1
11.364678228506605,0.23,0.42,7.4,0.044,56.0,189.0,0.9958,3.22,0.48,9.3,6,1
6.8,0.24,0.37,7.45,0.043,59.0,188.0,0.99579,3.2,0.5,9.4,6,1
11.93973840209122,1.8486016239220984,0.28,7.2,0.04,46.0,179.0,0.99541,3.14,0.6,10.1,6,1
7.8,0.25,0.34,13.7,0.044,66.0,184.0,0.99976,3.22,0.75,8.9,5,1
6.8,-1.2333943270414849,0.29,10.4,0.046,59.0,143.0,0.99518,3.2,0.4,10.8,6,1
5.2,0.28,0.29,1.1,0.028,18.0,69.0,0.99168,3.24,0.54,,6,1
7.5,0.18,0.31,6.5,0.029,53.0,160.0,0.99276,3.03,0.38,10.9,6,1
6.275673714966413,-2.093306529024286,0.3,4.6,0.027,29.0,92.0,0.99085,3.15,0.38,12.0,7,1
8.2,0.37,0.64,13.9,0.043,22.0,171.0,0.99873,2.99,0.8,9.3,5,1
7.6,0.3311268596540564,0.27,5.2,0.03,32.0,101.0,0.99172,3.22,0.62,12.3,7,1
7.5,7.771778014556673,0.25,1.7,0.038,29.0,129.0,0.99312,3.45,0.56,10.4,6,1
4.638677881904737,0.18,0.31,6.5,0.029,53.0,160.0,0.99276,3.03,0.38,10.9,6,1
10.73092098225049,-0.6322830846818814,0.32,16.4,0.045,62.0,153.0,0.9972,3.22,0.42,10.5,5,1
5.3,0.2,0.31,3.6,0.036,22.0,91.0,0.99278,3.41,0.5,,6,1
8.131721607774239,1.2543134100944673,0.31,1.5,0.041,34.0,121.0,0.99092,3.06,0.46,10.5,6,1
6.5,0.35,0.28,12.4,0.051,86.0,213.0,0.9962,3.16,0.51,9.9,6,1
6.5,-2.1951955452716203,0.31,1.7,0.035,24.0,79.0,0.99053,3.27,0.69,11.4,7,1
6.8,-7.965816115205251,0.22,6.2,0.06,41.0,190.0,0.99858,3.18,0.51,9.2,5,1
8.885753024570928,0.51,0.36,6.2,0.051,30.0,173.0,0.9984,3.09,0.53,9.7,5,1
7.9,0.51,0.34,2.6,0.049,13.0,135.0,0.99335,3.09,0.51,10.0,5,1
4.599103745164562,-2.079493995794968,0.31,1.7,0.035,24.0,79.0,0.99053,3.27,0.69,11.4,7,1
7.1,0.29,0.28,9.3,0.048,50.0,141.0,0.9949,3.13,0.49,,6,1
6.5,7.492128582061284,0.28,12.4,0.051,86.0,213.0,0.9962,3.16,0.51,9.9,6,1
7.7769914379102945,1.956170884174298,0.31,1.5,0.041,34.0,121.0,0.99092,3.06,0.46,10.5,6,1
4.144165821014195,0.2,0.28,9.1,0.047,29.0,95.0,0.99532,3.16,0.47,9.8,7,1
8.802187068237096,0.615,0.42,12.0,0.067,24.0,131.0,0.99727,3.19,0.34,9.3,5,1
6.8,0.32,0.28,4.8,0.034,25.0,100.0,0.99026,3.08,0.47,12.4,7,1
6.3,0.2,0.19,12.3,0.048,54.0,145.0,0.99668,3.16,0.42,9.3,6,1
11.036660098818631,0.615,0.42,12.0,0.067,24.0,131.0,0.99727,3.19,0.34,9.3,5,1
12.893136631723857,5.152772603160356,0.28,2.7,0.048,49.0,165.0,0.9952,3.26,0.72,9.5,6,1
6.7,-0.7731667047959276,0.33,3.6,0.034,9.0,45.0,0.99144,3.08,0.4,10.5,6,1
8.825572162329449,-6.8004933112699835,0.33,3.6,0.034,9.0,45.0,0.99144,3.08,0.4,10.5,6,1
6.7,0.44,0.22,4.3,0.032,19.0,99.0,0.99015,3.26,0.53,,7,1
7.0,-2.986127010387336,0.3,1.8,0.045,44.0,142.0,0.9914,2.99,0.45,10.8,6,1
7.3,0.26,0.33,11.8,0.057,48.0,127.0,0.99693,3.1,0.55,10.0,6,1
5.8,0.17,0.34,1.8,0.045,96.0,170.0,0.99035,3.38,0.9,11.8,8,1
7.3,0.26,0.33,11.8,0.057,48.0,127.0,0.99693,3.1,0.55,10.0,6,1
5.8,1.361074283132506,0.34,1.8,0.045,96.0,170.0,0.99035,3.38,0.9,,8,1
2.653935351136635,0.8828415828093522,0.36,1.4,0.036,38.0,108.0,0.99006,3.19,0.66,12.0,6,1
7.691990392838064,0.43,0.3,6.6,0.025,15.0,138.0,0.99126,3.18,0.46,12.6,6,1
5.8,0.315,0.27,1.55,0.026,15.0,70.0,0.98994,3.37,0.4,11.9,8,1
12.31904523217314,0.17,0.28,0.7,0.027,5.0,28.0,0.98985,3.13,0.32,10.6,5,1
6.6,0.34,0.18,6.4,0.082,47.0,240.0,0.9971,3.42,0.48,,5,1
8.6,0.33,0.34,11.8,0.059,42.0,240.0,0.99882,3.17,0.52,10.0,6,1
5.6,0.08872861026531272,0.26,4.3,0.038,18.0,97.0,0.99477,3.36,0.46,9.2,5,1
3.194165228673147,0.13,0.26,5.1,0.039,19.0,103.0,0.99478,3.36,0.47,9.3,6,1
7.7,-1.4107470373089566,0.35,5.8,0.055,25.0,144.0,0.99576,3.24,0.54,,6,1
7.7,0.16,0.36,5.9,0.054,25.0,148.0,0.99578,3.25,0.54,,6,1
5.822455281269349,3.079147060409732,0.15,1.3,0.06,51.0,154.0,0.99354,3.14,0.51,8.7,5,1
7.3,-1.184040022002885,0.35,1.4,0.05,8.0,163.0,0.99244,3.24,0.42,10.7,5,1
7.7,1.2234506104880998,0.34,1.2,0.048,4.0,119.0,0.99084,3.18,0.34,12.1,6,1
7.9,0.16,0.3,7.4,0.05,58.0,152.0,0.99612,3.12,0.37,,6,1
6.4,0.27,0.29,10.8,0.028,17.0,118.0,0.99356,3.18,0.37,11.2,6,1
11.140573055402932,0.7459844950978108,0.37,1.8,0.034,36.0,95.0,0.98952,2.93,0.59,12.0,6,1
7.9,-0.9455073300866373,0.3,7.4,0.05,58.0,152.0,0.99612,3.12,0.37,9.5,6,1
7.7,-2.3438881531186904,0.34,1.2,0.048,4.0,119.0,0.99084,3.18,0.34,12.1,6,1
9.151401766220756,-0.9619902601688832,0.35,1.4,0.05,8.0,163.0,0.99244,3.24,0.42,10.7,5,1
6.4,0.44,0.44,14.4,0.048,29.0,228.0,0.99955,3.26,0.54,,7,1
13.740468973455314,5.820865348093242,0.24,1.7,0.052,36.0,135.0,0.99374,3.8,0.66,10.8,6,1
4.001391850314235,0.29,0.32,3.6,0.026,39.0,138.0,0.9892,3.31,0.37,13.1,7,1
7.6,0.39,0.32,3.6,0.035,22.0,93.0,0.99144,3.08,0.6,12.5,7,1
4.030732642777535,3.697343589798535,0.32,10.05,0.045,37.0,131.0,0.99352,3.09,0.33,,8,1
7.0,0.36,0.32,10.05,0.045,37.0,131.0,0.99352,3.09,0.33,11.7,8,1
10.672376307505521,0.36,0.32,10.5,0.045,35.0,135.0,0.9935,3.09,0.33,11.6,8,1
7.6,0.2,0.36,1.9,0.043,24.0,111.0,0.99237,3.29,0.54,11.3,6,1
4.012364115185392,0.39,0.32,3.6,0.035,22.0,93.0,0.99144,3.08,0.6,12.5,7,1
6.7,3.261166193845935,0.37,1.65,0.025,42.0,103.0,0.99022,3.11,0.45,11.4,5,1
5.609696033547391,-2.124391120324445,0.34,1.9,0.036,4.0,117.0,0.99032,3.4,0.44,12.2,5,1
7.8,0.965,0.6,65.8,0.074,8.0,160.0,1.03898,3.39,0.69,11.7,6,1
6.90306036542127,-4.113067818900668,0.31,6.85,0.053,32.0,211.0,0.99587,3.31,0.59,10.4,6,1
10.207968420157766,0.2,0.31,7.4,0.053,32.0,211.0,0.99587,3.31,0.59,10.4,6,1
7.1,0.2,0.31,7.4,0.053,32.0,211.0,0.99587,3.31,0.59,,6,1
6.4,0.24,0.25,20.2,0.083,35.0,157.0,0.99976,3.17,0.5,9.1,5,1
8.0,3.5894826472758616,0.36,11.0,0.034,8.0,70.0,0.99354,3.05,0.41,12.2,6,1
8.24280390407574,2.954301781349833,0.25,20.2,0.083,35.0,157.0,0.99976,3.17,0.5,9.1,5,1
8.271194742530588,0.4,0.42,6.2,0.066,41.0,176.0,0.99552,3.12,0.54,9.4,5,1
6.9,0.8117469300476567,0.43,6.2,0.065,42.0,178.0,0.99552,3.11,0.53,9.4,5,1
7.1,-0.9116196627503823,0.31,6.85,0.053,32.0,211.0,0.99587,3.31,0.59,10.4,6,1
5.392707366294999,0.25,0.51,8.0,0.047,61.0,189.0,0.99604,3.22,0.49,9.2,5,1
6.8,0.26,0.44,8.2,0.046,52.0,183.0,0.99584,3.2,0.51,,5,1
6.5,0.37,0.3,2.2,0.033,39.0,107.0,0.98894,3.22,0.53,13.5,7,1
6.8,0.35,0.53,10.1,0.053,37.0,151.0,0.9963,3.07,0.4,,5,1
10.04501205724583,0.22,0.32,7.2,0.028,15.0,83.0,0.993,3.13,0.55,10.9,8,1
6.5,0.37,0.3,2.2,0.033,39.0,107.0,0.98894,3.22,0.53,13.5,7,1
18.877472128181793,0.35,0.53,10.1,0.053,37.0,151.0,0.9963,3.07,0.4,9.4,5,1
6.9,-4.081833962705095,0.32,1.6,0.036,34.0,114.0,0.99068,3.19,0.45,11.4,7,1
8.773846296768747,2.762201333135507,0.37,1.3,0.036,45.0,125.0,0.98964,3.19,0.51,,7,1
6.6,3.8084053448977286,0.51,8.0,0.047,61.0,189.0,0.99604,3.22,0.49,,5,1
6.8,0.26,0.44,8.2,0.046,52.0,183.0,0.99584,3.2,0.51,9.4,5,1
5.6,0.15,0.31,5.3,0.038,8.0,79.0,0.9923,3.3,0.39,10.5,6,1
5.79901662264051,0.15,0.32,14.0,0.031,16.0,99.0,0.99437,3.26,0.38,11.5,8,1
2.506411087023519,0.22,0.32,7.2,0.028,15.0,83.0,0.993,3.13,0.55,10.9,8,1
7.3,0.2,0.26,1.6,0.04,36.0,123.0,0.99238,3.34,0.44,10.8,6,1
7.5,0.17,0.71,11.8,0.038,52.0,148.0,0.99801,3.03,0.46,8.9,5,1
7.5,0.18,0.72,9.6,0.039,53.0,151.0,0.99802,3.03,0.46,8.9,5,1
5.08755565204854,0.27,0.48,6.1,0.042,60.0,184.0,0.99566,3.2,0.5,9.4,6,1
5.8,-1.7172772854735838,0.31,2.7,0.049,25.0,153.0,0.99067,3.44,0.73,12.2,7,1
7.158869298158088,0.26,0.31,3.6,0.025,22.0,100.0,0.99066,2.99,0.47,12.1,7,1
5.796199279198603,0.3,0.32,1.7,0.03,23.0,128.0,0.9929,3.17,0.66,10.9,5,1
6.651766496419456,-2.1277988022188685,0.34,1.6,0.026,27.0,109.0,0.9934,3.34,0.58,10.1,6,1
5.8,0.32,0.31,2.7,0.049,25.0,153.0,0.99067,3.44,0.73,12.2,7,1
12.034048230421863,0.19,0.39,1.0,0.032,14.0,71.0,0.98912,3.31,0.38,13.0,7,1
10.341500752107702,4.08318577502641,0.24,0.9,0.038,15.0,72.0,0.99066,3.23,0.39,11.0,5,1
7.2,0.17,0.41,1.6,0.052,24.0,126.0,0.99228,3.19,0.49,10.8,5,1
6.7,-1.7355933886804458,0.39,1.0,0.032,14.0,71.0,0.98912,3.31,0.38,13.0,7,1
5.523501850595237,0.11,0.47,10.6,0.052,69.0,148.0,0.9958,2.91,0.34,9.3,4,1
2.375160166002418,0.21,0.34,2.0,0.042,63.0,123.0,0.99052,3.44,0.42,11.4,6,1
6.7,5.662180623569148,0.82,1.2,0.152,49.0,120.0,0.99312,2.99,0.38,9.2,5,1
10.61210292870724,0.4,0.46,6.2,0.056,42.0,241.0,0.9968,3.5,0.6,9.9,5,1
6.352837179615907,-0.12715527359712991,0.24,9.2,0.044,25.0,150.0,0.99502,3.22,0.44,10.5,5,1
7.6,-0.8896851205999492,0.34,5.0,0.04,18.0,56.0,0.99084,3.06,0.48,12.4,6,1
2.0204987231929348,0.26,0.4,6.3,0.047,52.0,172.0,0.99573,3.18,0.53,9.5,6,1
6.3,0.3853240036401899,0.22,3.3,0.048,41.0,161.0,0.99256,3.16,0.5,10.5,6,1
8.63729035547911,0.22,0.45,8.0,0.053,52.0,196.0,0.9959,3.23,0.48,9.1,6,1
9.477060052700397,-1.0198952030920587,0.31,1.2,0.034,53.0,138.0,0.99084,3.38,0.35,11.5,7,1
-0.8777252148040073,3.518637159043046,0.31,1.2,0.034,53.0,138.0,0.99084,3.38,0.35,11.5,7,1
4.626336073601289,0.26,0.32,16.2,0.044,31.0,170.0,0.99644,3.17,0.37,11.2,5,1
6.268637966076858,0.22,0.34,11.6,0.05,59.0,140.0,0.99526,3.22,0.4,10.8,5,1
8.803532733925852,0.45,0.43,7.2,0.064,31.0,186.0,0.9954,3.12,0.44,9.4,5,1
6.6,0.17,0.3,1.1,0.031,13.0,73.0,0.99095,3.17,0.58,11.0,6,1
7.2,0.44,0.28,3.4,0.048,22.0,112.0,0.99188,3.21,0.37,,7,1
4.652760246127487,2.80743041872616,0.27,1.4,0.041,51.0,117.0,0.9909,3.28,0.38,11.2,6,1
6.3,3.514318878252495,0.22,3.3,0.048,41.0,161.0,0.99256,3.16,0.5,,6,1
6.5,0.22,0.45,8.0,0.053,52.0,196.0,0.9959,3.23,0.48,9.1,6,1
7.3,0.8135592220821882,0.3,9.3,0.05,35.0,154.0,0.99581,3.21,0.5,10.4,6,1
4.403574294078191,0.15,0.29,2.3,0.033,14.0,82.0,0.99132,3.1,0.58,11.2,7,1
7.981507749040847,0.22,0.29,0.9,0.034,34.0,89.0,0.98936,3.14,0.36,11.1,7,1
5.095032880057523,0.37,0.33,3.5,0.036,23.0,92.0,0.99136,3.18,0.38,,6,1
7.126163951646092,0.375,0.38,1.7,0.036,17.0,98.0,0.99142,3.29,0.39,10.5,6,1
2.565453035076229,0.2,0.4,1.3,0.047,23.0,92.0,0.99232,3.2,0.45,,6,1
5.9,-1.149063494925089,0.38,1.3,0.046,24.0,90.0,0.99232,3.2,0.47,,6,1
8.0,0.22,0.31,5.6,0.049,24.0,97.0,0.993,3.1,0.42,10.9,5,1
2.443000942290805,0.22,0.29,7.4,0.028,16.0,87.0,0.99311,3.15,0.56,,7,1
6.9,0.1228079777168011,0.29,2.3,0.033,14.0,82.0,0.99132,3.1,0.58,11.2,7,1
8.06580747271119,0.2,0.34,1.0,0.035,40.0,86.0,0.98993,3.5,0.42,11.7,5,1
6.6,0.31,0.07,1.5,0.033,55.0,144.0,0.99208,3.16,0.42,10.0,5,1
7.7,-0.8470903747108223,0.37,10.0,0.169,22.0,210.0,0.99776,3.02,0.64,9.5,5,1
7.457559730951642,0.24,0.29,14.9,0.053,55.0,136.0,0.99839,3.03,0.52,9.0,5,1
7.3,0.23,0.34,9.3,0.052,19.0,86.0,0.99574,3.04,0.56,10.0,5,1
7.9,4.599789539548879,0.39,1.0,0.041,37.0,154.0,0.99093,3.08,0.43,11.9,5,1
5.3,0.16,0.39,1.0,0.028,40.0,101.0,0.99156,3.57,0.59,10.6,6,1
6.4,3.2168211713958037,0.28,5.9,0.047,29.0,101.0,0.99278,3.15,0.4,,6,1
6.9,0.0554307994283702,0.26,5.0,0.027,46.0,143.0,0.9924,3.25,0.43,11.2,7,1
8.367367199708621,-2.599424870313812,0.58,1.25,0.034,29.0,129.0,0.98984,3.51,0.6,12.0,7,1
5.002220997235675,0.29,0.31,3.9,0.027,39.0,96.0,0.99035,3.24,0.6,,8,1
6.9,4.952519064611452,0.26,5.0,0.027,46.0,143.0,0.9924,3.25,0.43,11.2,7,1
4.2146840925607645,0.6200524066329026,0.36,0.8,0.034,48.0,113.0,0.99165,3.24,0.68,10.5,6,1
7.3,0.21,0.33,1.0,0.037,66.0,144.0,0.9923,3.11,0.52,10.2,6,1
6.4,0.21,0.28,5.9,0.047,29.0,101.0,0.99278,3.15,0.4,11.0,6,1
5.1,-0.2805023805902028,0.32,1.6,0.028,12.0,90.0,0.99008,3.57,0.52,12.2,6,1
10.582156662622733,4.798958159156874,0.32,1.3,0.036,19.0,76.0,0.98964,3.18,0.41,12.3,6,1
5.3,0.16,0.39,1.0,0.028,40.0,101.0,0.99156,3.57,0.59,10.6,6,1
1.0311237080165894,0.19,0.46,1.1,0.032,33.0,115.0,0.9909,3.36,0.5,10.4,6,1
9.354382127541873,0.18,0.58,1.25,0.034,29.0,129.0,0.98984,3.51,0.6,12.0,7,1
10.66151412244715,-1.0498464401342036,0.32,1.4,0.021,22.0,121.0,0.9889,3.15,0.53,12.7,7,1
6.2,0.23,0.23,1.2,0.018,18.0,128.0,0.99178,3.05,0.28,10.6,5,1
6.0,0.17,0.29,5.0,0.028,25.0,108.0,0.99076,3.14,0.34,12.3,6,1
9.280268542798225,-0.4767807039886045,0.32,1.4,0.021,22.0,121.0,0.9889,3.15,0.53,12.7,7,1
6.7,-0.5422768451272939,0.38,1.7,0.037,20.0,84.0,0.99046,3.09,0.53,11.4,6,1
2.136577448968656,-3.7797075149255233,0.36,1.8,0.029,93.0,161.0,0.98999,3.65,0.89,12.0,7,1
5.8,1.1572060962778443,0.32,1.6,0.045,38.0,95.0,0.98946,3.23,0.94,12.4,8,1
2.9504284898239224,-2.0570342340353527,0.36,1.5,0.03,74.0,121.0,0.98976,3.24,0.99,12.1,7,1
6.7,0.15,0.38,1.7,0.037,20.0,84.0,0.99046,3.09,0.53,11.4,6,1
6.4,0.22,0.31,13.9,0.04,57.0,135.0,0.99672,3.21,0.38,10.7,5,1
6.5,0.15,0.55,5.9,0.045,75.0,162.0,0.99482,2.97,0.4,9.3,5,1
5.2698326810054015,-1.392165196933368,0.33,2.1,0.027,35.0,138.0,0.98945,3.37,0.42,,6,1
5.7,0.37,0.3,1.1,0.029,24.0,88.0,0.98883,3.18,0.39,11.7,6,1
7.9,0.25,0.35,6.7,0.039,22.0,64.0,0.99362,2.93,0.49,10.7,5,1
7.2,0.21,0.28,2.7,0.033,38.0,94.0,0.99075,2.99,0.43,11.8,7,1
7.0,0.24,0.3,6.7,0.039,37.0,125.0,0.99436,3.2,0.39,9.9,5,1
6.8,0.475,0.33,3.95,0.047,16.0,81.0,0.98988,3.23,0.53,13.4,7,1
3.1148809695058017,-1.833306438204992,0.32,7.75,0.032,30.0,114.0,0.99158,3.12,0.64,12.8,7,1
6.9,0.4,0.3,10.6,0.033,24.0,87.0,0.99265,3.15,0.45,12.8,6,1
3.7149180037392093,0.41,0.31,1.6,0.042,18.0,101.0,0.99195,3.13,0.41,10.5,5,1
6.4,0.2,0.28,2.5,0.032,24.0,84.0,0.99168,3.31,0.55,11.5,5,1
10.434202874527138,0.22,0.34,0.7,0.04,5.0,25.0,0.9918,3.04,0.37,10.5,4,1
10.348047342672471,0.36,0.36,11.1,0.032,21.0,132.0,0.99313,2.95,0.39,,6,1
5.2,0.285,0.29,5.15,0.035,64.0,138.0,0.9895,3.19,0.34,12.4,8,1
6.9,-1.561210609911831,0.3,4.7,0.041,40.0,148.0,0.9932,3.16,0.35,,6,1
6.7,-2.0967433920474434,0.46,9.7,0.054,67.0,234.0,0.99848,3.23,0.5,9.0,5,1
6.2,0.16,0.34,1.7,0.038,85.0,153.0,0.9909,3.33,0.86,12.0,7,1
3.2512755203951316,0.125,0.36,1.4,0.044,22.0,68.0,0.99014,3.15,0.5,,7,1
8.428365805900224,0.44,0.26,2.0,0.054,20.0,180.0,0.9952,3.58,0.57,10.0,5,1
8.362909917219419,1.0516425328599146,0.39,7.5,0.055,42.0,218.0,0.99652,3.37,0.54,10.3,5,1
6.7,0.42,0.46,9.7,0.054,67.0,234.0,0.99848,3.23,0.5,9.0,5,1
8.6,-0.2867792774571433,0.28,0.8,0.032,25.0,78.0,0.99104,2.99,0.38,11.1,5,1
6.2,0.3540244146243474,0.26,13.1,0.05,59.0,150.0,0.99772,3.31,0.46,,5,1
6.1,7.221364229386939,0.37,1.1,0.031,37.0,97.0,0.9922,3.4,0.58,,6,1
11.02965876373131,-0.24668354329759243,0.32,2.2,0.028,36.0,92.0,0.99076,3.27,0.59,11.9,7,1
6.2,0.36,0.14,8.9,0.036,38.0,155.0,0.99622,3.27,0.5,9.4,5,1
5.7,2.0248428667090996,0.25,1.1,0.035,26.0,81.0,0.9902,3.31,0.52,11.4,6,1
6.4,2.406248798007937,0.32,0.9,0.034,40.0,114.0,0.99114,3.31,0.58,10.8,7,1
9.307409325602563,0.31,0.26,1.7,0.073,40.0,157.0,0.9938,3.1,0.46,9.8,5,1
9.775743161203135,0.07143012690717848,0.46,6.9,0.047,59.0,183.0,0.99594,3.2,0.45,9.3,5,1
5.7,1.0313973946351145,0.25,1.1,0.035,26.0,81.0,0.9902,3.31,0.52,11.4,6,1
7.631232772790634,0.26209457078727694,0.31,1.0,0.031,22.0,73.0,0.99035,3.24,0.52,11.3,6,1
6.2,0.787675187134435,0.3,1.0,0.031,23.0,73.0,0.99032,3.23,0.52,11.3,6,1
9.039787329091563,0.37,0.2,7.6,0.031,49.0,170.0,0.99558,3.22,0.48,9.5,5,1
6.2,-1.3995503680444115,0.14,8.9,0.036,38.0,155.0,0.99622,3.27,0.5,9.4,5,1
6.5,-1.2626339287394714,0.32,2.2,0.028,36.0,92.0,0.99076,3.27,0.59,11.9,7,1
7.7,0.23076675984922868,0.3,1.2,0.046,49.0,199.0,0.99413,3.03,0.38,9.3,5,1
3.0386485302966753,-5.7757109315529815,0.38,1.0,0.041,22.0,81.0,0.99043,3.03,0.54,11.4,6,1
6.53476662866726,4.628218369295973,0.38,1.0,0.041,22.0,81.0,0.99043,3.03,0.54,11.4,6,1
5.883051695317411,6.922574053997389,0.26,3.1,0.053,57.0,128.0,0.98982,3.22,0.39,12.7,6,1
7.1,0.871050779774143,0.4,1.95,0.033,26.0,118.0,0.98934,3.2,0.45,13.5,7,1
4.968750159194153,2.276407531753014,0.28,2.2,0.019,15.0,65.0,0.9902,3.06,0.52,,6,1
6.4,0.16,0.32,8.75,0.038,38.0,118.0,0.99449,3.19,0.41,10.7,5,1
8.731659890950176,3.52317301015149,0.4,11.9,0.032,13.0,92.0,0.99629,3.01,0.46,10.8,4,1
8.603138963487254,-3.5840092187348067,0.31,2.7,0.054,27.0,202.0,0.9948,3.46,0.57,10.5,6,1
6.5,0.44,0.47,5.45,0.014,44.0,137.0,0.98984,3.13,0.32,13.0,8,1
6.9,3.0048338358532702,0.31,6.3,0.029,41.0,131.0,0.99326,3.08,0.49,10.8,6,1
6.6,0.22,0.29,14.4,0.046,39.0,118.0,0.99834,3.05,0.5,9.1,6,1
7.7,-1.0293193833026753,0.3,7.8,0.038,67.0,196.0,0.99555,3.1,0.5,,5,1
5.2,0.155,0.33,1.6,0.028,13.0,59.0,0.98975,3.3,0.84,11.9,8,1
7.0,0.31,0.31,9.1,0.036,45.0,140.0,0.99216,2.98,0.31,12.0,7,1
7.0,7.182172689450533,0.31,9.1,0.036,45.0,140.0,0.99216,2.98,0.31,12.0,7,1
7.776771231213445,-0.3447787099960842,0.29,14.4,0.046,39.0,118.0,0.99834,3.05,0.5,9.1,6,1
5.6,0.21,0.4,1.3,0.041,81.0,147.0,0.9901,3.22,0.95,11.6,8,1
5.2,0.155,0.33,1.6,0.028,13.0,59.0,0.98975,3.3,0.84,11.9,8,1
5.869168356335987,2.9745466695149805,0.32,11.3,0.038,69.0,192.0,0.99573,3.14,0.5,10.2,6,1
6.9,0.22,0.31,6.3,0.029,41.0,131.0,0.99326,3.08,0.49,10.8,6,1
5.3,-0.3252387910803993,0.29,0.7,0.028,11.0,66.0,0.99215,3.3,0.4,9.8,5,1
7.1,0.27,0.28,1.25,0.023,3.0,89.0,0.98993,2.95,0.3,11.4,4,1
2.9928097604646253,6.76007826899134,0.27,0.7,0.03,11.0,68.0,0.99218,3.3,0.41,9.8,5,1
7.7,0.25,0.3,7.8,0.038,67.0,196.0,0.99555,3.1,0.5,10.1,5,1
7.0,-1.4170506511167158,0.29,10.3,0.039,41.0,98.0,0.99564,3.19,0.38,,8,1
10.291558222468701,0.12,0.29,10.3,0.039,41.0,98.0,0.99564,3.19,0.38,,8,1
8.149198449841505,3.785266361982168,0.34,7.8,0.036,49.0,128.0,0.99397,3.21,0.4,10.7,6,1
4.144158424801775,0.3,0.3,8.7,0.022,14.0,111.0,0.99576,3.11,0.61,10.6,5,1
6.218937375051128,0.26,0.46,8.3,0.037,49.0,173.0,0.99601,3.17,0.47,9.3,5,1
7.0,0.12,0.29,10.3,0.039,41.0,98.0,0.99564,3.19,0.38,9.8,8,1
7.1,0.29,0.34,7.8,0.036,49.0,128.0,0.99397,3.21,0.4,10.7,6,1
-0.3298990331220839,0.33,0.31,1.2,0.016,39.0,150.0,0.98713,3.33,0.59,14.0,8,1
5.206111843042328,0.29,0.28,8.3,0.026,27.0,107.0,0.99308,3.36,0.37,,6,1
5.1,2.170033647355839,0.28,8.3,0.026,27.0,107.0,0.99308,3.36,0.37,11.0,6,1
6.204860172204212,0.26,0.48,6.2,0.049,55.0,182.0,0.99582,3.21,0.45,,6,1
6.0,0.28,0.52,5.0,0.078,30.0,139.0,0.99494,3.1,0.36,,6,1
4.276599148933986,0.28,0.25,1.8,0.042,8.0,108.0,0.9929,3.08,0.55,9.0,5,1
11.953800569410589,0.2,0.22,1.6,0.044,17.0,101.0,0.99471,3.37,0.53,10.0,5,1
6.1,0.27,0.25,1.8,0.041,9.0,109.0,0.9929,3.08,0.54,9.0,5,1
2.5315376413736628,0.28,0.25,1.8,0.042,8.0,108.0,0.9929,3.08,0.55,,5,1
6.4,0.29,0.3,2.9,0.036,25.0,79.0,0.99037,3.29,0.6,12.4,7,1
9.519178855047006,0.35,0.24,6.0,0.042,28.0,123.0,0.99304,3.14,0.44,11.3,5,1
8.1,1.3329298849924816,0.38,0.9,0.034,36.0,86.0,0.99026,2.8,0.55,12.0,6,1
6.4,0.12,0.3,1.1,0.031,37.0,94.0,0.98986,3.01,0.56,11.7,6,1
7.2,0.2,0.22,1.6,0.044,17.0,101.0,0.99471,3.37,0.53,10.0,5,1
13.86012448279562,0.4,0.26,5.45,0.016,26.0,90.0,0.98951,2.84,0.54,,7,1
7.7,0.11,0.34,14.05,0.04,41.0,114.0,0.99634,3.07,0.59,,7,1
6.9,0.23,0.41,8.0,0.03,30.0,114.0,0.99368,3.22,0.54,11.0,6,1
10.131803711150063,0.38,0.38,13.1,0.112,14.0,94.0,0.99792,3.02,0.48,,5,1
7.405383653706699,0.38,0.29,4.9,0.021,38.0,113.0,0.99026,3.08,0.48,13.0,7,1
5.8,0.19,0.24,1.3,0.044,38.0,128.0,0.99362,3.77,0.6,,5,1
2.097794081730018,0.34,0.26,2.2,0.021,31.0,119.0,0.98919,3.55,0.49,13.0,8,1
6.6,0.23,0.3,14.9,0.051,33.0,118.0,0.99835,3.04,0.54,9.0,6,1
6.6,0.9170222031343179,0.3,14.9,0.051,33.0,118.0,0.99835,3.04,0.54,9.0,6,1
4.313813470246634,0.31,0.31,0.95,0.021,52.0,148.0,0.99038,2.93,0.32,11.5,5,1
6.7,0.2,0.3,1.4,0.025,17.0,76.0,0.99104,3.11,0.44,11.0,6,1
8.4,0.31,0.31,0.95,0.021,52.0,148.0,0.99038,2.93,0.32,11.5,5,1
6.065344915127434,0.26,0.24,1.7,0.05,10.0,112.0,0.99286,3.11,0.43,9.9,5,1
6.3,-1.781037553090589,0.22,5.6,0.039,31.0,128.0,0.99296,3.12,0.46,10.4,6,1
4.538997798258275,-7.528168931302231,0.3,14.9,0.051,33.0,118.0,0.99835,3.04,0.54,9.0,6,1
5.341359273125603,0.19,0.4,7.1,0.056,50.0,110.0,0.9954,3.06,0.52,,6,1
8.0,0.14,0.33,1.2,0.045,71.0,162.0,0.9914,3.07,0.47,11.0,6,1
5.821059633586268,0.32,0.39,9.6,0.026,34.0,124.0,0.99286,3.18,0.35,12.1,6,1
6.6,3.4531763253848444,0.2,11.4,0.044,45.0,131.0,0.99604,2.96,0.51,,6,1
6.293258721342939,0.23,0.2,11.4,0.044,45.0,131.0,0.99604,2.96,0.51,9.7,6,1
6.7,0.36,0.26,7.9,0.034,39.0,123.0,0.99119,2.99,0.3,,7,1
7.555635842935889,0.38,0.42,5.0,0.016,31.0,113.0,0.99007,3.15,0.31,,7,1
8.5,-1.236517331032853,0.28,11.1,0.033,30.0,97.0,0.99507,3.03,0.39,,7,1
7.0,3.7088004310460887,0.31,8.0,0.05,29.0,213.0,0.99596,3.28,0.57,10.4,6,1
6.0,0.26,0.32,3.8,0.029,48.0,180.0,0.99011,3.15,0.34,12.0,6,1
6.9,0.3,0.3,10.55,0.037,4.0,28.0,0.99184,3.07,0.32,12.7,6,1
6.7,0.18,0.28,10.2,0.039,29.0,115.0,0.99469,3.11,0.45,10.9,7,1
6.7,1.2350933037469949,0.28,10.2,0.039,29.0,115.0,0.99469,3.11,0.45,10.9,7,1
6.8,3.780770343060362,0.28,9.8,0.039,29.0,113.0,0.99406,3.11,0.45,10.9,7,1
7.2,2.595677560328421,0.31,6.3,0.034,17.0,103.0,0.99305,3.15,0.52,,7,1
6.2,0.16,0.32,1.1,0.036,74.0,184.0,0.99096,3.22,0.41,11.0,6,1
5.0,-7.124085541437603,0.32,4.5,0.032,58.0,178.0,0.98956,3.45,0.31,12.6,7,1
2.586611341612712,0.37,0.28,6.3,0.034,45.0,152.0,0.9921,3.29,0.46,11.6,7,1
6.6,0.2,0.27,10.9,0.038,29.0,130.0,0.99496,3.11,0.44,,7,1
6.8,0.18,0.28,9.8,0.039,29.0,113.0,0.99406,3.11,0.45,10.9,7,1
4.75326861160085,2.024686848743991,0.28,9.8,0.039,29.0,113.0,0.99406,3.11,0.45,10.9,7,1
6.120983751532556,0.28,0.34,0.8,0.037,42.0,119.0,0.9888,3.03,0.37,12.5,6,1
6.5,0.35,0.36,0.8,0.034,32.0,111.0,0.98942,3.11,0.5,12.1,8,1
6.9,-0.7810264568434526,0.33,1.2,0.035,35.0,158.0,0.99082,3.02,0.58,11.3,6,1
5.413544419730193,0.32,0.3,1.3,0.025,18.0,112.0,0.98802,3.07,0.64,13.3,7,1
12.309271122240268,3.675033561804529,0.28,9.8,0.039,29.0,113.0,0.99406,3.11,0.45,,7,1
7.396739778171573,0.18,0.28,10.2,0.039,29.0,115.0,0.99469,3.11,0.45,10.9,7,1
6.6,0.2,0.27,10.9,0.038,29.0,130.0,0.99496,3.11,0.44,,7,1
6.3,2.143622485410399,0.28,6.3,0.034,45.0,152.0,0.9921,3.29,0.46,,7,1
7.2,0.19,0.31,6.3,0.034,17.0,103.0,0.99305,3.15,0.52,,7,1
6.3,0.18,0.36,1.2,0.034,26.0,111.0,0.99074,3.16,0.51,11.0,6,1
6.9,0.3,0.36,0.9,0.037,40.0,156.0,0.98968,3.08,0.36,12.1,6,1
1.3592305641217264,1.9689071138968213,0.32,1.1,0.036,74.0,184.0,0.99096,3.22,0.41,11.0,6,1
5.0,-0.5467283871247511,0.32,4.5,0.032,58.0,178.0,0.98956,3.45,0.31,12.6,7,1
6.254544084760294,0.3,0.33,3.7,0.03,54.0,173.0,0.9887,3.36,0.3,13.0,7,1
8.136991168231937,0.2,0.5,18.1,0.054,50.0,221.0,0.99941,2.94,0.64,8.8,6,1
6.7,0.25,0.31,1.35,0.061,30.5,218.0,0.99388,3.16,0.53,9.5,5,1
6.6,-2.517818576323374,0.36,5.5,0.029,30.0,105.0,0.99206,3.2,0.47,11.8,6,1
6.424615915265785,0.25,0.37,3.1,0.026,29.0,93.0,0.99035,3.14,0.45,12.2,6,1
7.0,-1.1686608769115767,0.37,12.85,0.042,36.0,105.0,0.99581,3.05,0.55,10.7,6,1
7.0,0.45,0.34,19.8,0.04,12.0,67.0,0.9976,3.07,0.38,11.0,6,1
3.5598099767723963,-5.079676784592845,0.3,8.25,0.02,14.0,104.0,0.99362,2.99,0.44,11.4,6,1
12.274164085940388,-1.6410312036399368,0.37,12.85,0.042,36.0,105.0,0.99581,3.05,0.55,10.7,6,1
2.6903482592562287,-4.052477298618297,0.3,3.8,0.035,57.0,135.0,0.99016,3.09,0.34,12.0,6,1
6.8,0.22,0.31,6.9,0.037,33.0,121.0,0.99176,3.02,0.39,11.9,8,1
7.2,-3.993222411273433,0.3,8.25,0.02,14.0,104.0,0.99362,2.99,0.44,,6,1
8.4,0.32,0.35,11.7,0.029,3.0,46.0,0.99439,3.02,0.34,11.8,6,1
8.782316619247801,0.6194365416786284,0.29,4.6,0.046,6.0,88.0,0.99458,3.34,0.48,10.6,4,1
8.0,0.74,0.21,4.0,0.05,24.0,133.0,0.99418,3.06,0.38,9.7,5,1
7.0,0.45,0.34,19.8,0.04,12.0,67.0,0.9976,3.07,0.38,,6,1
7.0,1.732146818511882,0.37,12.85,0.042,36.0,105.0,0.99581,3.05,0.55,10.7,6,1
6.000151587191806,0.1246195594743526,0.29,1.2,0.045,69.0,152.0,0.99178,3.76,0.63,,7,1
8.4,-1.2763714920152058,0.3,8.9,0.024,17.0,118.0,0.99456,2.99,0.34,10.5,6,1
7.4,0.32,0.22,11.7,0.035,44.0,150.0,0.99578,3.1,0.45,10.4,5,1
9.30243164708931,0.18,0.37,6.2,0.05,21.0,138.0,0.99546,3.2,0.55,10.5,6,1
12.22057377250199,-2.372224486716777,0.29,14.8,0.024,22.0,142.0,0.99518,3.12,0.48,12.0,8,1
8.784916616423105,0.47,0.29,14.8,0.024,22.0,142.0,0.99518,3.12,0.48,,8,1
4.124007318869401,0.19,0.25,10.8,0.042,33.0,124.0,0.99646,3.22,0.41,9.2,6,1
6.7,0.14,0.46,1.6,0.036,15.0,92.0,0.99264,3.37,0.49,,5,1
10.117976825383883,0.24,0.38,8.3,0.045,50.0,185.0,0.99578,3.15,0.5,9.5,6,1
5.006701649867642,0.25,0.47,8.4,0.042,36.0,156.0,0.99604,3.15,0.55,9.4,6,1
6.0,0.24,0.33,2.5,0.026,31.0,85.0,0.99014,3.13,0.5,,7,1
7.290674034185804,0.29,0.34,3.5,0.054,26.0,189.0,0.99489,3.42,0.58,10.4,5,1
2.420749175952629,-0.6215789770941322,0.42,17.2,0.037,57.0,170.0,0.99884,3.26,0.57,9.4,6,1
6.5,0.23,0.45,2.1,0.027,43.0,104.0,0.99054,3.02,0.52,11.3,6,1
3.2001563179897428,0.27,0.29,12.2,0.044,59.0,196.0,0.99782,3.14,0.4,8.8,6,1
6.454160011308559,0.2,0.37,11.8,0.045,58.0,130.0,0.99519,3.2,0.35,,5,1
7.3042601257426165,-2.1366691236832374,0.41,16.8,0.037,58.0,173.0,0.99882,3.25,0.57,,6,1
1.192828131926909,0.33,0.42,17.2,0.037,57.0,170.0,0.99884,3.26,0.57,9.4,6,1
7.2,0.02150777363606629,1.0,1.1,0.154,46.0,114.0,0.9931,2.95,0.43,9.2,6,1
7.491862104001993,0.27,0.3,14.7,0.044,15.0,144.0,0.99666,3.12,0.53,10.3,6,1
3.241713070205108,-4.444595322236717,0.26,5.5,0.034,21.0,99.0,0.99324,3.09,0.57,9.9,6,1
6.9,0.24,0.37,6.1,0.027,38.0,112.0,0.99086,3.19,0.34,12.4,6,1
7.7,0.18,0.53,1.2,0.041,42.0,167.0,0.9908,3.11,0.44,11.9,5,1
10.939064047013499,2.2739527346171835,0.43,1.3,0.023,33.0,132.0,0.99067,3.11,0.56,,6,1
6.444106713526475,-1.3710933662270763,0.38,8.7,0.126,49.0,199.0,0.99711,2.98,0.57,,5,1
6.2,1.3837707008470153,0.24,1.7,0.039,138.5,272.0,0.99452,3.53,0.53,9.6,4,1
7.5,0.33,0.38,8.7,0.126,49.0,199.0,0.99711,2.98,0.57,9.4,5,1
5.6,0.2,0.66,10.2,0.043,78.0,175.0,0.9945,2.98,0.43,10.4,7,1
4.2291331913500425,0.17,0.36,4.5,0.042,26.0,102.0,0.99427,3.09,0.47,9.5,5,1
6.027413673877756,0.15,0.31,5.9,0.036,7.0,73.0,0.99152,3.2,0.43,11.9,6,1
6.3,0.25,0.44,1.7,0.024,36.0,116.0,0.98935,3.18,0.4,,6,1
6.9,2.941665986893576,0.41,1.4,0.016,6.0,55.0,0.98876,3.16,0.4,13.4,5,1
7.2,0.27,0.37,5.4,0.026,27.0,114.0,0.99174,3.13,0.84,12.7,5,1
3.4512949967638242,0.25,0.38,7.9,0.045,54.0,208.0,0.99572,3.17,0.46,,5,1
8.5,1.1736126457930003,0.48,1.1,0.026,23.0,58.0,0.99184,2.9,0.5,10.5,6,1
10.006835424299377,0.25,0.54,7.0,0.046,58.0,176.0,0.99454,3.19,0.7,10.4,5,1
6.2,0.25,0.54,7.0,0.046,58.0,176.0,0.99454,3.19,0.7,10.4,5,1
6.8,0.28,0.43,7.6,0.03,30.0,110.0,0.99164,3.08,0.59,12.5,8,1
6.2,0.25,0.54,7.0,0.046,58.0,176.0,0.99454,3.19,0.7,,5,1
7.4015906225993,2.6073803687942476,0.8,12.3,0.038,77.0,183.0,0.99778,2.95,0.48,9.0,5,1
7.0,0.15,0.38,15.3,0.045,54.0,120.0,0.9975,3.18,0.42,,6,1
7.4,-5.989917788562214,0.8,12.3,0.038,77.0,183.0,0.99778,2.95,0.48,,5,1
7.3,0.28,0.42,1.2,0.033,29.0,142.0,0.99205,3.17,0.43,10.7,4,1
5.6449701307201385,-1.2985699911116593,0.38,2.3,0.033,28.0,111.0,0.98962,3.16,0.49,12.4,6,1
7.0,0.53,0.43,6.1,0.029,6.0,76.0,0.99118,3.08,0.5,12.5,8,1
8.575403056793023,0.28,0.43,7.6,0.03,30.0,110.0,0.99164,3.08,0.59,12.5,8,1
3.485157682399121,3.6692300003672513,0.38,10.2,0.028,20.0,82.0,0.99274,3.1,0.43,12.1,7,1
3.6325390340144574,1.7776886149486646,0.47,4.1,0.041,95.0,163.0,0.99184,2.92,0.59,11.3,6,1
7.925054738324911,5.785389796654388,0.41,2.9,0.039,48.0,122.0,0.99052,3.25,0.43,,5,1
3.3009878759735725,0.25,0.33,8.5,0.042,29.0,141.0,0.99546,3.28,0.6,10.4,5,1
6.4,0.15,0.4,1.5,0.042,23.0,87.0,0.98972,3.11,0.46,12.2,7,1
2.99996953875163,5.3931414399010515,0.3,3.1,0.039,24.0,115.0,0.9942,3.05,0.43,,5,1
8.710268093662663,0.25,0.38,7.9,0.045,54.0,208.0,0.99572,3.17,0.46,9.1,5,1
8.67519232995182,0.28,0.35,3.5,0.028,35.0,91.0,0.99022,2.96,0.33,,5,1
2.838511372641266,0.35,0.34,4.9,0.032,9.0,125.0,0.99253,3.32,0.81,12.0,5,1
8.5,0.19,0.48,1.1,0.026,23.0,58.0,0.99184,2.9,0.5,10.5,6,1
6.2,0.25,0.54,7.0,0.046,58.0,176.0,0.99454,3.19,0.7,10.4,5,1
4.142591871175991,0.35,0.51,1.2,0.029,10.0,102.0,0.9903,3.46,0.42,11.9,6,1
5.8,1.2087764033519104,0.32,4.5,0.024,28.0,94.0,0.98906,3.25,0.52,13.7,7,1
6.6,-0.5859358566544203,0.35,2.6,0.03,33.0,78.0,0.99146,3.22,0.72,11.3,6,1
8.5,0.23,0.4,9.9,0.036,24.0,88.0,0.9951,3.02,0.42,10.5,6,1
3.08880533216104,0.31,0.32,4.5,0.024,28.0,94.0,0.98906,3.25,0.52,13.7,7,1
11.42895789412174,-2.675316139200969,0.34,9.5,0.041,38.0,201.0,0.995,3.14,0.44,10.1,3,1
6.3,0.37,0.37,1.5,0.024,12.0,76.0,0.98876,2.94,0.39,12.3,6,1
6.2,-1.067425696605742,0.38,3.2,0.031,20.0,89.0,0.98956,3.06,0.33,12.0,7,1
6.6,0.17,0.35,2.6,0.03,33.0,78.0,0.99146,3.22,0.72,11.3,6,1
6.3,0.28,0.47,11.2,0.04,61.0,183.0,0.99592,3.12,0.51,9.5,6,1
10.318031282711825,0.27,0.52,3.2,0.043,28.0,152.0,0.99129,3.02,0.53,11.4,6,1
7.0,0.25,0.45,2.3,0.045,40.0,118.0,0.99064,3.16,0.48,11.9,7,1
9.7,-0.9847407254680987,0.49,4.9,0.032,3.0,18.0,0.99368,2.85,0.54,,6,1
8.437465461984177,-1.5397475771451445,0.49,4.9,0.032,3.0,18.0,0.99368,2.85,0.54,,6,1
6.8,-2.625013243223139,0.39,1.4,0.034,19.0,102.0,0.99121,3.23,0.6,11.3,7,1
6.6,0.78,0.5,1.5,0.045,30.0,133.0,0.99104,3.25,0.48,,5,1
5.1,1.534729762566135,0.27,6.7,0.022,44.0,129.0,0.99221,3.36,0.39,11.0,7,1
6.7,0.34,0.4,2.1,0.033,34.0,111.0,0.98924,2.97,0.48,12.2,7,1
6.7,5.229919034426703,0.51,4.3,0.028,57.0,124.0,0.99176,2.91,0.54,,7,1
7.0,0.26,0.34,10.9,0.038,25.0,84.0,0.99432,3.11,0.34,10.9,6,1
6.5,3.0897703046907763,0.26,7.0,0.04,18.0,113.0,0.99366,3.17,0.38,10.2,6,1
8.728584068030479,0.25,0.45,2.3,0.045,40.0,118.0,0.99064,3.16,0.48,11.9,7,1
3.5314414422075115,0.21,0.49,2.5,0.047,20.0,130.0,0.99178,3.15,0.48,11.1,5,1
5.682061546431521,0.26,0.51,2.6,0.045,26.0,159.0,0.99126,3.0,0.5,11.2,6,1
7.914589797825658,0.27,0.52,3.2,0.043,28.0,152.0,0.99129,3.02,0.53,11.4,6,1
9.05669224743774,0.25,0.49,2.5,0.047,31.0,169.0,0.99252,3.07,0.57,10.6,6,1
7.6,-0.6172601748109698,0.46,14.7,0.047,33.0,151.0,0.99709,3.03,0.53,,5,1
6.607622623459668,0.3,0.36,4.5,0.054,31.0,203.0,0.99513,3.4,0.57,10.4,4,1
7.444040532142678,0.24,0.46,2.2,0.033,19.0,111.0,0.99045,3.1,0.62,11.9,6,1
6.5,0.23,0.39,1.9,0.036,41.0,98.0,0.99,3.19,0.43,11.9,7,1
7.835009379859378,0.23,0.34,1.6,0.043,24.0,129.0,0.99305,3.12,0.7,10.4,5,1
6.5,3.282086542802128,0.39,17.3,0.052,22.0,126.0,0.99888,3.11,0.47,9.2,6,1
6.3,0.17,0.32,4.2,0.04,37.0,117.0,0.99182,3.24,0.43,11.3,6,1
6.3,1.2099526005166463,0.32,4.2,0.04,37.0,117.0,0.99182,3.24,0.43,11.3,6,1
6.209267793933048,0.08788694718947215,0.37,2.5,0.034,35.0,89.0,0.9913,3.25,0.5,11.0,7,1
5.611563223427319,-0.07936817694221285,0.39,1.9,0.036,41.0,98.0,0.99,3.19,0.43,11.9,7,1
5.9,0.28,0.39,1.4,0.031,47.0,147.0,0.98836,3.08,0.64,12.9,7,1
5.9,-0.4098204139647916,0.37,0.8,0.027,3.0,21.0,0.9897,3.09,0.31,10.8,5,1
4.921205381966647,0.25,0.42,8.0,0.049,53.0,206.0,0.99586,3.16,0.47,,6,1
7.6,0.23,0.34,1.6,0.043,24.0,129.0,0.99305,3.12,0.7,10.4,5,1
5.6,0.18,0.27,1.7,0.03,31.0,103.0,0.98892,3.35,0.37,12.9,6,1
6.195812525885764,2.1331983682118105,0.22,5.5,0.037,10.0,86.0,0.99156,3.46,0.44,12.2,5,1
6.5,0.24,0.39,17.3,0.052,22.0,126.0,0.99888,3.11,0.47,9.2,6,1
8.632446767598369,0.23,0.38,8.6,0.052,41.0,150.0,0.99534,3.06,0.46,10.3,5,1
7.795077501956502,0.17,0.37,6.9,0.059,47.0,128.0,0.99322,3.08,0.46,,7,1
7.6,0.3,0.38,2.1,0.043,10.0,98.0,0.99296,3.17,0.65,11.0,5,1
1.464208849996821,0.6590102468292641,0.21,2.2,0.039,31.0,100.0,0.99098,3.69,0.62,11.7,6,1
6.1,0.21,0.38,1.5,0.039,37.0,122.0,0.98972,3.2,0.43,12.0,6,1
6.5,-1.85526839273097,0.38,2.5,0.047,30.0,148.0,0.98964,3.17,0.43,,6,1
3.303216446570437,0.35,0.26,17.6,0.061,59.0,198.0,0.99918,3.11,0.49,8.8,5,1
6.3,-2.1605563273010553,0.32,4.2,0.04,37.0,117.0,0.99182,3.24,0.43,11.3,6,1
7.796645417844202,0.25,0.35,2.9,0.034,38.0,121.0,0.99008,3.19,0.4,12.8,6,1
10.915019902012634,0.16,0.33,4.8,0.043,45.0,114.0,0.992,3.18,0.44,11.2,6,1
6.6,1.3077119438450047,0.39,11.9,0.057,51.0,221.0,0.99851,3.26,0.51,8.9,6,1
5.6,0.19,0.27,0.9,0.04,52.0,103.0,0.99026,3.5,0.39,,5,1
6.2,1.5359536470498258,0.39,1.3,0.051,42.0,135.0,0.9906,3.23,0.4,11.1,6,1
7.357246384676266,0.22,0.43,6.4,0.042,34.0,115.0,0.99293,3.05,0.51,10.8,6,1
4.964994762569018,0.19,0.29,4.3,0.045,33.0,126.0,0.99658,3.18,0.42,9.3,6,1
6.6,0.39,0.39,11.9,0.057,51.0,221.0,0.99851,3.26,0.51,8.9,6,1
6.573021366328327,0.33,0.32,8.1,0.038,9.0,34.0,0.9911,3.22,0.36,12.7,7,1
4.389535732459715,0.17,0.5,1.3,0.045,35.0,140.0,0.9904,3.16,0.4,12.0,6,1
5.5,0.19,0.27,0.9,0.04,52.0,103.0,0.99026,3.5,0.39,11.2,5,1
10.12682946960939,0.23,0.36,17.2,0.039,37.0,130.0,0.99946,3.23,0.43,8.8,6,1
6.7597824335240855,-0.7093979329503527,0.36,17.2,0.039,37.0,130.0,0.99946,3.23,0.43,,6,1
4.191628360368355,-3.166016868238733,0.36,17.2,0.039,37.0,130.0,0.99946,3.23,0.43,,6,1
7.2,0.32,0.4,8.7,0.038,45.0,154.0,0.99568,3.2,0.47,10.4,6,1
6.2,0.23,0.36,17.2,0.039,37.0,130.0,0.99946,3.23,0.43,8.8,6,1
7.2,0.32,0.4,8.7,0.038,45.0,154.0,0.99568,3.2,0.47,10.4,6,1
5.299613601721374,0.39,0.47,7.5,0.027,12.0,88.0,0.9907,3.38,0.45,14.0,6,1
4.6188913038091535,0.23,0.36,17.2,0.039,37.0,130.0,0.99946,3.23,0.43,8.8,6,1
7.6,0.25,1.23,4.6,0.035,51.0,294.0,0.99018,3.03,0.43,13.1,6,1
9.735009930450502,0.29,0.33,3.7,0.029,30.0,88.0,0.98994,3.25,0.42,12.3,6,1
7.2,0.4,0.38,2.2,0.03,40.0,109.0,0.99075,3.27,0.46,,6,1
6.8,0.39,0.34,7.4,0.02,38.0,133.0,0.99212,3.18,0.44,12.0,7,1
6.1,3.9228953512553963,0.42,15.1,0.033,28.0,124.0,0.99684,2.87,0.47,,5,1
6.8,0.39,0.34,7.4,0.02,38.0,133.0,0.99212,3.18,0.44,12.0,7,1
7.1,0.36,0.37,4.8,0.019,39.0,114.0,0.99036,3.08,0.49,12.7,7,1
6.2932797316588225,0.19,0.32,7.9,0.042,30.0,130.0,0.99456,3.4,0.39,10.5,6,1
6.5,3.455813828581302,0.46,1.0,0.023,6.0,80.0,0.98865,3.15,0.54,12.9,6,1
6.1,0.17,0.42,15.1,0.033,28.0,124.0,0.99684,2.87,0.47,9.5,5,1
6.8,-5.572129502920494,0.34,7.4,0.02,38.0,133.0,0.99212,3.18,0.44,,7,1
7.1,4.37874876994059,0.37,4.8,0.019,39.0,114.0,0.99036,3.08,0.49,12.7,7,1
7.8,0.3,0.36,4.6,0.024,20.0,198.0,0.99222,3.06,0.66,11.9,6,1
6.1,0.68,0.52,1.4,0.037,32.0,123.0,0.99022,3.24,0.45,12.0,6,1
5.6660972383467785,-0.28692739199904166,0.37,6.2,0.031,42.0,133.0,0.99076,3.25,0.41,,6,1
5.6,0.28,0.4,6.1,0.034,36.0,118.0,0.99144,3.21,0.43,12.1,7,1
6.2,0.19,0.38,5.1,0.019,22.0,82.0,0.98961,3.05,0.36,,6,1
7.421179369953876,0.16,0.26,6.3,0.043,28.0,113.0,0.9936,3.06,0.58,,6,1
7.6,0.17,0.46,0.9,0.036,63.0,147.0,0.99126,3.02,0.41,,6,1
7.3,0.2,0.39,2.3,0.048,24.0,87.0,0.99044,2.94,0.35,,6,1
4.477700188706374,0.33,0.36,6.6,0.042,34.0,116.0,0.99123,2.97,0.31,12.2,8,1
7.281128398405471,0.33,0.34,7.5,0.036,39.0,124.0,0.99123,2.99,0.32,12.4,8,1
6.9,0.36,0.35,8.6,0.038,37.0,125.0,0.9916,3.0,0.32,12.4,8,1
8.623306708182628,0.7799612400814279,0.34,11.9,0.039,55.0,140.0,0.9959,3.02,0.31,10.3,6,1
2.6377635369381363,3.6146691801578816,0.39,2.3,0.048,24.0,87.0,0.99044,2.94,0.35,,6,1
5.6,0.41,0.22,7.1,0.05,44.0,154.0,0.9931,3.3,0.4,10.5,5,1
8.35808946633283,5.107616359887161,0.35,4.3,0.051,23.0,98.0,0.99422,3.1,0.44,9.5,6,1
8.362713805170582,0.2,0.4,1.1,0.046,31.0,106.0,0.99194,3.0,0.35,,4,1
6.5,3.24859585513659,0.38,1.0,0.027,31.0,90.0,0.98926,3.24,0.36,12.3,6,1
8.689898876347991,0.16,0.37,7.9,0.025,38.0,107.0,0.99306,2.93,0.37,,6,1
5.5,0.12,0.33,1.0,0.038,23.0,131.0,0.99164,3.25,0.45,9.8,5,1
6.5,0.24,0.38,1.0,0.027,31.0,90.0,0.98926,3.24,0.36,12.3,6,1
6.2,0.1,0.41,1.0,0.04,17.0,76.0,0.98988,3.14,0.56,,7,1
6.5,0.21,0.4,7.3,0.041,49.0,115.0,0.99268,3.21,0.43,11.0,6,1
8.7,0.3,0.59,1.7,0.046,10.0,70.0,0.99373,3.06,0.56,10.8,4,1
6.8068891404717,0.9030914968516774,0.37,1.3,0.027,42.0,125.0,0.98939,3.24,0.37,12.8,7,1
7.0,0.17,0.36,6.4,0.055,42.0,123.0,0.99318,3.11,0.5,11.0,8,1
7.377509618850246,0.19,0.33,1.8,0.035,42.0,148.0,0.99196,3.15,0.36,10.2,5,1
5.8,-3.846922058908995,0.3,1.5,0.026,31.0,114.0,0.98952,3.32,0.6,12.5,7,1
7.6,-5.838695471954215,0.44,3.8,0.037,49.0,146.0,0.9911,3.06,0.37,11.6,6,1
12.312029677028475,0.16,0.37,7.9,0.025,38.0,107.0,0.99306,2.93,0.37,11.9,6,1
1.9614777637446714,2.754476817073511,0.33,1.0,0.038,23.0,131.0,0.99164,3.25,0.45,9.8,5,1
5.7,0.16,0.32,1.2,0.036,7.0,89.0,0.99111,3.26,0.48,11.0,5,1
5.973542993498739,4.23609103723343,0.42,5.3,0.037,36.0,123.0,0.99321,3.14,0.52,10.9,6,1
8.39985588688851,0.22,0.38,9.1,0.044,35.0,127.0,0.99326,2.97,0.3,11.0,7,1
9.342777603183734,0.34,0.44,6.5,0.027,47.0,126.0,0.99124,2.96,0.37,12.5,6,1
6.4,0.22,0.38,9.1,0.044,35.0,127.0,0.99326,2.97,0.3,11.0,7,1
6.8,0.21,0.4,6.3,0.032,40.0,121.0,0.99214,3.18,0.53,,7,1
5.2,-2.133934582514144,0.36,5.1,0.031,46.0,145.0,0.9897,3.14,0.31,,7,1
7.9,0.34,0.44,6.5,0.027,47.0,126.0,0.99124,2.96,0.37,,6,1
6.978216660026252,0.42,0.34,2.4,0.022,34.0,97.0,0.98915,3.22,0.38,12.8,7,1
14.660731647020013,0.22,0.38,9.1,0.044,35.0,127.0,0.99326,2.97,0.3,11.0,7,1
6.8,-0.5293398942161893,0.34,7.5,0.035,34.0,177.0,0.99692,3.33,0.43,9.1,5,1
6.8,-1.2217976651563647,0.36,5.0,0.033,28.0,156.0,0.991,3.11,0.4,12.4,7,1
6.6,0.29,0.39,6.75,0.031,22.0,98.0,0.9913,3.15,0.8,12.9,7,1
6.8,0.21,0.42,1.2,0.045,24.0,126.0,0.99234,3.09,0.87,,6,1
6.8,-1.5017002204670102,0.24,1.6,0.045,39.0,164.0,0.99402,3.53,0.58,10.8,5,1
6.4,0.21,0.34,16.05,0.04,56.0,142.0,0.99678,3.11,0.38,10.6,5,1
5.8,3.554883551675896,0.23,5.0,0.053,29.0,106.0,0.99458,3.13,0.52,9.0,5,1
8.2,0.3,0.44,12.4,0.043,52.0,154.0,0.99452,3.04,0.33,12.0,6,1
6.4,0.8951193982609271,0.32,0.95,0.041,23.0,131.0,0.99033,3.25,0.35,11.8,5,1
7.5,-0.5075349341870075,0.45,4.6,0.041,67.0,158.0,0.9927,3.01,0.38,10.6,6,1
5.2,8.307560061531118,0.2,1.7,0.033,17.0,74.0,0.99002,3.34,0.48,12.3,6,1
7.1,-4.163262697022681,0.33,1.0,0.104,20.0,54.0,0.99057,3.19,0.64,11.5,6,1
9.042406572350117,0.13,0.46,1.3,0.044,48.0,111.0,0.99127,2.97,0.45,11.1,5,1
9.192813388765074,1.9737332444873565,0.23,5.0,0.053,29.0,106.0,0.99458,3.13,0.52,9.0,5,1
6.5,0.29,0.25,2.5,0.142,8.0,111.0,0.9927,3.0,0.44,,4,1
6.2,0.35,0.31,2.6,0.036,37.0,92.0,0.98938,3.27,0.53,12.8,7,1
9.0,0.38,0.53,2.1,0.102,19.0,76.0,0.99001,2.93,0.57,12.9,5,1
6.6,0.24,0.38,12.75,0.034,8.0,74.0,0.99386,3.1,0.57,12.9,6,1
5.678783823442474,-2.9869348555165844,0.34,1.1,0.037,41.0,115.0,0.9899,3.01,0.68,12.0,6,1
8.2,-0.1723106159827244,0.44,12.4,0.043,52.0,154.0,0.99452,3.04,0.33,12.0,6,1
5.7,0.15,0.28,3.7,0.045,57.0,151.0,0.9913,3.22,0.27,11.2,6,1
6.6,0.33,0.4,2.65,0.041,35.0,86.0,0.98916,3.11,0.39,13.3,7,1
5.7,0.2,0.3,2.5,0.046,38.0,125.0,0.99276,3.34,0.5,9.9,6,1
3.8212628783081533,0.27,0.37,8.2,0.055,52.0,192.0,0.99586,3.11,0.52,9.5,6,1
6.8,0.27,0.42,7.3,0.054,58.0,200.0,0.99556,3.12,0.49,9.4,6,1
6.2,0.2,0.26,1.1,0.047,42.0,119.0,0.99158,3.48,0.6,11.0,7,1
6.7,0.13,0.57,6.6,0.056,60.0,150.0,0.99548,2.96,0.43,,6,1
6.8,0.21,0.37,7.0,0.038,27.0,107.0,0.99206,2.98,0.82,11.5,6,1
5.757047712299098,0.31,0.32,14.5,0.038,6.0,79.0,0.99412,3.14,0.34,12.5,5,1
6.2,0.2,0.29,11.8,0.035,21.0,93.0,0.99364,3.18,0.34,11.9,6,1
6.6,0.25,0.34,3.0,0.054,22.0,141.0,0.99338,3.26,0.47,10.4,6,1
7.835880514030213,0.5959151533880193,0.28,3.7,0.045,57.0,151.0,0.9913,3.22,0.27,11.2,6,1
6.9,2.753787158905276,0.39,6.0,0.035,44.0,141.0,0.99123,3.11,0.33,12.5,6,1
7.620483564487527,-0.5535456854830672,0.35,4.6,0.039,43.0,147.0,0.99216,3.18,0.4,11.0,7,1
8.80975411179664,0.27,0.29,2.5,0.059,37.0,115.0,0.99328,3.09,0.37,,5,1
5.956966839608616,0.34,0.24,3.3,0.034,29.0,99.0,0.99031,3.1,0.4,12.3,7,1
5.278592143561074,-0.9408442933905256,0.42,1.0,0.036,29.0,113.0,0.9908,3.18,0.52,11.0,6,1
5.8,0.3,0.42,1.1,0.036,19.0,113.0,0.98871,3.1,0.46,12.6,7,1
7.0,-0.5472552934405237,0.35,1.4,0.036,42.0,109.0,0.99119,3.31,0.62,11.6,6,1
6.060428267120166,0.34,0.24,3.3,0.034,29.0,99.0,0.99031,3.1,0.4,12.3,7,1
6.7,-3.0298580589035273,0.36,8.55,0.02,20.0,86.0,0.99146,3.19,0.22,13.4,7,1
9.773426350495638,0.27,0.29,2.5,0.059,37.0,115.0,0.99328,3.09,0.37,9.8,5,1
9.322182284511253,0.22,0.41,6.7,0.034,39.0,116.0,0.99245,3.18,0.46,11.5,6,1
4.681275050986317,0.27,0.49,3.8,0.037,46.0,139.0,0.99116,3.04,0.38,11.6,6,1
6.4,0.25,0.37,4.5,0.039,41.0,147.0,0.9921,3.18,0.4,,7,1
8.68702767829435,2.1269294062750594,0.35,4.6,0.039,43.0,147.0,0.99216,3.18,0.4,11.0,7,1
6.7,0.13,0.45,4.2,0.043,52.0,131.0,0.99162,3.06,0.54,11.3,6,1
4.747836307731311,1.084003112345725,0.37,11.3,0.043,64.0,173.0,0.99632,3.08,0.53,9.9,6,1
7.1,0.26,0.37,5.5,0.025,31.0,105.0,0.99082,3.06,0.33,12.6,8,1
5.3,0.3,0.16,4.2,0.029,37.0,100.0,0.9905,3.3,0.36,11.8,8,1
8.50676495552316,0.38,0.4,2.2,0.042,54.0,201.0,0.99177,3.03,0.5,11.4,5,1
6.824102772612536,0.19,0.31,14.5,0.045,39.0,193.0,0.9986,3.1,0.5,9.2,6,1
7.4,1.4955060139451501,0.31,14.5,0.045,39.0,193.0,0.9986,3.1,0.5,9.2,6,1
7.4,0.19,0.31,14.5,0.045,39.0,193.0,0.9986,3.1,0.5,,6,1
7.4,-0.018629007599242214,0.31,14.5,0.045,39.0,193.0,0.9986,3.1,0.5,9.2,6,1
12.097365647716954,0.19,0.31,14.5,0.045,39.0,193.0,0.9986,3.1,0.5,9.2,6,1
6.145776113056564,0.19,0.31,14.5,0.045,39.0,193.0,0.9986,3.1,0.5,9.2,6,1
6.3,0.32,0.32,1.5,0.03,24.0,101.0,0.98923,3.21,0.42,13.0,5,1
7.6,0.19,0.32,18.75,0.047,32.0,193.0,1.00014,3.1,0.5,9.3,7,1
7.03583552268435,0.26,0.31,3.6,0.03,36.0,92.0,0.99026,3.22,0.62,12.6,8,1
5.9,-0.3386338796702797,0.12,1.4,0.035,60.0,247.0,0.99358,3.34,0.44,,6,1
4.2,0.215,0.23,5.1,0.041,64.0,157.0,0.99688,3.42,0.44,8.0,3,1
9.919779472678282,0.24,0.32,10.5,0.03,34.0,105.0,0.99407,3.11,0.42,11.8,6,1
3.1781234496313537,0.23,0.2,2.0,0.043,39.0,154.0,0.99226,3.21,0.39,10.2,6,1
7.281428833719165,3.8568010146925538,0.36,2.6,0.051,26.0,126.0,0.99097,3.32,0.53,12.7,6,1
6.6,3.445359410471047,0.36,9.2,0.061,42.0,214.0,0.9976,3.31,0.56,9.4,5,1
6.4,0.15,0.29,1.8,0.044,21.0,115.0,0.99166,3.1,0.38,10.2,5,1
6.5,0.32,0.34,5.7,0.044,27.0,91.0,0.99184,3.28,0.6,12.0,7,1
6.700245346130588,0.22,0.32,2.4,0.045,29.0,100.0,0.99135,3.08,0.6,11.3,7,1
6.4,4.474401758553165,0.32,1.9,0.038,40.0,118.0,0.99074,3.32,0.53,11.8,7,1
6.1,1.3377830544876117,0.31,1.4,0.039,40.0,129.0,0.99193,3.45,0.59,10.9,5,1
6.5,0.48,0.02,0.9,0.043,32.0,99.0,0.99226,3.14,0.47,9.8,4,1
6.6,4.287992283966258,0.3,4.6,0.06,29.0,154.0,0.99142,3.23,0.49,12.2,8,1
4.858559549782081,-1.0882479191612424,0.25,1.4,0.057,21.0,125.0,0.99091,3.23,0.44,11.1,7,1
6.6,-0.22255535842399365,0.36,9.2,0.061,42.0,214.0,0.9976,3.31,0.56,9.4,5,1
6.080830995550281,3.745302261045884,0.32,1.4,0.065,23.0,140.0,0.99134,3.06,0.47,11.4,6,1
9.736043794410383,2.6802646147807163,0.29,1.8,0.044,21.0,115.0,0.99166,3.1,0.38,10.2,5,1
4.704347795719,0.32,0.3,2.3,0.051,20.0,127.0,0.98964,3.13,0.52,12.8,6,1
6.7,-0.7513512207446896,0.36,2.3,0.039,43.0,125.0,0.99229,3.07,0.67,,7,1
6.6,0.2,0.14,4.4,0.184,35.0,168.0,0.99396,2.93,0.45,9.4,6,1
9.699223648014817,0.34,0.25,6.4,0.035,38.0,103.0,0.99148,2.91,0.23,,6,1
6.8,0.21,0.31,2.9,0.046,40.0,121.0,0.9913,3.07,0.65,10.9,7,1
6.8,0.23,0.31,2.8,0.047,40.0,122.0,0.99126,3.06,0.64,,7,1
7.743785006093432,0.21,0.31,2.9,0.046,40.0,121.0,0.9913,3.07,0.65,10.9,7,1
6.6,0.2,0.14,4.4,0.184,35.0,168.0,0.99396,2.93,0.45,9.4,6,1
2.409059652674472,0.28,0.42,8.2,0.044,60.0,196.0,0.99562,3.14,0.48,9.4,5,1
7.8,0.25,0.37,1.0,0.043,10.0,80.0,0.99128,3.08,0.38,11.4,5,1
7.1575083152793235,0.12,0.33,2.9,0.044,21.0,73.0,0.98896,3.17,0.32,,8,1
2.359460370726916,0.28,0.41,7.0,0.046,59.0,194.0,0.99558,3.14,0.48,,5,1
6.8,0.17,0.35,1.8,0.04,29.0,84.0,0.98961,2.91,0.57,12.0,7,1
9.18427548449548,-2.8887747080591324,0.28,1.5,0.043,19.0,113.0,0.99338,3.38,0.56,10.1,6,1
6.6,-0.33189262097741823,0.41,7.0,0.046,59.0,194.0,0.99558,3.14,0.48,9.4,5,1
6.6,-1.7746053238311046,0.42,8.2,0.044,60.0,196.0,0.99562,3.14,0.48,9.4,5,1
4.9784250706074555,0.25,0.5,7.6,0.047,54.0,184.0,0.99572,3.17,0.45,,5,1
6.3,0.24,0.35,2.3,0.039,43.0,109.0,0.99056,3.34,0.44,11.8,6,1
6.8,0.32,0.32,8.7,0.029,31.0,105.0,0.99146,3.0,0.34,12.3,7,1
7.8,5.423510447466024,0.37,1.0,0.043,10.0,80.0,0.99128,3.08,0.38,11.4,5,1
5.6,2.4001219305592527,0.33,2.9,0.044,21.0,73.0,0.98896,3.17,0.32,12.9,8,1
6.625101759769357,-2.057767732160297,0.28,6.7,0.032,26.0,91.0,0.99172,3.13,0.32,12.3,6,1
2.4171601511209833,0.22,0.34,5.0,0.032,36.0,93.0,0.99012,3.27,0.36,13.5,7,1
6.0,-2.8149728819950375,0.3,1.9,0.033,41.0,142.0,0.98912,3.29,0.42,12.8,7,1
6.3,-2.1449398213536663,0.29,2.0,0.022,33.0,96.0,0.98902,3.04,0.54,12.8,7,1
6.0,-1.3564757153990021,0.3,1.9,0.033,41.0,142.0,0.98912,3.29,0.42,12.8,7,1
9.4,0.24,0.29,8.5,0.037,124.0,208.0,0.99395,2.9,0.38,11.0,3,1
6.767146970814449,-0.15010118139158313,0.28,12.6,0.039,19.0,124.0,0.99539,3.2,0.43,10.6,6,1
6.7,0.46,0.27,5.2,0.039,35.0,96.0,0.99129,3.16,0.44,12.4,7,1
9.08085125391186,0.3,0.29,2.1,0.048,33.0,142.0,0.98956,3.22,0.46,12.9,7,1
3.5791037159321375,0.19,0.29,1.1,0.047,67.0,152.0,0.9916,3.54,0.59,11.1,7,1
5.9,0.24,0.28,1.3,0.032,36.0,95.0,0.98889,3.08,0.64,12.9,7,1
5.478498741567966,3.488639472642662,0.33,1.1,0.042,14.0,64.0,0.99012,3.1,0.37,11.8,7,1
6.6,-2.464550674059011,0.38,9.2,0.058,66.0,243.0,0.99833,3.23,0.54,,6,1
7.163863070702468,0.18,0.37,1.2,0.036,19.0,74.0,0.98853,3.09,0.49,12.7,7,1
5.8,7.04861173453965,0.37,1.1,0.036,31.0,96.0,0.98942,3.16,0.48,,6,1
5.6,0.32,0.32,8.3,0.043,32.0,105.0,0.99266,3.24,0.47,11.2,6,1
6.6,0.16,0.35,1.8,0.042,26.0,105.0,0.98962,3.19,0.75,12.4,7,1
5.1,-2.6199007104859637,0.28,1.4,0.047,48.0,148.0,0.99168,3.5,0.49,10.4,5,1
7.5,-3.937143193283797,0.36,15.7,0.05,29.0,124.0,0.9968,3.06,0.54,10.4,5,1
7.438854970940818,0.26,0.33,4.35,0.04,15.0,80.0,0.98934,3.29,0.5,12.7,6,1
-1.6025378952255194,0.26,0.3,1.8,0.039,30.0,105.0,0.98995,3.48,0.52,12.5,7,1
13.14621909134832,0.17,0.31,1.6,0.037,15.0,103.0,0.991,3.14,0.5,12.0,6,1
6.9,5.234914475970413,0.3,2.0,0.047,13.0,117.0,0.99152,3.16,0.51,11.6,6,1
6.8,0.25,0.28,5.0,0.035,42.0,126.0,0.99048,3.12,0.38,12.6,7,1
8.185660450644994,4.133766799510868,0.28,1.8,0.042,62.0,178.0,0.99204,3.15,0.42,10.2,5,1
7.890755987358885,-0.3770463932688558,0.36,1.3,0.036,11.0,70.0,0.99202,3.43,0.68,,7,1
6.4,0.24,0.29,1.0,0.038,18.0,122.0,0.9906,3.3,0.42,11.5,5,1
6.7,0.21,0.34,1.4,0.049,36.0,112.0,0.99091,3.02,0.5,11.0,6,1
6.269378660013949,0.23,0.33,8.1,0.048,45.0,176.0,0.99472,3.11,0.52,10.1,6,1
6.8,0.23,0.32,8.6,0.046,47.0,159.0,0.99452,3.08,0.52,10.5,6,1
6.5,1.3639969453735796,0.28,3.7,0.059,29.0,151.0,0.99177,3.23,0.41,,7,1
5.1,0.165,0.22,5.7,0.047,42.0,146.0,0.9934,3.18,0.55,9.9,6,1
1.0339394743432653,1.6447073573060418,0.25,2.35,0.034,23.0,87.0,0.99082,3.05,0.41,11.4,6,1
6.9,0.38,0.29,13.65,0.048,52.0,189.0,0.99784,3.0,0.6,9.5,6,1
8.924166183750721,0.7901372862306758,0.29,13.65,0.048,52.0,189.0,0.99784,3.0,0.6,9.5,6,1
5.204435915307341,0.38,0.29,13.65,0.048,52.0,189.0,0.99784,3.0,0.6,,6,1
7.2,-3.619438615411419,0.28,15.2,0.046,6.0,41.0,0.99665,3.17,0.39,10.9,6,1
7.6,0.17,0.27,4.6,0.05,23.0,98.0,0.99422,3.08,0.47,9.5,6,1
7.83179508255002,-7.145901547998757,0.31,1.2,0.048,19.0,125.0,0.98999,3.32,0.54,12.6,6,1
7.6,0.17,0.27,4.6,0.05,23.0,98.0,0.99422,3.08,0.47,9.5,6,1
5.843596789211814,0.26,0.32,6.65,0.059,34.0,104.0,0.99254,3.18,0.42,11.1,5,1
6.9,0.36,0.28,13.55,0.048,51.0,189.0,0.99782,3.0,0.6,9.5,7,1
6.9,0.38,0.29,13.65,0.048,52.0,189.0,0.99784,3.0,0.6,9.5,6,1
6.8,-2.354178546970251,0.24,9.8,0.058,64.0,188.0,0.9952,3.13,0.51,10.6,6,1
6.7,0.18,0.24,10.3,0.057,64.0,185.0,0.99519,3.12,0.5,,6,1
6.6,0.16,0.21,6.7,0.055,43.0,157.0,0.99384,3.15,0.52,,6,1
7.2,5.718463234112843,0.28,15.2,0.046,6.0,41.0,0.99665,3.17,0.39,,6,1
6.4,0.17,0.27,9.9,0.047,26.0,101.0,0.99596,3.34,0.5,,6,1
7.2,0.22,0.28,7.2,0.06,41.0,132.0,0.9935,3.08,0.59,11.3,6,1
6.714118137349132,0.22,0.28,1.1,0.034,47.0,90.0,0.98862,3.22,0.38,,6,1
6.7,0.36,0.28,8.3,0.034,29.0,81.0,0.99151,2.96,0.39,12.5,6,1
4.175010855772266,0.43,0.28,11.25,0.032,31.0,87.0,0.9922,3.02,0.38,12.4,6,1
5.9,0.2,0.28,12.8,0.038,29.0,132.0,0.99426,3.31,0.57,11.8,7,1
7.893166828036795,0.32,0.23,9.65,0.026,26.0,119.0,0.99168,3.18,0.53,12.2,6,1
3.2348628816269844,0.2,0.28,12.6,0.048,54.0,136.0,0.99556,3.19,0.37,,6,1
6.0,5.786240508179969,0.33,12.2,0.033,25.0,97.0,0.99356,3.17,0.42,11.3,7,1
13.43670827601757,0.36,0.28,8.3,0.034,29.0,81.0,0.99151,2.96,0.39,12.5,6,1
13.213845904961037,0.43,0.28,11.25,0.032,31.0,87.0,0.9922,3.02,0.38,12.4,6,1
7.1,-0.6055108934769267,0.49,1.3,0.033,12.0,72.0,0.99072,3.05,0.53,11.3,7,1
11.298098756399533,0.17,0.27,9.9,0.047,26.0,101.0,0.99596,3.34,0.5,9.9,6,1
11.026436957323531,0.22,0.28,7.2,0.06,41.0,132.0,0.9935,3.08,0.59,11.3,6,1
6.0,0.22,0.28,1.1,0.034,47.0,90.0,0.98862,3.22,0.38,12.6,6,1
5.746354925299077,0.2,0.26,1.1,0.033,38.0,67.0,0.98954,3.14,0.38,11.5,6,1
11.099640117241623,-2.673892667571014,0.26,4.8,0.033,26.0,76.0,0.99076,2.98,0.49,,7,1
5.911470505171617,0.3,0.21,1.1,0.032,31.0,111.0,0.9889,2.97,0.42,,6,1
1.339447373264079,0.29,0.25,1.4,0.033,30.0,114.0,0.98794,3.08,0.43,13.2,6,1
11.109604242092065,0.18,0.28,1.7,0.041,53.0,161.0,0.99207,3.13,0.45,10.2,6,1
10.386473388767516,1.054363659188141,0.28,10.6,0.039,32.0,117.0,0.99355,3.05,0.55,11.5,7,1
6.0,0.29,0.25,1.4,0.033,30.0,114.0,0.98794,3.08,0.43,13.2,6,1
6.2,0.3,0.21,1.1,0.032,31.0,111.0,0.9889,2.97,0.42,12.2,6,1
5.5059826770336935,1.4669435864010767,0.26,5.55,0.051,51.0,139.0,0.99336,3.47,0.5,,6,1
3.2244472280065497,0.28,0.24,2.1,0.034,49.0,121.0,0.98882,2.98,0.43,13.2,7,1
5.9,0.19,0.21,1.7,0.045,57.0,135.0,0.99341,3.32,0.44,9.5,5,1
7.8,0.22,0.26,9.0,0.047,38.0,132.0,0.997,3.25,0.53,10.2,6,1
6.6,0.18,0.28,1.7,0.041,53.0,161.0,0.99207,3.13,0.45,10.2,6,1
7.0,0.4,0.25,1.8,0.05,51.0,189.0,0.99174,3.0,0.55,11.4,6,1
4.3413979702630785,0.28,0.27,4.7,0.03,56.0,140.0,0.99042,3.16,0.42,12.5,8,1
7.6,0.36,0.49,11.3,0.046,87.0,221.0,0.9984,3.01,0.43,9.2,5,1
6.5,0.28,0.34,3.6,0.04,29.0,121.0,0.99111,3.28,0.48,,7,1
6.9,0.19,0.35,6.9,0.045,51.0,125.0,0.9933,3.1,0.44,10.7,7,1
1.0365632453374705,0.28,0.34,3.6,0.04,29.0,121.0,0.99111,3.28,0.48,12.1,7,1
9.235242557853931,2.022158557882173,0.32,4.9,0.046,50.0,156.0,0.99316,3.38,0.55,11.2,6,1
1.990073099407459,-7.3510860485127925,0.3,6.95,0.044,42.0,179.0,0.9946,3.25,0.56,,6,1
7.260492610440029,0.32,0.31,1.9,0.037,34.0,126.0,0.99,3.06,0.45,11.8,6,1
3.568919956660935,0.28,0.27,4.7,0.03,56.0,140.0,0.99042,3.16,0.42,12.5,8,1
7.6,0.36,0.49,11.3,0.046,87.0,221.0,0.9984,3.01,0.43,9.2,5,1
4.519889665001571,0.39,0.35,1.8,0.096,22.0,80.0,0.99016,2.95,0.54,12.6,6,1
6.6,0.24,0.3,11.3,0.026,11.0,77.0,0.99381,3.13,0.55,,7,1
7.615065279835715,9.763268551475486,0.3,8.2,0.026,35.0,112.0,0.99144,3.0,0.37,,6,1
5.898601844063906,0.28,0.3,8.3,0.026,37.0,113.0,0.99139,2.99,0.38,12.3,8,1
6.7,0.38,0.26,9.55,0.036,35.0,91.0,0.9919,2.98,0.37,,6,1
8.0,3.6774240041308977,0.3,8.4,0.03,35.0,115.0,0.99192,2.93,0.42,12.3,6,1
9.014567316276104,0.25,0.45,7.8,0.048,52.0,188.0,0.99576,3.2,0.53,9.1,5,1
6.6,0.26,0.46,7.8,0.047,48.0,186.0,0.9958,3.2,0.54,9.1,5,1
3.5971841938138795,0.29,0.28,10.2,0.032,43.0,138.0,0.9951,3.1,0.47,10.6,6,1
4.028056063578533,0.19,0.29,5.5,0.042,44.0,189.0,0.99304,3.19,0.47,10.3,6,1
6.1,-0.26359111121899964,0.32,7.8,0.052,52.0,183.0,0.99657,3.39,0.65,9.5,5,1
-1.5629266254726737,0.32,0.33,7.4,0.037,25.0,95.0,0.99268,3.25,0.49,,6,1
7.7,0.46,0.18,3.3,0.054,18.0,143.0,0.99392,3.12,0.51,10.8,6,1
2.2469599530162325,0.19,0.3,5.0,0.028,34.0,120.0,0.99242,2.94,0.47,11.2,5,1
7.7,-1.6954328904825595,0.18,3.3,0.054,18.0,143.0,0.99392,3.12,0.51,10.8,6,1
8.8,0.27,0.25,5.0,0.024,52.0,99.0,0.9925,2.87,0.49,,5,1
11.194577229935538,3.1419170822388147,0.28,1.3,0.034,9.0,94.0,0.99092,3.21,0.52,11.2,6,1
12.050794732299007,1.636183845103624,0.32,1.2,0.037,14.0,119.0,0.99137,3.19,0.5,10.2,6,1
5.6,0.32,0.33,7.4,0.037,25.0,95.0,0.99268,3.25,0.49,,6,1
6.1,0.33,0.32,7.8,0.052,52.0,183.0,0.99657,3.39,0.65,9.5,5,1
7.1,0.32,0.3,9.9,0.041,63.0,192.0,0.99642,3.12,0.49,,6,1
6.2,0.506442464103534,0.35,0.7,0.051,24.0,111.0,0.9916,3.37,0.43,11.0,3,1
8.9,0.3,0.35,4.6,0.032,32.0,148.0,0.99458,3.15,0.45,,7,1
6.278178615671859,0.14,0.17,5.6,0.036,37.0,127.0,0.99373,3.05,0.57,9.8,6,1
6.8,0.24,0.29,9.5,0.042,56.0,157.0,0.99586,3.11,0.51,10.1,6,1
4.228513702280465,0.21,0.48,14.8,0.05,31.0,195.0,0.99942,2.95,0.75,,6,1
8.9,0.3,0.35,4.6,0.032,32.0,148.0,0.99458,3.15,0.45,,7,1
5.204653223529679,1.6750039009224347,0.3,2.1,0.031,50.0,163.0,0.9895,3.39,0.43,,7,1
9.820722607459093,0.031841187326156706,0.4,11.6,0.032,34.0,214.0,0.9963,3.1,0.51,9.8,6,1
6.7,0.64,0.3,1.2,0.03,18.0,76.0,0.9892,3.16,0.6,,4,1
7.2,0.37,0.4,11.6,0.032,34.0,214.0,0.9963,3.1,0.51,9.8,6,1
6.1,0.3,0.3,2.1,0.031,50.0,163.0,0.9895,3.39,0.43,12.7,7,1
7.6,0.28,0.49,20.15,0.06,30.0,145.0,1.00196,3.01,0.44,8.5,5,1
6.3,0.29,0.28,4.7,0.059,28.0,81.0,0.99036,3.24,0.56,12.7,8,1
6.2,0.28,0.28,4.3,0.026,22.0,105.0,0.989,2.98,0.64,13.1,8,1
7.1,0.18,0.39,14.5,0.051,48.0,156.0,0.99947,3.35,0.78,9.1,5,1
6.4,1.5255867971519061,0.27,4.9,0.034,18.0,122.0,0.9916,3.36,0.71,12.5,6,1
7.1,0.17,0.4,14.55,0.047,47.0,156.0,0.99945,3.34,0.78,9.1,6,1
7.1,0.17,0.4,14.55,0.047,47.0,156.0,0.99945,3.34,0.78,9.1,6,1
5.8,2.4190885528605106,0.26,10.05,0.039,63.0,162.0,0.99375,3.33,0.5,11.2,6,1
4.856832940533862,1.3499506222460813,0.27,4.9,0.034,18.0,122.0,0.9916,3.36,0.71,12.5,6,1
7.1,0.18,0.39,14.5,0.051,48.0,156.0,0.99947,3.35,0.78,9.1,5,1
7.812901601125067,0.17,0.4,14.55,0.047,47.0,156.0,0.99945,3.34,0.78,9.1,6,1
7.061731848556251,1.052765694965757,0.39,15.25,0.047,45.0,158.0,0.99946,3.34,0.77,,6,1
7.8,4.468580399633543,0.29,3.15,0.044,41.0,117.0,0.99153,3.24,0.35,,5,1
4.493561989751426,-4.5363213582553685,0.27,1.3,0.037,30.0,86.0,0.98834,3.05,0.59,12.9,7,1
8.2,-2.053646835675292,0.29,5.2,0.076,19.0,92.0,0.99138,2.95,0.39,12.5,6,1
6.5,0.24,0.28,1.1,0.034,26.0,83.0,0.98928,3.25,0.33,12.3,6,1
5.321421762024387,0.24,0.23,7.1,0.041,20.0,97.0,0.99246,3.1,0.85,11.4,6,1
6.7,0.4,0.22,8.8,0.052,24.0,113.0,0.99576,3.22,0.45,9.4,5,1
7.579962615056525,0.37968205794306775,0.44,18.5,0.057,65.0,224.0,0.99956,3.11,0.53,9.1,5,1
6.7,0.4,0.22,8.8,0.052,24.0,113.0,0.99576,3.22,0.45,9.4,5,1
6.8,-2.019602748787723,0.32,1.4,0.04,35.0,106.0,0.99026,3.16,0.66,12.0,5,1
4.169335590837676,0.25,0.28,1.2,0.04,31.0,111.0,0.99174,3.18,0.53,11.1,5,1
7.255188036870549,0.27,0.27,5.0,0.035,14.0,97.0,0.99058,3.1,0.33,11.8,7,1
4.585263121052455,0.16,0.22,1.6,0.042,36.0,106.0,0.9905,3.24,0.32,11.4,6,1
7.082101913944691,0.3,0.44,18.75,0.057,65.0,224.0,0.99956,3.11,0.53,9.1,5,1
10.751887698505676,-1.0380976147318233,0.32,6.0,0.033,59.0,128.0,0.99192,3.19,0.71,,8,1
7.3,4.2032253486701325,0.3,9.4,0.057,34.0,178.0,0.99554,3.15,0.44,10.4,6,1
5.495423864319143,0.17,0.29,9.7,0.044,33.0,98.0,0.99536,3.12,0.36,,6,1
6.7,0.023087078126824756,0.29,4.75,0.034,29.0,134.0,0.99056,3.29,0.46,13.0,7,1
9.359413020575976,0.15,0.32,6.0,0.033,59.0,128.0,0.99192,3.19,0.71,12.1,8,1
6.6,-5.277633083141922,0.29,5.35,0.029,43.0,106.0,0.99112,2.93,0.43,11.5,7,1
1.223901432348514,0.21,0.29,5.35,0.029,43.0,106.0,0.99112,2.93,0.43,11.5,7,1
8.0,-1.0300251880028368,0.48,6.8,0.047,13.0,134.0,0.99616,3.23,0.7,10.0,5,1
5.6,0.5143395224016162,0.3,6.9,0.038,23.0,89.0,0.99266,3.25,0.49,,6,1
4.388910959078216,0.54,0.0,1.4,0.033,40.0,107.0,0.98918,3.26,0.35,12.4,5,1
7.3,0.23,0.24,0.9,0.031,29.0,86.0,0.98926,2.9,0.38,,6,1
6.083065863228218,0.39,0.13,1.2,0.042,60.0,172.0,0.99114,3.06,0.52,10.6,5,1
6.1,0.105,0.31,1.3,0.037,55.0,145.0,0.9912,3.41,0.41,11.1,7,1
5.8,0.43906859736898063,0.2,2.6,0.027,17.0,123.0,0.98936,3.36,0.78,13.9,7,1
7.6,1.8881123240392432,0.28,12.0,0.056,68.0,143.0,0.9983,2.99,0.3,9.2,6,1
12.569992037619377,1.6131657242664212,0.4,9.85,0.055,41.0,103.0,0.99532,2.98,0.56,10.5,6,1
0.8201437502203293,0.24,0.3,3.85,0.042,105.0,179.0,0.99189,3.04,0.59,11.3,8,1
6.511370414321669,-0.24647829557795728,0.34,2.0,0.04,38.0,111.0,0.99,3.24,0.45,12.9,6,1
10.570066552748788,-3.2791192747363,0.31,1.6,0.035,40.0,106.0,0.98914,3.26,0.39,12.9,7,1
4.544938784199385,0.29,0.41,7.8,0.046,52.0,171.0,0.99537,3.12,0.51,,5,1
6.8,0.19,0.34,1.9,0.04,41.0,108.0,0.99,3.25,0.45,12.9,6,1
6.8,0.17,0.34,2.0,0.04,38.0,111.0,0.99,3.24,0.45,12.9,6,1
6.6,-1.083417754912687,0.27,10.3,0.047,54.0,219.0,0.99742,3.04,0.45,8.8,5,1
5.961483568722989,0.16,0.36,1.1,0.031,27.0,93.0,0.98884,3.23,0.34,13.2,8,1
8.595216955166618,0.22,0.28,12.0,0.056,68.0,143.0,0.9983,2.99,0.3,9.2,6,1
6.7,-1.6283296698653946,0.3,3.85,0.042,105.0,179.0,0.99189,3.04,0.59,11.3,8,1
7.353525661168341,0.19,0.4,9.85,0.055,41.0,103.0,0.99532,2.98,0.56,10.5,6,1
11.397311426363242,-0.695311408058768,0.36,2.0,0.045,24.0,131.0,0.99284,3.3,0.59,10.5,6,1
6.5,0.3,0.27,4.0,0.038,37.0,97.0,0.99026,3.2,0.6,12.6,8,1
6.5,0.22,0.19,1.1,0.064,36.0,191.0,0.99297,3.05,0.5,9.5,6,1
6.2,2.4335056057736604,0.45,10.4,0.06,22.0,184.0,0.99711,3.31,0.56,9.8,6,1
7.545421430219696,0.37,0.24,6.1,0.032,19.0,86.0,0.98934,3.04,0.26,13.4,8,1
7.6,0.31,0.24,1.8,0.037,39.0,150.0,0.9913,3.05,0.44,,7,1
10.183318686542657,0.36,0.45,10.4,0.06,22.0,184.0,0.99711,3.31,0.56,,6,1
4.819974928070266,0.32,0.28,4.7,0.039,34.0,94.0,0.98964,3.22,0.57,13.1,7,1
6.5,0.3,0.27,4.0,0.038,37.0,97.0,0.99026,3.2,0.6,12.6,8,1
3.5784237662491103,1.432308248691257,0.3,1.1,0.047,36.0,131.0,0.992,3.26,0.45,10.4,5,1
5.4,2.922017141225057,0.27,6.4,0.033,20.0,102.0,0.98944,3.22,0.27,,8,1
6.1,0.36,0.26,8.15,0.035,14.0,88.0,0.99031,3.06,0.27,,7,1
5.522830420941093,0.37,0.24,6.1,0.032,19.0,86.0,0.98934,3.04,0.26,13.4,8,1
7.5,0.21,0.32,4.8,0.056,39.0,113.0,0.99393,3.11,0.52,10.2,7,1
6.9,0.28,0.33,1.2,0.039,16.0,98.0,0.9904,3.07,0.39,11.7,6,1
6.5,0.22,0.19,1.1,0.064,36.0,191.0,0.99297,3.05,0.5,9.5,6,1
7.8,0.2,0.2,1.4,0.036,25.0,83.0,0.99088,3.03,0.46,,6,1
6.7,0.28,0.31,7.4,0.041,7.0,81.0,0.99254,3.04,0.47,,8,1
4.122690719897195,0.31,0.24,1.8,0.037,39.0,150.0,0.9913,3.05,0.44,11.8,7,1
8.0,0.2,0.44,1.0,0.057,24.0,111.0,0.99158,3.09,0.32,,6,1
6.0,0.28,0.27,15.5,0.036,31.0,134.0,0.99408,3.19,0.44,13.0,7,1
7.450535088630286,0.28,0.27,15.5,0.036,31.0,134.0,0.99408,3.19,0.44,,7,1
5.542365661734263,0.24,0.36,8.4,0.042,42.0,123.0,0.99473,3.34,0.52,10.9,6,1
6.3,0.22,0.28,2.4,0.042,38.0,102.0,0.98998,3.14,0.37,11.6,7,1
6.0,-0.9122496108083817,0.28,3.95,0.038,61.0,134.0,0.99146,3.3,0.54,11.3,7,1
7.7,0.43,1.0,19.95,0.032,42.0,164.0,0.99742,3.29,0.5,,6,1
6.4,0.3,0.36,2.0,0.052,18.0,141.0,0.99273,3.38,0.53,,6,1
6.1,0.33,0.3,3.0,0.036,30.0,124.0,0.98922,3.31,0.4,13.1,7,1
6.0,4.8050823048542,0.27,15.5,0.036,31.0,134.0,0.99408,3.19,0.44,13.0,7,1
6.7,0.24,0.36,8.4,0.042,42.0,123.0,0.99473,3.34,0.52,10.9,6,1
4.684633300067574,0.29,0.45,14.3,0.054,30.0,181.0,0.99869,3.14,0.57,9.1,5,1
8.395975228863005,0.33,0.31,4.2,0.04,21.0,93.0,0.9896,3.18,0.48,13.4,7,1
6.5,2.178515537790161,0.34,1.4,0.029,29.0,133.0,0.99108,3.33,0.64,11.5,7,1
6.0,0.2,0.32,3.0,0.031,26.0,118.0,0.99134,3.38,0.68,11.2,7,1
7.5,0.6667040455258718,0.28,4.9,0.042,21.0,155.0,0.99385,3.36,0.57,,6,1
3.668852666077134,2.1700397531339077,0.28,2.4,0.036,35.0,115.0,0.98936,3.19,0.44,13.5,7,1
9.011506641567383,-1.7372812438930945,0.45,14.3,0.054,30.0,181.0,0.99869,3.14,0.57,9.1,5,1
6.4,0.26,0.25,10.7,0.046,66.0,179.0,0.99606,3.17,0.55,9.9,6,1
7.0,0.22,0.24,11.0,0.041,75.0,167.0,0.99508,2.98,0.56,10.5,6,1
5.064987834525917,0.19,0.28,1.4,0.046,22.0,90.0,0.99038,3.18,0.51,11.7,7,1
6.3,0.21,0.31,1.2,0.043,30.0,117.0,0.99158,3.49,0.68,11.0,6,1
7.9,0.35,0.28,12.9,0.032,13.0,63.0,0.9932,2.99,0.43,,6,1
7.7,0.38,0.23,10.8,0.03,28.0,95.0,0.99164,2.93,0.41,,6,1
10.277289332282551,-6.136262647881264,0.33,1.3,0.031,22.0,87.0,0.98987,3.08,0.62,12.3,7,1
7.2,-1.4900891072093345,0.34,2.0,0.044,61.0,171.0,0.98947,3.25,0.53,13.3,7,1
6.6,2.5323708717265054,0.29,1.8,0.036,38.0,102.0,0.98819,3.08,0.42,13.7,7,1
7.5,0.2,0.41,1.2,0.05,26.0,131.0,0.99133,3.19,0.52,11.1,5,1
5.721787265311299,0.33,0.62,7.5,0.038,46.0,132.0,0.99143,3.23,0.43,13.4,7,1
6.0,0.23,0.15,9.7,0.048,101.0,207.0,0.99571,3.05,0.3,,5,1
5.9,0.23,0.24,3.8,0.038,61.0,152.0,0.99139,3.31,0.5,11.3,7,1
8.495728999673773,0.5606481190668906,0.41,7.2,0.048,55.0,178.0,0.99537,3.2,0.46,9.4,5,1
6.0,0.23,0.15,9.7,0.048,101.0,207.0,0.99571,3.05,0.3,9.1,5,1
5.3,0.36,0.27,6.3,0.028,40.0,132.0,0.99186,3.37,0.4,11.6,6,1
5.3,-0.05050341803362013,0.27,6.3,0.028,40.0,132.0,0.99186,3.37,0.4,11.6,6,1
9.438687121318718,0.27,0.28,0.8,0.024,29.0,128.0,0.98984,3.01,0.35,12.4,6,1
7.6,0.23,0.29,8.6,0.053,65.0,146.0,0.9963,3.11,0.32,9.8,6,1
9.13170562114346,-1.793520212333184,0.13,6.3,0.036,19.0,50.0,0.99312,3.09,0.25,11.1,4,1
7.1,-5.517477477749607,0.27,3.1,0.034,28.0,134.0,0.9897,3.26,0.38,13.1,7,1
7.2,4.584536862444371,0.35,7.2,0.046,45.0,178.0,0.9955,3.14,0.53,9.7,5,1
6.729840676442882,0.28,0.44,7.1,0.048,49.0,179.0,0.99528,3.15,0.48,9.2,5,1
2.209807762970269,0.23,0.46,6.4,0.036,17.0,85.0,0.99279,3.1,0.78,11.7,6,1
9.626380617726396,0.22,0.3,14.7,0.045,50.0,136.0,0.99704,3.14,0.37,10.6,6,1
7.2,-0.3136842254348215,0.35,7.2,0.046,45.0,178.0,0.9955,3.14,0.53,9.7,5,1
6.4,0.28,0.44,7.1,0.048,49.0,179.0,0.99528,3.15,0.48,9.2,5,1
7.2,0.24,0.28,1.9,0.032,30.0,92.0,0.9914,3.1,0.39,,6,1
5.936951232626279,0.27,0.47,1.2,0.146,28.0,105.0,0.99224,3.23,0.51,10.1,5,1
8.86854823206444,0.28,0.25,4.8,0.029,54.0,128.0,0.99074,3.17,0.44,,7,1
9.27073943060657,0.27,0.31,1.2,0.031,27.0,80.0,0.98892,3.03,0.33,12.7,6,1
7.8,0.28,0.25,3.4,0.024,27.0,99.0,0.98959,2.98,0.37,13.0,6,1
8.1,0.26,0.27,4.3,0.03,43.0,123.0,0.99212,3.16,0.33,11.2,6,1
6.6,-1.0586139456915729,0.37,8.5,0.036,46.0,153.0,0.99576,3.2,0.48,,6,1
3.6801105569659747,0.33,0.2,1.8,0.031,49.0,159.0,0.9919,3.41,0.53,11.0,6,1
6.0,0.33,0.2,1.8,0.031,49.0,159.0,0.9919,3.41,0.53,11.0,6,1
4.555613784474109,-1.814938801275617,0.29,19.5,0.039,69.0,237.0,1.00037,3.1,0.48,9.2,6,1
6.6,3.993567432879887,0.37,8.5,0.036,46.0,153.0,0.99576,3.2,0.48,9.4,6,1
7.3,0.2,0.29,19.9,0.039,69.0,237.0,1.00037,3.1,0.48,9.2,6,1
6.2,3.1140524371381533,0.19,8.3,0.029,24.0,142.0,0.992,3.22,0.45,12.3,6,1
6.0,-2.571718392632861,0.2,1.8,0.031,49.0,159.0,0.9919,3.41,0.53,11.0,6,1
9.166065304347011,0.14,0.32,1.1,0.022,48.0,116.0,0.99218,3.04,0.67,10.0,6,1
5.7,3.7136288951306047,0.22,16.65,0.044,39.0,110.0,0.99855,3.24,0.48,,6,1
4.790252911768459,-0.21521125676380162,0.22,16.65,0.044,39.0,110.0,0.99855,3.24,0.48,9.0,6,1
5.7,-1.6116265639616818,0.22,16.65,0.044,39.0,110.0,0.99855,3.24,0.48,9.0,6,1
10.909287838399491,-0.6808371603926515,0.28,0.9,0.023,49.0,87.0,0.99062,2.92,0.36,,6,1
5.26539717141093,0.14,0.15,6.1,0.042,27.0,123.0,0.99362,3.06,0.6,9.9,6,1
7.870229332344865,0.21,0.21,10.2,0.037,17.0,112.0,0.99324,3.66,0.48,,7,1
9.369913452627305,-2.1498917515446907,0.28,0.9,0.023,49.0,87.0,0.99062,2.92,0.36,,6,1
5.7,0.22,0.22,16.65,0.044,39.0,110.0,0.99855,3.24,0.48,9.0,6,1
7.5,0.34,0.24,3.85,0.031,5.0,34.0,0.99098,3.01,0.36,11.8,4,1
7.463924981142445,-3.3226313082463705,0.28,4.4,0.032,19.0,78.0,0.99036,3.11,0.62,12.9,6,1
7.0,0.48,0.12,4.5,0.05,23.0,86.0,0.99398,2.86,0.35,9.0,5,1
7.6,2.698392896525768,0.34,3.2,0.028,42.0,162.0,0.9903,3.01,0.33,12.4,6,1
5.877966403779177,-0.18211457709440393,0.12,4.5,0.05,23.0,86.0,0.99398,2.86,0.35,9.0,5,1
6.6,2.491628600935812,0.28,4.4,0.032,19.0,78.0,0.99036,3.11,0.62,,6,1
8.0,1.1116399933886392,0.27,9.7,0.036,15.0,85.0,0.99406,2.99,0.36,11.2,6,1
7.6,0.38,0.28,4.2,0.029,7.0,112.0,0.9906,3.0,0.41,12.6,6,1
7.59728284218455,0.26,0.27,4.2,0.031,20.0,80.0,0.99089,3.12,0.39,11.5,6,1
7.8,0.15,0.34,1.1,0.035,31.0,93.0,0.99096,3.07,0.72,11.3,7,1
11.578558144858128,1.895623334059719,0.27,9.7,0.036,15.0,85.0,0.99406,2.99,0.36,11.2,6,1
6.737353624010041,0.26,0.27,4.2,0.031,20.0,80.0,0.99089,3.12,0.39,11.5,6,1
5.9,0.655,0.0,5.6,0.033,8.0,31.0,0.9936,3.32,0.51,10.5,4,1
7.6,-5.757960416221261,0.28,4.2,0.029,7.0,112.0,0.9906,3.0,0.41,12.6,6,1
7.8,0.31,0.4,1.6,0.027,20.0,87.0,0.9911,3.15,0.48,11.9,6,1
9.693523331051566,0.17,0.21,1.6,0.036,24.0,119.0,0.99396,3.18,0.52,10.1,6,1
6.939080228749118,-2.420280748071051,0.28,1.1,0.027,32.0,112.0,0.99089,3.15,0.45,,7,1
7.7738121282362656,0.28,0.36,14.6,0.048,35.0,161.0,0.9968,3.14,0.56,,5,1
12.470232270814897,1.9380942662055445,0.27,2.6,0.035,39.0,120.0,0.99138,3.04,0.59,,7,1
10.305190093118654,0.22,0.22,1.2,0.038,5.0,124.0,0.99098,3.1,0.37,11.2,4,1
7.4,-3.574492082407904,0.28,7.25,0.028,14.0,78.0,0.99238,2.94,0.37,,7,1
7.5,1.4191952514366946,0.21,6.55,0.026,33.0,143.0,0.99244,2.92,0.35,11.1,5,1
7.2,0.26,0.24,7.0,0.023,19.0,130.0,0.99176,3.14,0.49,12.8,7,1
6.538211445587155,0.32,0.32,1.5,0.037,12.0,76.0,0.98993,3.3,0.46,12.3,6,1
8.343362263808103,-3.9321137400557244,0.3,1.4,0.041,15.0,102.0,0.9929,3.26,0.53,10.4,6,1
7.4,0.25,0.28,7.25,0.028,14.0,78.0,0.99238,2.94,0.37,11.5,7,1
4.894388489347094,0.24,0.35,1.0,0.032,42.0,104.0,0.98988,3.16,0.37,11.7,7,1
5.8,0.28,0.28,4.2,0.044,52.0,158.0,0.992,3.35,0.44,10.7,7,1
6.2810853612051405,0.19,0.71,17.5,0.042,21.0,114.0,0.99784,2.85,0.5,9.5,6,1
6.8,0.19,0.71,17.5,0.042,21.0,114.0,0.99784,2.85,0.5,9.5,6,1
6.8,0.19,0.71,17.5,0.042,21.0,114.0,0.99784,2.85,0.5,9.5,6,1
6.6,0.23933195048408257,0.35,1.5,0.037,37.0,107.0,0.99006,3.18,0.68,12.0,7,1
6.4,0.28,0.36,1.3,0.053,28.0,186.0,0.99211,3.31,0.45,10.8,5,1
5.6,5.10997118180817,0.27,3.9,0.043,52.0,158.0,0.99202,3.35,0.44,10.7,7,1
6.528193362645845,2.603800345994874,0.28,4.2,0.044,52.0,158.0,0.992,3.35,0.44,10.7,7,1
6.8,0.19,0.32,7.6,0.049,37.0,107.0,0.99332,3.12,0.44,10.7,7,1
7.2,-5.392222842322203,0.29,1.0,0.031,40.0,123.0,0.98958,3.12,0.4,12.1,7,1
6.6,0.17,0.28,1.1,0.034,55.0,108.0,0.98939,3.0,0.52,11.9,7,1
6.6,0.19,0.28,11.8,0.042,54.0,137.0,0.99492,3.18,0.37,10.8,6,1
8.351840768707383,0.2,0.24,1.4,0.033,65.0,169.0,0.99043,3.59,0.56,,7,1
6.6,0.39,0.38,9.7,0.053,49.0,226.0,0.99787,3.3,0.57,,6,1
6.8,0.12,0.3,12.9,0.049,32.0,88.0,0.99654,3.2,0.35,9.9,6,1
8.847662690732756,0.295,0.24,1.6,0.039,29.0,140.0,0.99304,3.35,0.61,10.4,7,1
3.2722228322864684,2.8051142129485536,0.24,7.2,0.038,28.0,137.0,0.9952,3.35,0.6,10.4,6,1
9.930948192035894,5.78671468018875,0.27,7.1,0.027,37.0,122.0,0.99165,3.15,0.6,12.6,7,1
7.4,0.36,0.23,1.9,0.017,31.0,69.0,0.9892,2.93,0.36,12.5,6,1
6.433678961867342,0.35,0.48,8.8,0.056,35.0,167.0,0.99628,3.04,0.47,9.4,5,1
3.4390259329673865,0.38,0.24,7.2,0.047,41.0,151.0,0.99604,3.11,0.6,9.2,5,1
10.809154212295764,8.531048030485218,0.18,1.4,0.047,30.0,90.0,0.99164,3.27,0.54,11.2,6,1
7.0,1.5852272124060678,0.25,14.3,0.044,27.0,149.0,0.998,2.91,0.46,,6,1
11.389836990213858,0.16,0.25,14.3,0.044,27.0,149.0,0.998,2.91,0.46,9.2,6,1
7.491240947021981,0.35,0.48,8.8,0.056,35.0,167.0,0.99628,3.04,0.47,9.4,5,1
6.8,0.14,0.18,1.4,0.047,30.0,90.0,0.99164,3.27,0.54,11.2,6,1
8.926380805715704,0.16,0.18,1.8,0.046,31.0,114.0,0.99226,3.27,0.55,10.8,6,1
7.0,0.16,0.25,14.3,0.044,27.0,149.0,0.998,2.91,0.46,9.2,6,1
6.4,-3.713259771656065,0.24,7.2,0.047,41.0,151.0,0.99604,3.11,0.6,,5,1
7.2,0.24,0.3,1.2,0.037,11.0,95.0,0.98914,2.96,0.36,12.5,6,1
7.7,1.6240339340732883,0.61,11.8,0.041,66.0,188.0,0.99794,3.0,0.54,9.3,5,1
9.302347626233296,5.078100795024394,0.33,0.9,0.041,20.0,117.0,0.99048,3.21,0.5,11.4,5,1
11.287316458436752,0.27,0.24,12.6,0.044,48.0,118.0,0.99726,3.04,0.56,10.0,7,1
8.984205576295174,-0.11126453925091068,0.28,26.05,0.031,27.0,122.0,1.00295,3.06,0.42,10.6,6,1
2.3169351676842935,3.3293267686476744,0.26,4.7,0.04,108.0,168.0,0.99278,3.07,0.75,,7,1
13.129423246913383,0.27,0.24,12.6,0.044,48.0,118.0,0.99726,3.04,0.56,10.0,7,1
7.2,0.24,0.3,1.2,0.037,11.0,95.0,0.98914,2.96,0.36,12.5,6,1
9.996970668440127,0.45,0.28,26.05,0.031,27.0,122.0,1.00295,3.06,0.42,10.6,6,1
5.071427384181706,0.36,0.28,6.1,0.029,12.0,93.0,0.99054,3.19,0.27,12.8,7,1
7.7,-2.198808996633064,0.61,11.8,0.041,66.0,188.0,0.99794,3.0,0.54,,5,1
7.0,0.29,0.33,0.9,0.041,20.0,117.0,0.99048,3.21,0.5,11.4,5,1
3.3111247829277715,1.4870597593805521,0.2,5.6,0.117,61.0,183.0,0.99459,3.24,0.43,,5,1
7.914440291212252,0.38,0.2,5.3,0.117,57.0,181.0,0.99459,3.24,0.43,,6,1
5.565219884897263,-7.1087385455103815,0.2,5.7,0.118,61.0,172.0,0.9946,3.24,0.43,9.5,6,1
7.5899860619968775,-2.5510061455101543,0.25,8.0,0.036,21.0,124.0,0.99362,3.06,0.38,,6,1
6.6,0.281638058154432,0.25,8.0,0.036,21.0,124.0,0.99362,3.06,0.38,,6,1
6.5,0.21,0.51,17.6,0.045,34.0,125.0,0.99966,3.2,0.47,8.8,6,1
6.6,-0.7900701917293069,0.25,8.0,0.036,21.0,124.0,0.99362,3.06,0.38,10.8,6,1
7.6,0.31,0.27,8.8,0.021,57.0,156.0,0.99442,3.08,0.38,11.0,7,1
5.8,0.58,0.0,1.5,0.02,33.0,96.0,0.98918,3.29,0.38,12.4,6,1
6.5,0.26,0.39,1.4,0.02,12.0,66.0,0.99089,3.25,0.75,,7,1
10.93022052383479,0.3,0.34,4.8,0.018,23.0,127.0,0.99474,3.12,0.49,11.2,7,1
4.700674336009614,-3.6118524828272394,0.32,2.4,0.014,34.0,89.0,0.99008,3.24,0.66,12.5,7,1
6.7,0.13,0.32,3.7,0.017,32.0,99.0,0.99348,3.12,0.44,,6,1
6.8,0.19,0.33,4.9,0.047,42.0,130.0,0.99283,3.12,0.56,11.0,6,1
2.651676021946988,0.25,0.4,5.7,0.052,56.0,152.0,0.99398,3.16,0.88,10.5,6,1
7.157455403615934,0.25,0.4,5.7,0.052,56.0,152.0,0.99398,3.16,0.88,,6,1
5.199836434169079,-1.3089685942548681,0.33,4.9,0.047,42.0,130.0,0.99283,3.12,0.56,11.0,6,1
6.838287357197195,0.24,0.23,2.0,0.046,30.0,133.0,0.9908,3.12,0.54,11.4,7,1
5.9,1.16896514540399,0.28,5.1,0.039,50.0,139.0,0.99165,3.16,0.44,11.3,6,1
7.2,0.07131723866934359,0.22,4.5,0.031,10.0,73.0,0.99076,2.97,0.52,,7,1
6.4,0.47281270961260646,0.24,3.2,0.037,31.0,95.0,0.98942,2.9,0.66,12.6,7,1
3.270020689113206,0.31,0.25,6.65,0.032,30.0,138.0,0.99244,2.9,0.37,,5,1
6.243451826576087,2.4859064092572165,0.37,1.6,0.035,34.0,126.0,0.99058,3.26,0.47,12.3,6,1
6.9,0.19,0.6,4.0,0.037,6.0,122.0,0.99255,2.92,0.59,10.4,4,1
6.3,0.32,0.17,17.75,0.06,51.0,190.0,0.99916,3.13,0.48,8.8,6,1
8.74485567311999,0.085,0.33,1.4,0.036,17.0,109.0,0.99306,3.27,0.61,9.5,6,1
8.117797522940391,-0.7094881021997395,0.17,17.75,0.06,51.0,190.0,0.99916,3.13,0.48,8.8,6,1
6.8,0.18,0.32,7.2,0.047,17.0,109.0,0.99498,3.42,0.44,,6,1
6.8,4.597533649155743,0.26,5.7,0.038,27.0,130.0,0.99,3.11,0.27,13.0,7,1
7.1,0.28,0.28,8.5,0.03,25.0,191.0,0.99338,3.16,0.46,12.2,7,1
5.7,-2.8178131983042376,0.47,11.4,0.035,49.0,128.0,0.99456,3.03,0.34,10.5,8,1
5.8,0.275,0.3,5.4,0.043,41.0,149.0,0.9926,3.33,0.42,10.8,7,1
5.4,6.314007659178556,0.16,2.7,0.036,34.0,128.0,0.98856,3.2,0.53,13.2,8,1
3.4349260873801937,0.32,0.28,4.3,0.032,46.0,115.0,0.98946,3.16,0.57,13.0,8,1
6.7,3.559115891482788,0.39,1.2,0.049,26.0,152.0,0.99346,3.5,0.47,10.0,6,1
6.1,-0.46799334153666583,0.12,1.8,0.05,11.0,76.0,0.99268,3.42,0.48,10.4,4,1
2.995206892045845,0.26,0.31,1.3,0.034,59.0,145.0,0.98944,3.16,0.54,12.4,6,1
5.0,-0.5779561126932413,0.54,5.7,0.035,54.0,155.0,0.98976,3.27,0.34,12.9,8,1
5.447291069255376,0.53,0.16,2.7,0.036,34.0,128.0,0.98856,3.2,0.53,13.2,8,1
8.483098391058226,0.21,0.26,11.7,0.038,61.0,152.0,0.99523,3.02,0.56,10.5,7,1
7.015525420577653,0.32,0.28,4.3,0.032,46.0,115.0,0.98946,3.16,0.57,,8,1
6.5,0.27,0.26,11.0,0.03,2.0,82.0,0.99402,3.07,0.36,11.2,5,1
5.9,0.37,0.32,1.6,0.029,41.0,102.0,0.98916,3.41,0.55,12.7,7,1
6.2,0.21,0.18,11.6,0.044,61.0,155.0,0.99655,3.14,0.52,9.4,6,1
6.8,0.9202067748352079,0.29,6.2,0.025,29.0,95.0,0.99071,3.03,0.32,12.9,7,1
7.3,0.41,0.29,1.8,0.032,26.0,74.0,0.98889,2.96,0.35,13.0,8,1
5.4,0.3,0.3,1.2,0.029,25.0,93.0,0.98742,3.31,0.4,13.6,7,1
6.6,2.1360127896159304,0.2,1.0,0.053,26.0,112.0,0.99336,3.32,0.55,9.1,5,1
4.06352046691607,3.533644825700371,0.19,2.4,0.049,42.0,166.0,0.992,3.25,0.43,10.4,6,1
5.3,-3.72177374404525,0.3,1.2,0.029,25.0,93.0,0.98742,3.31,0.4,13.6,7,1
6.9,0.58,0.58,8.2,0.032,29.0,169.0,0.99275,3.28,0.44,12.2,6,1
7.2,1.542327866183741,0.25,18.8,0.085,19.0,111.0,1.00044,3.1,0.51,8.7,5,1
7.99347332745981,0.2,0.27,9.6,0.037,19.0,105.0,0.99444,3.04,0.37,10.5,7,1
6.8,0.15,0.41,12.9,0.044,79.5,183.0,0.99742,3.24,0.78,10.2,6,1
7.0,0.22,0.26,9.2,0.027,37.0,122.0,0.99228,3.06,0.34,12.5,8,1
10.907066413827984,-6.189542757388145,0.44,1.2,0.051,39.0,122.0,0.99058,3.11,0.75,11.3,7,1
6.8,0.15,0.41,12.9,0.044,79.5,183.0,0.99742,3.24,0.78,,6,1
7.415434061927082,0.31,0.3,8.0,0.028,33.0,122.0,0.99164,3.13,0.63,12.6,7,1
1.9005561925441397,-0.3819014575064501,0.41,12.9,0.044,79.5,183.0,0.99742,3.24,0.78,10.2,6,1
8.209601014301926,4.661737511362374,0.37,1.6,0.087,27.0,177.0,0.99438,3.09,0.5,9.8,5,1
6.0,-4.092827096655495,0.27,12.0,0.03,39.0,98.0,0.99402,3.15,0.34,10.8,5,1
7.1,0.21,0.35,2.5,0.04,41.0,186.0,0.99128,3.32,0.56,,6,1
13.131870913637828,-4.577713358094988,0.26,9.2,0.027,37.0,122.0,0.99228,3.06,0.34,,8,1
5.6,0.8723852986439274,0.24,4.4,0.027,37.0,150.0,0.991,3.3,0.31,11.5,7,1
3.5378275606532137,4.382287492517805,0.26,8.8,0.027,23.0,112.0,0.9931,2.98,0.41,,6,1
7.1,1.176186353255966,0.27,9.6,0.037,19.0,105.0,0.99444,3.04,0.37,10.5,7,1
6.8,0.31,0.3,8.0,0.028,33.0,122.0,0.99164,3.13,0.63,12.6,7,1
7.2,0.23,0.25,18.8,0.085,19.0,111.0,1.00044,3.1,0.51,8.7,5,1
6.4,0.15,0.4,1.3,0.053,61.0,146.0,0.99112,3.17,0.68,11.0,6,1
6.4,0.16,0.44,1.2,0.051,39.0,122.0,0.99058,3.11,0.75,11.3,7,1
6.8,-5.563853690644653,0.41,12.9,0.044,79.5,182.0,0.99742,3.24,0.78,10.2,6,1
6.389173985487066,0.22,0.34,1.2,0.036,32.0,96.0,0.98961,3.06,0.74,11.6,6,1
6.920993700903597,0.3,0.37,1.6,0.087,27.0,177.0,0.99438,3.09,0.5,9.8,5,1
7.287648877825192,0.3,0.27,1.5,0.076,24.0,145.0,0.99344,3.1,0.52,10.1,5,1
6.6,0.26,0.22,18.15,0.05,23.0,139.0,0.99904,3.06,0.5,9.2,5,1
7.5,-4.809385239138821,0.31,13.1,0.05,26.0,180.0,0.99884,3.05,0.53,,6,1
7.5,0.24,0.31,13.1,0.05,26.0,180.0,0.99884,3.05,0.53,9.1,6,1
8.082756459461315,0.24,0.31,13.1,0.05,26.0,180.0,0.99884,3.05,0.53,9.1,6,1
10.919915958188774,0.5332392987882582,0.31,13.1,0.05,26.0,180.0,0.99884,3.05,0.53,,6,1
6.6,0.15,0.34,1.0,0.037,45.0,79.0,0.98949,2.96,0.5,11.7,6,1
6.7,-3.197727257887302,0.43,1.6,0.041,29.0,114.0,0.99014,3.23,0.44,12.6,6,1
7.954349859202432,0.7600588817169683,0.46,11.8,0.088,61.0,183.0,0.99786,2.86,0.47,9.0,5,1
10.531778671636141,0.31,0.09,1.4,0.039,53.0,141.0,0.99206,3.12,0.44,10.1,5,1
4.347033023640552,0.67,0.09,1.0,0.02,5.0,9.0,0.98722,3.3,0.34,,5,1
7.5,0.24,0.31,13.1,0.05,26.0,180.0,0.99884,3.05,0.53,9.1,6,1
5.2495896780761,0.2,0.18,10.6,0.045,57.0,159.0,0.99666,3.09,0.54,,5,1
4.592451050884183,0.8679853398008176,0.23,10.4,0.049,45.0,190.0,0.99754,3.12,0.51,8.8,5,1
8.5,0.18,0.3,1.1,0.028,34.0,95.0,0.99272,2.83,0.36,10.0,4,1
1.048738912639541,0.35,0.38,7.4,0.036,20.0,196.0,0.99712,3.47,0.48,9.1,6,1
7.627344235777519,-1.249272531973132,0.26,1.2,0.041,29.0,182.0,0.99104,3.04,0.35,11.2,5,1
12.46200086541553,0.18,0.24,3.4,0.053,20.0,119.0,0.99373,3.11,0.52,,6,1
6.6,0.26,0.22,18.15,0.05,23.0,139.0,0.99904,3.06,0.5,9.2,5,1
6.6,5.744262881846439,0.45,8.0,0.038,54.0,200.0,0.9956,3.18,0.48,9.5,5,1
7.674706431857583,0.34,0.27,2.5,0.024,40.0,152.0,0.99095,3.35,0.6,11.9,7,1
9.76024206248504,0.3,0.23,2.0,0.068,28.0,138.0,0.99382,3.11,0.62,9.8,5,1
7.7,0.31,0.23,2.0,0.069,29.0,134.0,0.99382,3.11,0.62,9.8,5,1
5.7,0.265,0.28,6.9,0.036,46.0,150.0,0.99299,3.36,0.44,10.8,7,1
4.160906024956635,0.255,0.33,1.2,0.051,29.0,122.0,0.99048,3.37,0.66,11.3,6,1
5.866999826178987,0.26,0.28,9.4,0.028,13.0,121.0,0.99254,3.17,0.34,12.1,6,1
7.753924464999786,1.9414016148028757,0.28,2.9,0.03,22.0,111.0,0.9902,3.38,0.34,,7,1
5.7,0.265,0.28,6.9,0.036,46.0,150.0,0.99299,3.36,0.44,10.8,7,1
6.2,0.2,0.33,5.4,0.028,21.0,75.0,0.99012,3.36,0.41,13.5,7,1
7.5,0.28,0.41,1.3,0.044,11.0,126.0,0.99293,3.28,0.45,10.3,5,1
12.22608092086946,0.22,0.2,20.8,0.035,58.0,184.0,1.00022,3.11,0.53,9.0,6,1
7.0,0.34,0.26,10.3,0.041,51.0,166.0,0.99382,3.08,0.35,11.6,6,1
7.5,0.28,0.41,1.3,0.044,11.0,126.0,0.99293,3.28,0.45,10.3,5,1
10.96384380739046,0.19,0.34,1.6,0.029,39.0,116.0,0.98954,3.21,0.68,,6,1
8.415733889184066,0.21,0.29,13.1,0.042,28.0,125.0,0.99936,3.39,0.45,8.6,5,1
6.205451738171527,0.22,0.46,1.8,0.16,34.0,74.0,0.9884,3.19,0.33,13.4,6,1
6.5,3.9547726363825286,0.48,8.0,0.026,18.0,88.0,0.99144,3.22,0.79,12.7,4,1
7.1,2.9717452748148663,0.72,1.6,0.167,65.0,120.0,0.99324,2.97,0.51,9.2,5,1
5.6,0.26,0.18,1.4,0.034,18.0,135.0,0.99174,3.32,0.35,10.2,6,1
7.0,-0.30022068584960315,0.28,14.7,0.051,29.0,149.0,0.99792,2.96,0.39,,7,1
7.62915674280197,-0.4333417540180442,0.28,14.7,0.051,29.0,149.0,0.99792,2.96,0.39,,7,1
4.739478041715238,-0.7428601104863117,0.28,14.7,0.051,29.0,149.0,0.99792,2.96,0.39,9.0,7,1
2.6554974360920287,0.15,0.28,14.7,0.051,29.0,149.0,0.99792,2.96,0.39,9.0,7,1
7.0,0.15,0.28,14.7,0.051,29.0,149.0,0.99792,2.96,0.39,,7,1
7.0,0.15,0.28,14.7,0.051,29.0,149.0,0.99792,2.96,0.39,9.0,7,1
3.619604926720177,0.15,0.28,14.7,0.051,29.0,149.0,0.99792,2.96,0.39,9.0,7,1
7.549400103565813,0.27,0.28,1.8,0.04,45.0,121.0,0.99043,3.02,0.4,11.9,5,1
6.8,2.263306757500732,0.3,10.6,0.07,67.0,194.0,0.99654,2.89,0.42,9.0,6,1
6.2,-1.7110955321155907,0.25,12.5,0.055,47.0,134.0,0.99758,3.3,0.51,9.0,5,1
6.3,5.455098826103703,0.29,6.8,0.051,40.0,143.0,0.99374,3.43,0.59,11.0,6,1
6.124023215719968,-2.0876079110171792,0.28,14.7,0.051,29.0,149.0,0.99792,2.96,0.39,9.0,7,1
5.5,0.17,0.23,2.9,0.039,10.0,108.0,0.99243,3.28,0.5,10.0,5,1
6.5,0.9034252168910855,0.34,1.4,0.04,25.0,184.0,0.99216,3.29,0.46,10.7,5,1
6.6,0.27,0.33,1.4,0.042,24.0,183.0,0.99215,3.29,0.46,10.7,5,1
5.4,0.46,0.15,2.1,0.026,29.0,130.0,0.98953,3.39,0.77,13.4,8,1
7.8,-0.49724243613784586,0.32,7.4,0.015,47.0,124.0,0.99278,2.99,0.39,,6,1
5.5,0.17,0.23,2.9,0.039,10.0,108.0,0.99243,3.28,0.5,10.0,5,1
6.5,0.26,0.34,1.4,0.04,25.0,184.0,0.99216,3.29,0.46,10.7,5,1
6.6,0.27,0.33,1.4,0.042,24.0,183.0,0.99215,3.29,0.46,10.7,5,1
3.3916748858409465,0.19,0.32,7.4,0.015,47.0,124.0,0.99278,2.99,0.39,11.0,6,1
7.8,0.2,0.32,5.0,0.016,31.0,101.0,0.99186,2.99,0.39,11.0,6,1
6.1,0.17,0.28,2.5,0.028,22.0,98.0,0.99072,3.16,0.37,11.1,7,1
7.288029862850792,0.2,0.35,6.1,0.025,10.0,40.0,0.99244,2.79,0.52,10.9,5,1
5.744709026602165,-0.9623799431595802,0.24,2.7,0.017,22.0,80.0,0.99084,3.03,0.37,11.5,5,1
5.4,0.46,0.15,2.1,0.026,29.0,130.0,0.98953,3.39,0.77,13.4,8,1
6.9,0.4,0.17,12.9,0.033,59.0,186.0,0.99754,3.08,0.49,9.4,5,1
6.9,6.9170405573908385,0.17,12.9,0.033,59.0,186.0,0.99754,3.08,0.49,,5,1
6.9,-0.9171630242373893,0.17,12.9,0.033,59.0,186.0,0.99754,3.08,0.49,9.4,5,1
6.3,-0.6741635429772795,0.29,13.7,0.035,53.0,134.0,0.99567,3.17,0.38,10.6,6,1
6.9,-1.5924007953676695,0.17,12.9,0.033,59.0,186.0,0.99754,3.08,0.49,,5,1
3.881453434147759,0.39312184706676867,0.31,2.4,0.014,15.0,143.0,0.99094,3.03,0.65,12.0,4,1
4.989462968139788,0.27,0.28,9.8,0.042,61.0,125.0,0.99532,3.14,0.42,10.2,6,1
6.3,0.24,0.29,13.7,0.035,53.0,134.0,0.99567,3.17,0.38,10.6,6,1
4.037140997850967,0.61,0.12,1.3,0.009,65.0,100.0,0.9874,3.26,0.37,13.5,5,1
6.7,0.42,0.39,12.1,0.04,61.0,248.0,0.99794,3.31,0.58,9.7,5,1
6.5,0.026080897971918093,0.28,6.1,0.018,41.0,103.0,0.99122,3.24,0.32,12.2,6,1
6.9,0.33,0.31,7.7,0.04,29.0,135.0,0.99226,3.11,0.57,12.3,5,1
4.650088580226599,-3.0277593921129133,0.28,6.1,0.018,41.0,103.0,0.99122,3.24,0.32,,6,1
6.3,-1.123109593042969,0.3,1.4,0.022,38.0,100.0,0.99099,3.42,0.57,,7,1
9.280010494327819,0.32,0.45,7.7,0.022,31.0,97.0,0.99134,3.2,0.7,12.7,7,1
6.7,0.42,0.39,12.1,0.04,61.0,248.0,0.99794,3.31,0.58,9.7,5,1
1.6912953137200644,0.25,0.29,6.8,0.02,31.0,113.0,0.99338,3.13,0.29,10.8,6,1
7.6,0.27,0.3,9.2,0.018,23.0,96.0,0.9938,3.08,0.29,11.0,6,1
6.4,0.27,0.45,8.3,0.05,52.0,196.0,0.9955,3.18,0.48,9.5,5,1
0.5426030278670861,0.25,0.27,17.4,0.064,29.0,140.0,0.99776,3.2,0.49,10.1,6,1
5.609857353347275,0.19,0.31,2.7,0.027,11.0,100.0,0.98964,3.46,0.4,13.2,7,1
7.4,2.1190596283518843,0.48,12.8,0.037,61.5,182.0,0.99808,3.02,0.34,8.8,5,1
6.6883815681769185,3.420960548265862,0.44,8.2,0.043,54.0,201.0,0.99551,3.18,0.48,9.5,5,1
7.81264540805692,0.27,0.52,8.1,0.044,53.0,202.0,0.99548,3.18,0.48,9.5,5,1
6.6,0.26,0.52,8.2,0.047,52.0,191.0,0.99541,3.16,0.47,,6,1
6.4,0.3420018388964407,0.45,8.3,0.05,52.0,196.0,0.9955,3.18,0.48,9.5,5,1
6.5,0.4369843719596281,0.5,8.0,0.051,46.0,197.0,0.99536,3.18,0.47,,5,1
5.183079475162717,-0.8329852152958297,0.3,11.8,0.043,53.0,133.0,0.99524,3.03,0.58,10.4,6,1
6.3,0.32,0.26,12.0,0.049,63.0,170.0,0.9961,3.14,0.55,9.9,6,1
5.5,-1.2673251058736488,0.45,1.7,0.046,22.0,113.0,0.99224,3.22,0.48,10.0,5,1
6.5,0.25,0.27,17.4,0.064,29.0,140.0,0.99776,3.2,0.49,10.1,6,1
6.6,-2.6287190896469075,0.29,13.9,0.056,33.0,95.0,0.99702,3.17,0.39,9.4,6,1
4.246228584723005,-4.279948362716854,0.21,10.7,0.098,13.0,91.0,0.99657,3.03,0.47,9.3,5,1
7.878051601915158,-1.8973400223196104,0.39,2.0,0.057,21.0,138.0,0.99176,3.05,0.52,10.9,5,1
7.0,0.3,0.28,2.2,0.042,21.0,177.0,0.99166,3.2,0.57,11.4,5,1
6.775265593956011,2.912158602021541,0.3,1.3,0.036,7.0,49.0,0.99242,2.99,0.73,,5,1
8.3,0.18,0.3,1.1,0.033,20.0,57.0,0.99109,3.02,0.51,,6,1
12.553214213967085,0.21,0.39,2.0,0.057,21.0,138.0,0.99176,3.05,0.52,10.9,5,1
6.227318250224425,0.17,0.34,6.4,0.042,16.0,111.0,0.99278,2.99,0.4,10.8,6,1
7.9404445448487655,-1.0732508280915314,0.3,1.3,0.036,7.0,49.0,0.99242,2.99,0.73,10.3,5,1
8.3,0.18,0.3,1.1,0.033,20.0,57.0,0.99109,3.02,0.51,,6,1
7.0,-0.6480560510821257,0.21,10.7,0.098,13.0,91.0,0.99657,3.03,0.47,9.3,5,1
14.226254418793827,0.21,0.62,6.4,0.041,7.0,113.0,0.99358,2.96,0.59,10.2,5,1
6.31571931980794,0.21,0.62,6.3,0.042,7.0,109.0,0.99358,2.96,0.59,10.2,6,1
8.868470595597273,0.17,0.34,6.4,0.042,16.0,111.0,0.99278,2.99,0.4,,6,1
6.8,0.26,0.34,15.1,0.06,42.0,162.0,0.99705,3.24,0.52,10.5,3,1
9.138928300159058,0.28,0.38,2.0,0.052,23.0,156.0,0.9912,3.13,0.52,11.1,5,1
7.9,0.21,0.39,2.0,0.057,21.0,138.0,0.99176,3.05,0.52,10.9,5,1
9.194204931154644,-0.7964555991439417,0.28,2.2,0.042,21.0,177.0,0.99166,3.2,0.57,,5,1
8.268461796233758,0.34,0.28,12.1,0.049,31.0,149.0,0.99677,3.22,0.49,10.3,5,1
6.3,4.164122997498202,0.32,8.8,0.042,18.0,106.0,0.99172,3.28,0.33,12.9,7,1
6.8,-2.3751477115940123,0.3,8.8,0.045,28.0,131.0,0.9953,3.12,0.59,9.9,5,1
6.881522383231529,0.4,0.24,5.1,0.036,43.0,131.0,0.99186,3.24,0.44,11.3,6,1
5.1,0.35,0.26,6.8,0.034,36.0,120.0,0.99188,3.38,0.4,11.5,6,1
5.401002869511348,0.35,0.26,6.8,0.034,36.0,120.0,0.99188,3.38,0.4,,6,1
4.57201829329868,0.3,0.2,3.7,0.039,34.0,132.0,0.99158,3.0,0.38,10.7,5,1
7.876556408517805,0.28,0.28,12.2,0.042,52.0,139.0,0.99522,3.03,0.56,10.4,6,1
7.0,0.33,0.28,5.7,0.033,39.0,204.0,0.99176,3.17,0.64,12.5,6,1
6.7,0.26,0.49,8.1,0.052,48.0,197.0,0.99558,3.19,0.48,9.5,5,1
13.385937512273776,0.24,0.3,2.5,0.042,31.0,104.0,0.9911,3.05,0.56,11.3,7,1
6.7,1.2911600151699805,0.21,4.0,0.034,12.0,88.0,0.99016,3.26,0.54,13.0,6,1
5.1,0.35,0.26,6.8,0.034,36.0,120.0,0.99188,3.38,0.4,11.5,6,1
5.1,0.23,0.18,1.0,0.053,13.0,99.0,0.98956,3.22,0.39,11.5,5,1
6.3,0.4,0.24,5.1,0.036,43.0,131.0,0.99186,3.24,0.44,11.3,6,1
7.1,0.23460159928950805,0.23,5.8,0.035,24.0,100.0,0.99062,3.15,0.57,13.2,7,1
4.8,0.46378047528430644,0.23,10.6,0.034,23.0,111.0,0.99274,3.46,0.28,11.5,7,1
10.432045726890673,1.0430512213493512,0.19,3.5,0.086,30.0,130.0,0.993,2.83,0.44,9.6,5,1
6.8,0.48149482080421013,0.19,3.5,0.086,30.0,130.0,0.993,2.83,0.44,,5,1
7.0,0.15,0.29,16.4,0.058,45.0,110.0,0.9978,3.15,0.37,,6,1
6.5,2.789065659952758,0.22,4.8,0.052,49.0,142.0,0.9946,3.14,0.62,9.2,5,1
6.2,0.22222801611121337,0.23,3.3,0.052,34.0,113.0,0.99429,3.16,0.48,,5,1
8.911754066673911,0.27,0.33,1.2,0.05,41.0,103.0,0.99002,3.0,0.45,,6,1
8.0,0.27,0.33,1.2,0.05,41.0,103.0,0.99002,3.0,0.45,,6,1
9.06748939431797,5.643129180277093,0.22,4.8,0.052,49.0,142.0,0.9946,3.14,0.62,,5,1
6.2,0.31,0.23,3.3,0.052,34.0,113.0,0.99429,3.16,0.48,8.4,5,1
4.092472273808044,0.37,0.25,2.5,0.028,24.0,84.0,0.9909,3.14,0.36,,6,1
5.818463537400843,0.21,0.5,8.7,0.036,41.0,191.0,0.99294,2.96,0.56,11.0,6,1
7.5,0.26,0.31,1.6,0.032,36.0,109.0,0.99044,2.97,0.43,11.9,6,1
7.5,0.34,0.28,4.0,0.028,46.0,100.0,0.98958,3.2,0.5,,7,1
6.7,0.5034398169005383,0.25,2.5,0.028,24.0,84.0,0.9909,3.14,0.36,11.7,6,1
6.4,0.32,0.23,16.2,0.055,36.0,176.0,0.9986,3.26,0.54,9.1,5,1
9.543549532552166,0.24,0.32,9.0,0.023,20.0,109.0,0.99262,3.34,0.35,12.6,6,1
6.4,0.32,0.23,16.2,0.055,36.0,176.0,0.9986,3.26,0.54,9.1,5,1
11.561501580374575,0.39,0.79,1.4,0.194,23.0,90.0,0.99212,3.17,0.46,10.5,6,1
8.2,-4.800400647800809,0.43,7.0,0.047,18.0,87.0,0.99628,3.23,0.64,10.6,5,1
6.7,2.154931074431195,0.32,9.0,0.023,20.0,109.0,0.99262,3.34,0.35,,6,1
3.587401483713866,0.17,0.29,3.1,0.03,32.0,123.0,0.98913,3.41,0.33,,7,1
5.9,0.2,0.23,1.5,0.037,38.0,93.0,0.99021,3.36,0.49,12.0,6,1
6.6,1.4962904157793455,0.26,4.6,0.031,26.0,120.0,0.99198,3.4,0.73,,7,1
4.449235071730529,0.12,0.27,4.8,0.03,40.0,110.0,0.99226,3.55,0.68,12.1,6,1
5.9,0.18,0.29,4.6,0.032,68.0,137.0,0.99159,3.21,0.38,,6,1
5.9,0.2,0.23,1.5,0.037,38.0,93.0,0.99021,3.36,0.49,12.0,6,1
11.94412738163561,0.2676350952857731,0.27,2.7,0.049,28.0,104.0,0.99224,3.46,0.55,10.3,6,1
6.1,0.21,0.3,6.3,0.039,47.0,136.0,0.99068,3.27,0.31,12.7,6,1
7.588783749306917,0.25,0.26,7.2,0.048,52.0,207.0,0.99587,3.12,0.37,9.2,5,1
12.770085918101135,0.25,0.26,7.2,0.048,52.0,207.0,0.99587,3.12,0.37,,5,1
6.2,0.22,0.3,12.4,0.054,108.0,152.0,0.99728,3.1,0.47,9.5,6,1
7.120571951827378,0.27,0.19,6.6,0.045,98.0,175.0,0.99364,3.16,0.34,10.1,6,1
7.2385408469763055,-0.5087139468634336,0.19,6.6,0.045,98.0,175.0,0.99364,3.16,0.34,,6,1
6.6,0.39,0.22,4.0,0.038,17.0,98.0,0.99018,3.25,0.53,13.0,7,1
5.083527337020308,-6.033857199379358,0.38,4.8,0.04,41.0,101.0,0.98968,3.24,0.56,13.1,6,1
8.4,0.23,0.32,1.3,0.048,59.0,113.0,0.99178,3.1,0.55,11.0,6,1
7.3,0.25,0.26,7.2,0.048,52.0,207.0,0.99587,3.12,0.37,9.2,5,1
8.827665424530686,0.22,0.25,11.1,0.056,112.0,177.0,0.9961,3.08,0.36,9.4,6,1
6.2,0.22,0.3,12.4,0.054,108.0,152.0,0.99728,3.1,0.47,9.5,6,1
10.173332650911998,-5.610532186797025,0.27,9.8,0.055,74.0,134.0,0.99534,3.16,0.4,,6,1
6.5,0.27,0.19,6.6,0.045,98.0,175.0,0.99364,3.16,0.34,10.1,6,1
4.194993309577399,0.36,0.54,13.3,0.054,63.0,193.0,0.99864,3.06,0.49,,4,1
7.6,5.312557661492444,0.51,11.7,0.094,58.0,181.0,0.99776,2.91,0.51,9.0,5,1
5.64264834333869,-1.496507809298161,0.51,8.0,0.062,50.0,194.0,0.99545,3.13,0.5,,5,1
7.4,0.22,0.27,1.6,0.057,45.0,98.0,0.99299,3.29,0.44,9.9,7,1
8.845235573122661,3.1168612826566258,0.28,16.55,0.059,54.0,135.0,0.99665,3.2,0.38,10.5,5,1
6.711354086647016,-4.529099819721385,0.31,1.5,0.053,20.0,98.0,0.99069,3.15,0.5,,5,1
6.5,-2.790574886104797,0.31,10.2,0.069,58.0,170.0,0.99692,3.18,0.49,9.4,5,1
6.8,0.73,0.2,6.6,0.054,25.0,65.0,0.99324,3.12,0.28,11.1,4,1
6.0,0.28,0.24,17.8,0.047,42.0,111.0,0.99896,3.1,0.45,8.9,6,1
4.51984359440037,0.28,0.24,17.8,0.047,42.0,111.0,0.99896,3.1,0.45,8.9,6,1
10.128626461608205,0.2,0.37,1.5,0.049,28.0,129.0,0.99226,3.15,0.52,10.8,5,1
10.110359614137533,2.365922840645147,0.31,7.4,0.045,34.0,143.0,0.99226,3.06,0.55,12.2,6,1
4.651073727983584,0.28,0.24,17.8,0.047,42.0,111.0,0.99896,3.1,0.45,8.9,6,1
7.2,-0.06750310709589896,0.36,2.0,0.029,21.0,63.0,0.99076,3.13,0.63,,6,1
6.8,0.33,0.31,7.4,0.045,34.0,143.0,0.99226,3.06,0.55,12.2,6,1
7.2,1.8530015159681368,0.36,2.0,0.029,21.0,63.0,0.99076,3.13,0.63,12.5,6,1
6.6370995839638365,0.23910230221057693,0.24,17.8,0.047,42.0,111.0,0.99896,3.1,0.45,8.9,6,1
6.2,0.27,0.26,12.1,0.046,43.0,127.0,0.9951,3.16,0.37,10.8,6,1
6.4,-0.24301589201982587,0.26,8.2,0.043,28.0,98.0,0.99234,2.99,0.31,11.4,6,1
3.4745756122873006,0.2,0.37,1.5,0.049,28.0,129.0,0.99226,3.15,0.52,,5,1
6.0,0.21,0.3,8.7,0.036,47.0,127.0,0.99368,3.18,0.39,,5,1
4.313557268563903,0.34,0.1,3.5,0.044,17.0,63.0,0.9937,3.01,0.39,9.2,5,1
6.27249569640014,-1.6051314845246707,0.16,6.4,0.031,21.0,134.0,0.99151,3.24,0.46,12.2,6,1
7.0,0.25,0.33,2.1,0.021,17.0,76.0,0.99021,3.26,0.45,,6,1
6.794220362739531,0.26,0.29,7.7,0.038,40.0,179.0,0.99479,3.23,0.56,10.4,6,1
7.0,-3.3420079677900025,0.3,12.3,0.035,72.0,172.0,0.9954,2.99,0.57,10.4,6,1
5.599371724808097,0.23,0.34,1.3,0.035,54.0,110.0,0.99176,3.07,0.55,11.0,7,1
3.8520782258232735,0.21,0.3,8.7,0.036,47.0,127.0,0.99368,3.18,0.39,10.6,5,1
3.804866890133322,0.34,0.1,3.5,0.044,17.0,63.0,0.9937,3.01,0.39,9.2,5,1
6.165179570739632,0.65,0.12,1.1,0.013,4.0,10.0,0.99246,3.32,0.36,,4,1
6.1,0.22,0.38,2.8,0.144,12.0,65.0,0.9908,2.95,0.64,11.4,6,1
-0.1029175900757,4.478103869197495,0.26,3.5,0.071,26.0,69.0,0.98994,3.1,0.38,11.5,6,1
5.0,0.455,0.18,1.9,0.036,33.0,106.0,0.98746,3.21,0.83,14.0,7,1
6.5,5.031927318389643,0.3,3.8,0.036,34.0,88.0,0.99028,3.25,0.63,12.5,7,1
3.4652683113194116,0.33,0.3,3.8,0.036,34.0,88.0,0.99028,3.25,0.63,,7,1
1.1111753565030371,0.31,0.3,2.4,0.038,30.0,83.0,0.98867,3.09,0.36,12.8,7,1
6.2,0.39,0.24,4.8,0.037,45.0,138.0,0.99174,3.23,0.43,11.2,7,1
6.2,0.39,0.24,4.8,0.037,45.0,138.0,0.99174,3.23,0.43,,7,1
7.1,-2.7461088642325517,0.3,6.2,0.04,49.0,139.0,0.99021,3.17,0.27,13.6,6,1
8.457061811573942,0.23,0.82,1.3,0.149,70.0,109.0,0.99304,2.93,0.42,9.2,6,1
6.5,-2.9822373060208447,0.3,3.8,0.036,34.0,88.0,0.99028,3.25,0.63,,7,1
7.2,0.25,0.32,1.5,0.054,24.0,105.0,0.99154,3.17,0.48,11.1,6,1
0.7917993498358955,0.39,0.24,4.8,0.037,45.0,138.0,0.99174,3.23,0.43,11.2,7,1
4.795187595606621,-0.5883194272662768,0.18,1.9,0.036,33.0,106.0,0.98746,3.21,0.83,14.0,7,1
7.1,0.37,0.3,6.2,0.04,49.0,139.0,0.99021,3.17,0.27,,6,1
11.11857204724227,0.28,0.51,7.9,0.056,49.0,206.0,0.9956,3.18,0.52,9.4,5,1
11.420301943812706,0.35,0.28,1.6,0.037,31.0,113.0,0.98779,3.12,0.4,14.2,7,1
1.182277292463536,0.31,0.28,1.4,0.035,28.0,107.0,0.98836,3.0,0.4,13.2,6,1
7.4,0.25,0.37,2.6,0.05,24.0,132.0,0.99138,3.04,0.53,11.2,6,1
7.3,0.36,0.34,14.8,0.057,46.0,173.0,0.99751,3.14,0.57,10.2,5,1
7.595228804892868,1.3313050445894563,0.3,2.4,0.038,30.0,83.0,0.98867,3.09,0.36,,7,1
8.6,-0.2354546238700081,0.3,0.9,0.045,16.0,109.0,0.99249,2.95,0.39,10.1,5,1
8.6,1.8085601957431638,0.3,0.9,0.045,16.0,109.0,0.99249,2.95,0.39,10.1,5,1
5.633086110858636,0.07225315716590305,0.33,1.2,0.031,38.0,95.0,0.99239,2.83,0.31,10.3,5,1
6.9,-0.20389342434770036,0.29,9.9,0.056,30.0,91.0,0.99512,3.19,0.33,9.9,6,1
2.9205918928692256,0.22,0.31,3.9,0.046,17.0,106.0,0.99098,3.15,0.31,11.5,5,1
6.259590136829778,0.32,0.47,15.6,0.063,27.0,173.0,0.99872,3.18,0.56,9.0,5,1
6.6,7.5592362103096065,0.47,15.6,0.063,27.0,173.0,0.99872,3.18,0.56,,5,1
6.1,0.28,0.26,1.5,0.03,25.0,101.0,0.98894,3.03,0.41,12.1,6,1
9.884873470799377,0.3,0.28,1.6,0.036,28.0,106.0,0.988245,3.14,0.41,13.3,6,1
6.9,-1.3556097547859207,0.28,7.8,0.05,43.0,116.0,0.99326,3.22,0.6,11.5,8,1
8.7,0.31,0.21,5.6,0.039,28.0,67.0,0.99328,2.96,0.52,11.0,4,1
9.098976622661073,5.189840678473642,0.3,1.3,0.04,26.0,84.0,0.99222,3.28,0.53,10.7,6,1
7.0,0.46,0.2,16.7,0.046,50.0,184.0,0.99898,3.08,0.56,9.4,5,1
5.7,0.23,0.25,7.95,0.042,16.0,108.0,0.99486,3.44,0.61,10.3,6,1
4.354577214551358,4.7005892030425915,0.36,6.7,0.185,51.5,151.0,0.99528,3.17,0.42,9.3,5,1
8.2,1.6922805197539466,0.38,1.1,0.04,41.0,92.0,0.99062,2.88,0.6,12.0,6,1
8.315101992230009,0.27,0.32,6.3,0.048,47.0,159.0,0.99282,3.21,0.6,11.0,6,1
0.1688750043549625,-5.378395509348576,0.37,8.9,0.053,36.0,148.0,0.996,3.16,0.5,9.3,5,1
4.9,0.345,0.34,1.0,0.068,32.0,143.0,0.99138,3.24,0.4,10.1,5,1
7.2,0.23,0.39,1.5,0.053,26.0,106.0,0.99166,3.18,0.47,11.1,6,1
6.4,0.29317247108888533,0.15,6.6,0.046,26.0,113.0,0.99408,2.99,0.58,,6,1
6.1,0.27,0.32,6.2,0.048,47.0,161.0,0.99281,3.22,0.6,,6,1
6.2,0.27,0.32,6.3,0.048,47.0,159.0,0.99282,3.21,0.6,11.0,6,1
3.741162604700279,-1.2440842721866407,0.33,2.1,0.042,31.0,127.0,0.98964,3.32,0.42,12.5,6,1
6.1,0.3,0.32,2.2,0.042,41.0,142.0,0.98952,3.31,0.44,12.7,7,1
5.7,0.14,0.3,5.4,0.045,26.0,105.0,0.99469,3.32,0.45,9.3,5,1
6.9,0.4,0.37,8.9,0.053,36.0,148.0,0.996,3.16,0.5,9.3,5,1
4.9,0.40527207432142087,0.34,1.0,0.068,32.0,143.0,0.99138,3.24,0.4,10.1,5,1
3.828325365896248,-2.8589003771636468,0.2,17.9,0.066,36.0,161.0,0.9991,3.14,0.51,,5,1
7.234962075216793,0.16,0.3,2.6,0.043,34.0,90.0,0.99047,2.88,0.47,11.2,6,1
7.791516109020002,0.22,0.3,1.3,0.038,45.0,122.0,0.99178,3.13,0.54,,7,1
5.875586719140345,2.5987738471501576,0.2,17.9,0.066,36.0,161.0,0.9991,3.14,0.51,8.8,5,1
7.0,0.16,0.3,2.6,0.043,34.0,90.0,0.99047,2.88,0.47,11.2,6,1
5.4,0.24,0.18,2.3,0.05,22.0,145.0,0.99207,3.24,0.46,10.3,5,1
7.175841409681584,3.2649550813331976,0.36,4.3,0.026,15.0,87.0,0.99152,3.11,0.48,12.0,5,1
5.667221722967261,0.185,0.19,7.1,0.048,36.0,110.0,0.99438,3.26,0.41,9.5,6,1
5.6,0.185,0.19,7.1,0.048,36.0,110.0,0.99438,3.26,0.41,9.5,6,1
8.220392900874671,0.43,0.24,11.9,0.04,54.0,159.0,0.99622,3.14,0.54,9.8,6,1
7.6,0.39,0.46,11.7,0.084,55.0,170.0,0.99773,2.91,0.51,,5,1
7.647993078307149,0.58,0.27,5.8,0.032,40.0,118.0,0.99088,3.17,0.53,,7,1
5.1469445501863245,0.34,0.32,3.8,0.044,13.0,116.0,0.99108,3.39,0.44,,7,1
8.705244839414346,0.35,0.48,12.4,0.056,61.0,176.5,0.99803,2.97,0.52,8.8,5,1
7.3,3.890072906200824,0.23,6.5,0.05,18.0,102.0,0.99304,3.1,0.55,11.2,4,1
7.878370630958292,0.185,0.19,7.1,0.048,36.0,110.0,0.99438,3.26,0.41,9.5,6,1
6.3,0.27,0.51,7.6,0.049,35.0,200.0,0.99548,3.16,0.54,9.4,4,1
4.831922327832112,0.29,0.52,7.9,0.049,35.0,192.0,0.99551,3.16,0.51,9.5,6,1
6.221791807981973,-0.9765361491536021,0.3,2.8,0.034,33.0,125.0,0.99152,3.03,0.49,10.4,6,1
6.7,-2.99827530614032,0.31,10.6,0.035,42.0,143.0,0.99572,3.08,0.49,9.8,7,1
9.885719689139759,1.2250442494123543,0.3,2.8,0.034,33.0,125.0,0.99152,3.03,0.49,10.4,6,1
3.4917179681979302,0.37,0.67,1.5,0.175,16.0,98.0,0.99244,3.06,0.56,10.3,6,1
6.3,0.27,0.51,7.6,0.049,35.0,200.0,0.99548,3.16,0.54,9.4,4,1
6.5,0.29,0.52,7.9,0.049,35.0,192.0,0.99551,3.16,0.51,9.5,6,1
11.51410658876783,5.5082229664462234,0.26,1.7,0.033,61.0,134.0,0.9903,3.19,0.81,11.9,7,1
2.982535075781273,0.32,0.29,7.6,0.025,35.0,124.0,0.99162,3.15,0.65,12.8,7,1
6.9,0.4781689038406014,0.25,7.5,0.03,18.0,117.0,0.99116,3.09,0.38,13.0,6,1
6.5,0.29,0.53,1.7,0.04,41.0,192.0,0.9922,3.26,0.59,10.4,7,1
6.5,1.6468912583363,0.52,1.7,0.034,41.0,193.0,0.99223,3.25,0.59,10.4,6,1
6.1,0.22,0.25,12.1,0.035,54.0,135.0,0.99481,3.21,0.4,10.7,5,1
6.3,0.22,0.27,4.5,0.036,81.0,157.0,0.9928,3.05,0.76,10.7,7,1
5.06390616638579,-0.46477033764599374,0.26,1.7,0.033,61.0,134.0,0.9903,3.19,0.81,,7,1
2.7494300093719635,-1.280410617687289,0.25,8.0,0.043,31.0,101.0,0.99429,3.19,0.42,10.4,6,1
7.0,0.32,0.29,7.6,0.025,35.0,124.0,0.99162,3.15,0.65,12.8,7,1
6.8,2.084827815813496,0.27,8.6,0.044,45.0,104.0,0.99454,3.2,0.37,9.9,6,1
6.8,0.11,0.27,8.6,0.044,45.0,104.0,0.99454,3.2,0.37,9.9,6,1
7.3,-0.08820030201659709,0.41,14.6,0.048,73.0,223.0,0.99863,3.16,0.71,9.4,6,1
12.66378099060813,1.41056873458799,0.17,1.6,0.048,46.0,129.0,0.991,3.3,0.43,11.4,6,1
6.8,1.632520571831083,0.27,8.6,0.044,45.0,104.0,0.99454,3.2,0.37,9.9,6,1
7.3,0.23,0.41,14.6,0.048,73.0,223.0,0.99863,3.16,0.71,9.4,6,1
6.9,0.2,0.41,1.1,0.06,36.0,104.0,0.99317,2.99,0.39,9.2,5,1
6.7,1.2325505174167244,0.32,3.7,0.041,26.0,76.0,0.99173,2.9,0.57,10.5,7,1
6.7,0.28,0.34,8.9,0.048,32.0,111.0,0.99455,3.25,0.54,11.0,7,1
5.189949913458545,1.9535659581632203,0.34,8.9,0.048,32.0,111.0,0.99455,3.25,0.54,11.0,7,1
8.0,0.37,0.31,4.7,0.038,3.0,127.0,0.99186,2.9,0.72,12.1,5,1
6.7,-2.2790171982802745,0.34,8.9,0.048,32.0,111.0,0.99455,3.25,0.54,11.0,7,1
6.0,0.26,0.29,3.1,0.041,37.0,144.0,0.98944,3.22,0.39,12.8,7,1
6.4,-2.5020880690404947,0.49,5.8,0.053,25.0,120.0,0.9942,3.01,0.98,10.5,6,1
6.4,0.24,0.49,5.8,0.053,25.0,120.0,0.9942,3.01,0.98,10.5,6,1
6.4,0.24,0.49,5.8,0.053,25.0,120.0,0.9942,3.01,0.98,10.5,6,1
6.4,0.25,0.57,1.0,0.062,21.0,122.0,0.99238,3.0,0.4,9.5,5,1
4.597476530414401,0.25,0.48,15.8,0.052,25.0,94.0,0.99782,3.07,0.45,9.2,6,1
6.8,0.01213518017823087,0.35,1.5,0.047,40.0,117.0,0.99111,3.07,0.72,11.1,6,1
6.5,0.38,0.26,5.2,0.042,33.0,112.0,0.99067,3.06,0.5,,7,1
6.8,0.14,0.35,1.5,0.047,40.0,117.0,0.99111,3.07,0.72,11.1,6,1
5.4,0.15,0.32,2.5,0.037,10.0,51.0,0.98878,3.04,0.58,12.6,6,1
5.287753780180243,0.25,0.57,1.0,0.062,21.0,122.0,0.99238,3.0,0.4,,5,1
6.1,0.25,0.48,15.8,0.052,25.0,94.0,0.99782,3.07,0.45,9.2,6,1
6.8,0.22,0.32,5.9,0.054,40.0,152.0,0.9938,3.2,0.57,10.8,6,1
7.2,0.21,0.29,3.1,0.044,39.0,122.0,0.99143,3.0,0.6,,6,1
6.286808423681851,0.26,0.29,3.1,0.041,37.0,144.0,0.98944,3.22,0.39,12.8,7,1
6.4,0.24,0.49,5.8,0.053,25.0,120.0,0.9942,3.01,0.98,,6,1
5.514674663286467,0.46,0.24,11.5,0.051,56.0,171.0,0.99588,3.08,0.56,,6,1
6.5,0.18,0.48,18.0,0.054,56.0,183.0,1.00038,2.98,0.61,8.5,6,1
6.2,0.32,0.12,4.8,0.054,6.0,97.0,0.99424,3.16,0.5,9.3,5,1
6.801339586132802,0.34431603921625703,0.24,8.5,0.055,45.0,151.0,0.99626,3.2,0.52,9.2,5,1
5.9,0.23,0.24,1.6,0.037,32.0,115.0,0.99076,3.21,0.51,11.4,6,1
6.4,0.18,0.48,18.0,0.054,56.0,183.0,1.00038,2.98,0.61,8.5,6,1
6.2,-1.2469684801588856,0.12,4.8,0.054,6.0,97.0,0.99424,3.16,0.5,9.3,5,1
-4.187629859071212,0.37,0.12,5.9,0.056,6.0,91.0,0.99536,3.06,0.46,8.4,4,1
7.0,0.9530008892440269,0.42,1.1,0.062,35.0,100.0,0.99318,3.04,0.4,9.2,5,1
7.371479508005482,3.124652292502119,0.24,8.5,0.055,45.0,151.0,0.99626,3.2,0.52,,5,1
7.6,0.19,0.37,13.1,0.033,52.0,151.0,0.99726,3.18,0.79,10.4,6,1
6.0,0.28,0.27,4.1,0.046,50.0,147.0,0.99126,3.27,0.56,11.6,6,1
6.253419864459935,0.32,0.45,2.9,0.029,37.0,94.0,0.98998,3.25,0.6,12.4,6,1
7.6,3.752535622460458,0.37,13.1,0.033,52.0,151.0,0.99726,3.18,0.79,10.4,6,1
6.4,0.26,0.26,1.1,0.052,22.0,176.0,0.99304,3.09,0.54,9.3,5,1
5.9,4.486785617941468,0.27,1.5,0.029,37.0,81.0,0.9892,3.2,0.46,12.2,6,1
9.21570639223718,0.28,0.3,7.75,0.031,33.0,139.0,0.99296,3.22,0.46,11.0,6,1
10.827182844838205,-3.754404989171555,0.38,1.15,0.023,30.0,105.0,0.99047,3.11,0.38,11.4,5,1
6.4,0.29,0.57,1.0,0.06,15.0,120.0,0.9924,3.06,0.41,9.5,5,1
6.236875815824607,-3.218995721125276,0.22,17.8,0.034,16.0,116.0,0.9989,3.07,0.53,9.2,5,1
7.5,-0.6089361803249387,0.38,5.7,0.021,23.0,125.0,0.99338,3.13,0.62,11.1,6,1
9.248687245021866,0.27,0.22,17.8,0.034,16.0,116.0,0.9989,3.07,0.53,9.2,5,1
3.095293658665581,0.2,0.22,7.4,0.032,53.0,172.0,0.99404,3.24,0.58,11.0,6,1
7.3,0.33,0.22,1.4,0.041,40.0,177.0,0.99287,3.14,0.48,9.9,5,1
9.602027028088314,0.34,0.22,1.4,0.044,43.0,176.0,0.99286,3.14,0.46,,5,1
6.4,0.5308596230221287,0.57,1.0,0.06,15.0,120.0,0.9924,3.06,0.41,9.5,5,1
4.3825726025962695,0.3847459884290335,0.16,4.4,0.033,8.0,109.0,0.99058,3.35,0.47,,4,1
6.3,0.24,0.29,1.6,0.052,48.0,185.0,0.9934,3.21,0.5,,5,1
2.6459075956098355,-1.4179179905476487,0.22,7.9,0.053,45.0,149.0,0.99545,3.23,0.52,9.3,5,1
7.4,0.16,0.27,15.5,0.05,25.0,135.0,0.9984,2.9,0.43,8.7,7,1
7.4,0.16,0.27,15.5,0.05,25.0,135.0,0.9984,2.9,0.43,8.7,7,1
6.843233965387849,0.16,0.27,15.5,0.05,25.0,135.0,0.9984,2.9,0.43,8.7,7,1
7.4,0.16,0.27,15.5,0.05,25.0,135.0,0.9984,2.9,0.43,8.7,7,1
11.401417341593337,-0.7432547205921165,0.28,17.55,0.05,33.0,154.0,0.99971,2.94,0.43,9.0,7,1
6.9,0.19,0.35,13.5,0.038,49.0,118.0,0.99546,3.0,0.63,10.7,6,1
7.44301661019254,0.19,0.35,13.5,0.038,49.0,118.0,0.99546,3.0,0.63,10.7,6,1
6.8,0.16,0.36,1.3,0.034,32.0,98.0,0.99058,3.02,0.58,11.3,6,1
11.889464443035141,0.16,0.27,15.5,0.05,25.0,135.0,0.9984,2.9,0.43,8.7,7,1
6.8,0.3,0.27,11.6,0.028,22.0,97.0,0.99314,2.96,0.38,11.7,6,1
6.2,1.689941467297509,0.22,7.9,0.053,45.0,149.0,0.99545,3.23,0.52,9.3,5,1
7.4,0.16,0.27,15.5,0.05,25.0,135.0,0.9984,2.9,0.43,8.7,7,1
4.953801858552588,-3.818867340376097,0.28,17.55,0.05,33.0,154.0,0.99971,2.94,0.43,9.0,7,1
9.943553313643969,0.3,0.27,11.6,0.028,22.0,97.0,0.99314,2.96,0.38,11.7,6,1
4.543519888289164,7.460071517761307,0.18,13.15,0.032,25.0,131.0,0.99565,3.23,0.51,10.7,5,1
6.6,0.17,0.36,1.9,0.036,38.0,110.0,0.99056,3.05,0.54,,6,1
6.9,0.25298063015289796,0.35,13.5,0.038,49.0,118.0,0.99546,3.0,0.63,10.7,6,1
7.475986014467609,3.312542182686175,0.36,1.3,0.034,32.0,98.0,0.99058,3.02,0.58,11.3,6,1
6.4,0.41,0.01,6.1,0.048,20.0,70.0,0.99362,3.19,0.42,10.0,5,1
6.4,-1.3300146848935228,0.01,6.1,0.048,20.0,70.0,0.99362,3.19,0.42,10.0,5,1
8.050048485978245,0.36,0.32,1.9,0.036,27.0,119.0,0.99196,3.15,0.49,11.2,6,1
6.1,1.8930487775743052,0.21,1.9,0.09,44.0,130.0,0.99255,3.07,0.41,9.7,5,1
7.484475201772518,0.5802732184857271,0.21,1.6,0.032,23.0,85.0,0.99027,3.42,0.42,,5,1
7.352221859733982,3.0704251816648793,0.26,11.3,0.029,32.0,110.0,0.99302,3.27,0.78,,8,1
7.1,0.44,0.27,8.4,0.057,60.0,160.0,0.99257,3.16,0.36,11.8,6,1
4.682446386534548,-0.21594075347125596,0.28,8.3,0.062,22.0,166.0,0.99506,3.16,0.72,10.6,5,1
7.1,5.094690701269035,0.27,8.4,0.057,60.0,160.0,0.99257,3.16,0.36,,6,1
6.2,0.24,0.28,12.2,0.049,54.0,133.0,0.9952,3.19,0.37,10.7,6,1
6.1,0.28,0.27,8.0,0.048,41.0,162.0,0.99498,3.21,0.51,9.9,5,1
7.6,0.26,0.32,1.3,0.048,23.0,76.0,0.9903,2.96,0.46,12.0,6,1
7.5,-4.316167542461132,0.38,12.7,0.043,70.5,163.0,0.99706,3.15,0.82,10.4,7,1
9.140920856277692,0.36,0.16,1.3,0.054,11.0,107.0,0.99398,3.19,0.39,8.5,5,1
6.6,0.35,0.19,10.5,0.06,15.0,82.0,0.99588,3.13,0.38,9.9,4,1
5.7,0.25,0.26,12.5,0.049,52.5,120.0,0.99691,3.08,0.45,,6,1
7.4,3.2181214905940703,0.26,9.6,0.05,33.0,134.0,0.99608,3.13,0.46,10.4,5,1
10.894969782976183,0.6061592665991442,0.21,1.5,0.044,21.0,108.0,0.99142,3.3,0.59,11.0,6,1
5.8,0.23,0.21,1.5,0.044,21.0,110.0,0.99138,3.3,0.57,11.0,6,1
5.4,-2.7899800951188305,0.28,7.8,0.052,27.0,91.0,0.99432,3.19,0.38,10.4,6,1
3.9485897332316453,0.25,0.27,10.8,0.05,58.0,116.0,0.99592,3.1,0.5,9.8,6,1
5.7,6.106197610141329,0.26,12.5,0.049,52.5,106.0,0.99691,3.08,0.45,9.4,6,1
0.3943037706649033,5.776093179702736,0.28,8.6,0.046,37.0,142.0,0.99432,3.23,0.53,10.6,6,1
7.6979587050613665,-5.921612234470365,0.32,1.2,0.052,32.0,185.0,0.99266,3.28,0.44,10.1,5,1
6.5,0.860353162037474,0.24,14.5,0.048,20.0,96.0,0.99456,3.06,0.3,11.5,8,1
7.4,0.26,0.29,3.7,0.048,14.0,73.0,0.9915,3.06,0.45,11.4,6,1
6.006458817843553,2.31698766419221,0.4,1.1,0.058,30.0,93.0,0.99322,3.03,0.38,9.2,6,1
6.10669143213411,0.21,0.42,1.1,0.059,33.0,101.0,0.9927,3.12,0.38,9.7,6,1
8.968533267193036,1.575114424953445,0.27,3.8,0.047,16.0,79.0,0.99173,3.07,0.46,11.3,6,1
6.8,0.27,0.24,4.6,0.098,36.0,127.0,0.99412,3.15,0.49,9.6,6,1
6.7,0.24,0.3,10.2,0.07,44.0,179.0,0.99666,2.86,0.46,8.9,6,1
6.4,0.14,0.28,7.9,0.057,21.0,82.0,0.99425,3.26,0.36,10.0,6,1
5.030822710523205,0.5,0.2,2.4,0.059,19.0,112.0,0.99314,3.18,0.4,9.2,6,1
6.6,0.41,0.27,10.7,0.11,20.0,103.0,0.99672,3.08,0.41,9.0,6,1
6.4,0.25,0.28,4.9,0.03,29.0,98.0,0.99024,3.09,0.58,12.8,7,1
6.6,0.41,0.27,10.7,0.11,20.0,103.0,0.99672,3.08,0.41,9.0,6,1
7.193444085968986,0.25,0.35,1.1,0.054,13.0,136.0,0.99366,3.08,0.55,9.5,5,1
6.0996414491902415,4.686588824835299,0.28,7.9,0.057,21.0,82.0,0.99425,3.26,0.36,10.0,6,1
6.6,0.21,0.34,5.6,0.046,30.0,140.0,0.99299,3.22,0.38,,5,1
6.4,4.4228981225438435,0.2,2.4,0.059,19.0,112.0,0.99314,3.18,0.4,9.2,6,1
10.709261813955049,0.29,0.23,14.2,0.037,24.0,99.0,0.99528,3.08,0.38,10.6,6,1
6.9,1.1655620689515458,0.23,9.5,0.057,54.0,166.0,0.99568,3.23,0.42,10.0,5,1
6.990208812340745,7.201310837234909,0.23,9.5,0.057,54.0,166.0,0.99568,3.23,0.42,10.0,5,1
1.9929792575551195,0.31,0.28,4.1,0.03,22.0,86.0,0.99062,3.31,0.38,11.7,7,1
6.9,0.45,0.27,4.7,0.035,17.0,80.0,0.99058,3.12,0.36,12.5,7,1
6.9,0.3,0.45,1.4,0.039,36.0,122.0,0.99059,3.07,0.47,,7,1
5.3,0.23,0.56,0.9,0.041,46.0,141.0,0.99119,3.16,0.62,9.7,5,1
6.8,0.3,0.26,20.3,0.037,45.0,150.0,0.99727,3.04,0.38,,6,1
6.7,0.28,0.42,3.5,0.035,43.0,105.0,0.99021,3.18,0.38,12.2,6,1
1.4123645565766543,0.255,0.22,2.7,0.043,46.0,153.0,0.99238,3.75,0.76,,6,1
7.6,3.210539568122731,0.27,1.2,0.053,23.0,193.0,0.99164,3.22,0.38,11.6,5,1
5.5,-0.8442434855337675,0.25,1.2,0.04,18.0,75.0,0.99006,3.31,0.56,11.3,6,1
6.0,0.2,0.25,2.0,0.041,30.0,95.0,0.99078,3.27,0.56,11.1,6,1
6.1,0.17,0.29,1.1,0.041,32.0,92.0,0.99036,3.26,0.57,11.2,6,1
7.5,0.21,0.29,1.5,0.046,35.0,107.0,0.99123,3.15,0.45,11.3,6,1
7.717689764978803,-1.3970427844850548,0.32,1.2,0.041,29.0,94.0,0.98978,3.07,0.45,,6,1
2.811715997927063,4.080024508920824,0.2,18.1,0.069,33.0,158.0,0.99908,3.15,0.5,8.8,6,1
6.2,-2.0288626795913256,0.2,18.1,0.069,33.0,158.0,0.99908,3.15,0.5,8.8,6,1
6.5,0.43,0.31,3.6,0.046,19.0,143.0,0.99022,3.15,0.34,,8,1
1.8130895392275175,0.4,0.31,3.5,0.046,22.0,147.0,0.99024,3.15,0.31,,7,1
9.306607972802032,0.28,0.5,12.1,0.049,48.0,122.0,0.9973,3.01,0.44,9.0,5,1
6.3,-0.9992148383754318,0.22,17.45,0.054,42.0,151.0,0.99853,3.12,0.6,9.3,6,1
8.253495208605933,-0.3787156743645442,0.25,12.1,0.059,33.0,171.0,0.99769,3.14,0.56,,6,1
5.4955903983184395,1.506960179828452,0.32,3.0,0.095,13.0,75.0,0.98954,3.1,0.63,12.8,6,1
6.0,0.13,0.36,1.6,0.052,23.0,72.0,0.98974,3.1,0.5,11.5,7,1
6.3,0.17,0.23,5.7,0.048,44.0,147.0,0.99382,3.08,0.54,10.0,5,1
6.3,-0.4003750888847453,0.22,5.6,0.047,45.0,147.0,0.99383,3.09,0.54,10.0,5,1
6.7,0.31,0.34,6.8,0.059,51.0,215.0,0.99538,3.33,0.56,10.3,5,1
7.480977873455126,0.33,0.32,15.6,0.054,62.0,227.0,0.99734,3.25,0.56,10.4,5,1
6.3,-3.6109126894404158,0.31,6.0,0.02,18.0,68.0,0.98981,3.22,0.29,13.4,7,1
7.3643649325865015,0.29,0.32,1.8,0.032,18.0,130.0,0.99095,3.05,0.62,,6,1
9.207258157907257,0.31,0.26,8.6,0.048,47.0,206.0,0.9964,3.26,0.36,9.1,5,1
7.4,0.31,0.26,8.6,0.048,47.0,206.0,0.9964,3.26,0.36,9.1,5,1
5.7,3.7362392139722904,0.27,11.5,0.04,24.0,120.0,0.99411,3.33,0.31,10.8,6,1
6.8,-0.9431959463553454,0.28,7.8,0.038,26.0,89.0,0.9915,3.24,0.34,12.5,6,1
7.714249711819399,0.26,0.24,2.4,0.046,27.0,132.0,0.99234,3.63,0.73,11.3,5,1
5.9,6.709805806398476,0.23,5.0,0.035,20.0,128.0,0.99016,3.46,0.48,,6,1
7.4,0.31,0.26,8.6,0.048,47.0,206.0,0.9964,3.26,0.36,9.1,5,1
6.6,0.23,0.32,1.5,0.041,8.0,72.0,0.98949,3.22,0.39,12.7,6,1
6.8,0.18,0.35,5.4,0.054,53.0,143.0,0.99287,3.1,0.54,11.0,7,1
-1.0173657625816785,0.28,0.29,11.9,0.052,51.0,149.0,0.99544,3.02,0.58,10.4,6,1
6.8,1.1919700217795182,0.29,11.9,0.052,51.0,149.0,0.99544,3.02,0.58,10.4,6,1
5.9,4.071622453206478,0.27,9.0,0.051,43.0,136.0,0.9941,3.25,0.53,10.7,6,1
6.1,2.142584542542378,0.28,10.0,0.055,56.0,131.0,0.994,3.22,0.35,10.9,6,1
6.8,0.28,0.29,11.9,0.052,51.0,149.0,0.99544,3.02,0.58,10.4,6,1
6.8,0.26,0.29,11.9,0.052,54.0,160.0,0.99546,3.03,0.58,,6,1
6.378503124552816,0.13,0.29,15.5,0.064,56.0,115.5,0.99737,3.16,0.41,9.7,7,1
8.3537125645344,0.18,0.35,5.4,0.054,53.0,143.0,0.99287,3.1,0.54,11.0,7,1
6.2,0.2,0.25,15.0,0.055,8.0,120.0,0.99767,3.19,0.53,9.6,6,1
5.8,4.185168814369879,0.28,1.4,0.038,40.0,76.0,0.98711,3.1,0.29,13.9,7,1
7.6,2.1910169887932964,0.31,9.4,0.046,6.0,194.0,0.99714,3.07,0.61,,5,1
6.168630226882957,0.26,0.32,3.7,0.032,29.0,193.0,0.99134,3.1,0.67,,6,1
6.30860791777948,0.9055065019754194,0.25,15.0,0.055,8.0,120.0,0.99767,3.19,0.53,9.6,6,1
6.1,0.3,0.47,1.4,0.049,50.0,187.0,0.9927,3.19,0.45,9.5,5,1
6.2,3.5997022755695496,0.5,6.5,0.048,61.0,186.0,0.9948,3.19,0.45,9.6,5,1
8.352099945034233,0.3,0.47,1.4,0.049,50.0,187.0,0.9927,3.19,0.45,9.5,5,1
6.3,7.797916343776158,0.52,6.3,0.047,63.0,186.0,0.99481,3.18,0.44,9.6,5,1
7.642775699756487,0.16,0.3,13.7,0.056,33.0,168.0,0.99825,2.9,0.44,8.7,7,1
7.4,-0.6493908158146259,0.3,13.7,0.056,33.0,168.0,0.99825,2.9,0.44,8.7,7,1
11.923758251704601,0.16,0.3,13.7,0.056,33.0,168.0,0.99825,2.9,0.44,8.7,7,1
10.780958756843365,0.16,0.3,13.7,0.056,33.0,168.0,0.99825,2.9,0.44,8.7,7,1
7.044307541085699,0.16,0.3,13.7,0.056,33.0,168.0,0.99825,2.9,0.44,8.7,7,1
7.4,2.544780963175042,0.3,13.7,0.056,33.0,168.0,0.99825,2.9,0.44,8.7,7,1
7.2,0.26,0.38,1.5,0.061,12.0,120.0,0.99192,3.18,0.46,10.4,5,1
7.0,0.31,0.35,1.6,0.063,13.0,119.0,0.99184,3.22,0.5,10.7,5,1
6.6,0.20426523246955391,0.35,1.4,0.05,23.0,83.0,0.99019,3.17,0.48,12.0,7,1
5.8,0.23,0.31,3.5,0.044,35.0,158.0,0.98998,3.19,0.37,12.1,7,1
5.705861487825664,0.17,0.32,1.0,0.04,39.0,118.0,0.98886,3.31,0.4,13.1,8,1
6.0,0.19,0.26,1.4,0.039,30.0,104.0,0.98998,3.32,0.41,12.4,6,1
-1.8509723156040936,0.21,0.34,1.5,0.035,45.0,123.0,0.98949,3.24,0.36,12.6,7,1
7.4,0.16,0.3,13.7,0.056,33.0,168.0,0.99825,2.9,0.44,8.7,7,1
6.6,0.22,0.37,1.6,0.04,31.0,101.0,0.99009,3.15,0.66,,5,1
6.8,1.8581770614791038,0.27,5.2,0.06,14.0,169.0,0.99252,3.27,0.57,11.6,6,1
6.120493409328422,0.34,0.86,1.4,0.174,36.0,99.0,0.99288,2.92,0.5,,5,1
6.3,0.3664756727296017,0.22,11.9,0.05,65.0,179.0,0.99659,3.06,0.58,9.3,6,1
2.840193321868421,-6.123228657131209,0.39,2.4,0.048,25.0,157.0,0.99133,3.2,0.54,,7,1
7.4636886260018676,-0.36056015321453094,0.33,3.2,0.049,68.0,161.0,0.99324,3.1,0.69,,6,1
6.4,0.25,0.33,1.7,0.037,35.0,113.0,0.99164,3.23,0.66,10.6,6,1
5.8,3.1886652184256024,0.33,4.2,0.038,49.0,133.0,0.99107,3.16,0.42,,7,1
6.9,-2.055619869805711,0.4,15.4,0.052,81.0,198.0,0.9986,3.2,0.69,9.4,5,1
6.958612133360005,3.0728393292146294,0.61,13.0,0.053,31.0,123.0,0.99708,3.09,0.5,9.3,6,1
6.6,0.8008274931710346,0.32,5.6,0.039,15.0,68.0,0.99163,2.96,0.52,11.1,6,1
7.5,0.38,0.56,9.7,0.055,15.0,170.0,0.99605,3.13,0.65,,6,1
6.2,0.3,0.3,2.5,0.041,29.0,82.0,0.99065,3.31,0.61,,7,1
6.4,0.33,0.28,4.0,0.04,24.0,81.0,0.9903,3.26,0.64,12.6,7,1
8.987567268080333,0.24,0.4,15.4,0.052,81.0,198.0,0.9986,3.2,0.69,9.4,5,1
7.6,-0.30447159256262746,0.32,1.2,0.043,23.0,72.0,0.99236,3.06,0.68,10.5,5,1
5.9,0.24,0.34,2.0,0.037,40.0,108.0,0.98948,3.19,0.5,12.3,6,1
5.3,0.33,0.3,1.2,0.048,25.0,119.0,0.99045,3.32,0.62,11.3,6,1
6.4,0.21,0.21,5.1,0.097,21.0,105.0,0.9939,3.07,0.46,,5,1
7.0,0.22,0.3,1.4,0.04,14.0,63.0,0.98985,3.2,0.33,12.0,6,1
7.8,0.27,0.35,1.2,0.05,36.0,140.0,0.99138,3.09,0.45,11.2,5,1
6.7,0.2,0.24,6.5,0.044,28.0,100.0,0.99348,3.12,0.33,10.2,6,1
12.290011415844575,2.9874461558501033,0.33,1.3,0.045,26.0,100.0,0.99066,2.98,0.44,,6,1
6.621191710984095,0.2,0.24,6.5,0.044,28.0,100.0,0.99348,3.12,0.33,10.2,6,1
7.1,2.4930946306927853,0.24,2.7,0.04,24.0,87.0,0.98862,2.94,0.38,,8,1
5.8,0.22,0.29,1.3,0.036,25.0,68.0,0.98865,3.24,0.35,12.6,6,1
6.3,0.3,0.48,7.4,0.053,34.0,149.0,0.99472,3.18,0.53,9.8,5,1
7.9,0.36,0.53,12.9,0.049,63.0,139.0,0.99792,2.94,0.45,,5,1
8.1,1.5316412135941055,0.33,1.3,0.045,26.0,100.0,0.99066,2.98,0.44,12.4,6,1
14.841248935769588,0.24,0.33,1.2,0.044,28.0,101.0,0.99035,3.03,0.43,12.5,6,1
6.7,0.41,0.27,2.6,0.033,25.0,85.0,0.99086,3.05,0.34,11.7,6,1
6.7,0.24,0.31,2.3,0.044,37.0,113.0,0.99013,3.29,0.46,12.9,6,1
6.2,0.3,0.32,1.3,0.054,27.0,183.0,0.99266,3.3,0.43,10.1,5,1
6.9,0.26,0.38,10.5,0.044,33.0,139.0,0.99517,3.06,0.5,10.3,6,1
6.7,0.41,0.27,2.6,0.033,25.0,85.0,0.99086,3.05,0.34,11.7,6,1
5.9,3.367700608341242,0.2,14.4,0.05,29.0,144.0,0.99666,3.24,0.41,10.3,6,1
6.1,0.25,0.3,1.2,0.036,42.0,107.0,0.991,3.34,0.56,10.8,7,1
5.6,0.23,0.29,3.1,0.023,19.0,89.0,0.99068,3.25,0.51,11.2,6,1
7.297354335659711,0.23,0.32,1.7,0.024,26.0,102.0,0.99084,3.29,0.6,11.8,6,1
6.0,0.7792949587657421,0.21,6.0,0.05,26.0,134.0,0.9939,3.08,0.54,9.8,6,1
7.1,-4.553998098967072,0.42,11.8,0.041,32.0,193.0,0.99624,3.04,0.49,10.0,6,1
2.669350818850101,-0.8243626193969582,0.37,6.2,0.052,13.0,164.0,0.99602,3.24,0.39,8.8,4,1
6.5,0.38,0.53,1.4,0.142,5.0,69.0,0.9926,3.14,0.52,,4,1
7.0,0.44,0.24,12.1,0.056,68.0,210.0,0.99718,3.05,0.5,9.5,5,1
7.0,0.44,0.24,12.1,0.056,68.0,210.0,0.99718,3.05,0.5,9.5,5,1
7.0,-4.973207268339597,0.24,12.1,0.056,68.0,210.0,0.99718,3.05,0.5,9.5,5,1
4.413784374669641,2.3520944786259017,0.14,3.9,0.06,27.0,113.0,0.99344,3.07,0.34,,4,1
6.881759899076534,0.33,0.32,4.6,0.041,31.0,180.0,0.99184,2.92,0.74,12.2,6,1
8.776381453460136,3.1285995178789032,0.24,12.1,0.056,68.0,210.0,0.99718,3.05,0.5,9.5,5,1
6.0,3.015106726399125,0.29,1.2,0.046,29.0,92.0,0.99033,3.22,0.53,11.3,6,1
6.3,1.7472840976894117,0.34,8.1,0.038,44.0,129.0,0.99248,3.26,0.29,12.1,6,1
6.1,0.38,0.14,3.9,0.06,27.0,113.0,0.99344,3.07,0.34,9.2,4,1
5.3,0.43,0.11,1.1,0.029,6.0,51.0,0.99076,3.51,0.48,11.2,4,1
2.5582502993120984,3.1237753881678967,0.35,6.5,0.029,26.0,87.0,0.99092,3.29,0.44,,7,1
5.306072351571812,-4.384810014802383,0.27,10.1,0.056,38.0,187.0,0.99486,3.31,0.56,10.6,5,1
5.11687915761174,0.255,0.57,10.7,0.056,66.0,171.0,0.99464,3.25,0.61,10.4,7,1
5.2,0.2,0.27,3.2,0.047,16.0,93.0,0.99235,3.44,0.53,,7,1
4.855637577033369,0.29,0.23,12.4,0.048,33.0,201.0,0.99612,3.11,0.56,9.9,6,1
6.3,-0.06270076538286273,0.25,5.2,0.046,11.0,133.0,0.99202,2.97,0.68,11.0,6,1
6.0,-4.024747966424646,0.23,5.0,0.045,10.0,122.0,0.99261,2.94,0.63,10.0,6,1
7.5,0.35,0.37,2.5,0.066,29.0,89.0,0.98964,3.14,0.42,12.7,6,1
9.034246145039155,0.39,0.28,9.2,0.036,10.0,92.0,0.99206,3.07,0.35,12.1,6,1
8.223964165396067,0.23,0.33,6.9,0.052,23.0,118.0,0.9938,3.23,0.46,10.4,6,1
6.3,0.22,0.3,2.0,0.05,23.0,120.0,0.99204,3.24,0.47,10.4,6,1
6.4,-0.7849888384176673,0.18,15.0,0.04,21.0,116.0,0.99736,3.14,0.5,,5,1
9.899701405311877,0.29,0.18,15.0,0.04,21.0,116.0,0.99736,3.14,0.5,9.2,5,1
7.5,5.078755207798272,0.3,1.2,0.03,27.0,80.0,0.99192,3.05,0.68,,5,1
6.4,3.5697115470640814,0.18,15.0,0.04,21.0,116.0,0.99736,3.14,0.5,,5,1
5.7,0.28,0.36,1.8,0.041,38.0,90.0,0.99002,3.27,0.98,11.9,7,1
5.506924456666401,0.26,0.24,10.8,0.042,47.0,130.0,0.996,3.08,0.4,10.1,6,1
10.007582702943706,0.27,0.29,3.9,0.034,62.0,140.0,0.99237,3.1,0.59,11.1,6,1
1.8080087420688624,0.22,0.29,4.2,0.037,69.0,144.0,0.99214,3.13,0.74,10.8,7,1
2.6348470970304287,0.26,0.26,2.0,0.019,23.5,72.0,0.99041,3.16,0.47,11.8,6,1
7.6,0.36,0.48,13.5,0.038,44.0,116.0,0.9982,3.04,0.48,9.2,5,1
7.6,2.3368562194232654,0.47,13.3,0.037,42.0,116.0,0.99822,3.04,0.5,9.2,5,1
5.7,0.18,0.26,2.2,0.023,21.0,95.0,0.9893,3.07,0.54,,6,1
6.6,0.36,0.47,1.4,0.145,26.0,124.0,0.99274,3.09,0.56,,6,1
2.2585949417263604,0.14,0.2,1.6,0.04,26.0,114.0,0.99105,3.25,0.45,11.4,6,1
5.527635077896268,0.23,0.19,2.2,0.044,39.0,161.0,0.99209,3.19,0.43,10.4,6,1
6.7,0.11,0.26,14.8,0.053,44.0,95.0,0.99676,3.2,0.35,9.8,6,1
7.0,-0.3048606858019294,0.24,1.8,0.047,29.0,91.0,0.99251,3.3,0.43,,6,1
6.7,-2.8707843533367456,0.26,14.8,0.053,44.0,95.0,0.99676,3.2,0.35,9.8,6,1
8.907134349733266,0.47,0.1,1.3,0.036,11.0,74.0,0.99082,3.48,0.54,11.2,4,1
5.69357375808111,0.851083051353287,0.24,9.9,0.058,25.0,115.0,0.99567,3.15,0.46,10.9,5,1
4.569919785106689,0.33,0.26,5.1,0.051,16.0,119.0,0.99416,3.15,0.41,9.2,5,1
6.0,3.66202749546692,0.26,5.1,0.051,16.0,119.0,0.99416,3.15,0.41,9.2,5,1
5.8,1.5496144677777026,0.23,1.5,0.033,39.0,121.0,0.9887,2.96,0.35,12.0,5,1
5.8,0.3,0.23,1.5,0.034,37.0,121.0,0.98871,2.96,0.34,12.1,6,1
3.8,0.31,0.02,11.1,0.036,20.0,114.0,0.99248,3.75,0.44,12.4,6,1
5.551946134071987,0.36,0.22,5.25,0.038,44.0,145.0,0.99184,3.22,0.4,,6,1
6.0,-4.4470723675536865,0.27,2.3,0.042,19.0,120.0,0.98952,3.32,0.41,,7,1
8.618484370162964,0.52,0.54,7.9,0.036,23.0,169.0,0.99267,3.26,0.47,12.2,6,1
7.0,0.55,0.05,8.0,0.036,19.0,164.0,0.99269,3.26,0.46,12.2,6,1
5.8,0.2,0.16,1.4,0.042,44.0,99.0,0.98912,3.23,0.37,12.2,6,1
6.2,0.6738326913475057,0.22,5.25,0.038,44.0,145.0,0.99184,3.22,0.4,,6,1
4.567124089936279,-5.429984576199044,0.27,2.3,0.042,19.0,120.0,0.98952,3.32,0.41,,7,1
6.0,0.29,0.27,2.3,0.044,20.0,117.0,0.9895,3.31,0.41,12.7,7,1
5.7,0.22,0.29,3.5,0.04,27.0,146.0,0.98999,3.17,0.36,12.1,6,1
5.499749126250496,0.46,0.23,13.7,0.045,44.0,192.0,0.9981,3.11,0.53,9.4,5,1
2.563814209926928,0.21,0.3,9.9,0.041,64.0,174.0,0.995,3.07,0.5,10.1,6,1
6.9,0.42,0.2,15.4,0.043,57.0,201.0,0.99848,3.08,0.54,9.4,5,1
3.9848366664686368,0.22,0.2,16.0,0.044,41.0,113.0,0.99862,3.22,0.46,8.9,6,1
9.232385258805998,0.22,0.2,16.0,0.044,41.0,113.0,0.99862,3.22,0.46,8.9,6,1
5.972778025435431,0.22,0.2,16.0,0.044,41.0,113.0,0.99862,3.22,0.46,8.9,6,1
3.480436469256255,0.22,0.2,16.0,0.044,41.0,113.0,0.99862,3.22,0.46,8.9,6,1
5.2,0.31,0.2,2.4,0.027,27.0,117.0,0.98886,3.56,0.45,13.0,7,1
7.2,0.22,0.35,5.5,0.054,37.0,183.0,0.99474,3.08,0.5,,5,1
9.308431918186802,2.5925514993180228,0.29,2.3,0.04,5.0,47.0,0.99126,3.07,0.45,10.1,4,1
6.2,-1.8390232442001453,0.27,16.8,0.04,48.0,129.0,0.99691,3.23,0.38,10.5,6,1
3.944359493819438,0.22,0.2,16.0,0.044,41.0,113.0,0.99862,3.22,0.46,,6,1
9.959866738447397,0.26,0.24,17.8,0.059,23.0,124.0,0.99773,3.3,0.5,10.1,5,1
9.910820933700302,-3.409364199558799,0.24,17.8,0.059,23.0,124.0,0.99773,3.3,0.5,,5,1
6.0,0.2,0.26,6.8,0.049,22.0,93.0,0.9928,3.15,0.42,11.0,6,1
6.0,0.2,0.26,6.8,0.049,22.0,93.0,0.9928,3.15,0.42,11.0,6,1
6.0,0.2,0.26,6.8,0.049,22.0,93.0,0.9928,3.15,0.42,11.0,6,1
6.168034879124006,0.2,0.26,6.8,0.049,22.0,93.0,0.9928,3.15,0.42,11.0,6,1
3.1043514178849367,2.73379198819661,0.17,1.6,0.046,28.0,117.0,0.99288,3.08,0.43,10.0,5,1
13.868501846037265,0.2,0.33,4.7,0.03,25.0,76.0,0.99202,2.88,0.54,10.5,6,1
6.6,1.9381335115519591,0.27,11.8,0.048,28.0,112.0,0.99606,2.87,0.49,9.7,6,1
6.861828168793639,0.26,0.24,17.8,0.059,23.0,124.0,0.99773,3.3,0.5,,5,1
7.2,0.9071968872426327,0.36,15.7,0.045,68.0,183.0,0.99922,3.25,0.76,9.4,5,1
6.9,0.22,0.32,5.8,0.041,20.0,119.0,0.99296,3.17,0.55,,6,1
7.2,0.21,0.36,15.7,0.045,68.0,183.0,0.99922,3.25,0.76,9.4,5,1
7.4,0.22,0.28,9.0,0.046,22.0,121.0,0.99468,3.1,0.55,10.8,5,1
6.22833892583823,0.21,0.36,15.7,0.045,68.0,183.0,0.99922,3.25,0.76,9.4,5,1
6.9,0.22,0.32,5.8,0.041,20.0,119.0,0.99296,3.17,0.55,11.2,6,1
9.868383744325168,0.2,0.35,8.8,0.037,31.0,103.0,0.99388,3.13,0.49,11.0,6,1
5.6,6.835123841453153,0.0,10.2,0.038,13.0,111.0,0.99315,3.44,0.46,12.4,6,1
6.3,2.1849995087678677,0.3,6.6,0.208,60.0,154.0,0.99478,3.1,0.4,9.4,6,1
8.506908361064042,0.29,0.3,6.5,0.209,62.0,156.0,0.99478,3.1,0.4,9.4,5,1
7.2,-1.594870789782101,0.23,8.9,0.105,22.0,155.0,0.99692,3.01,0.58,9.5,5,1
11.032815049659321,0.39,0.39,11.1,0.034,25.0,204.0,0.99616,3.05,0.52,10.0,6,1
4.912956633960311,1.8176116024548248,0.29,4.2,0.043,33.0,114.0,0.9902,3.16,0.31,,6,1
6.1,0.24,0.25,1.6,0.044,24.0,115.0,0.9921,3.39,0.59,10.9,6,1
5.9,-0.6082320301893287,0.24,7.4,0.044,21.0,113.0,0.99462,3.38,0.58,,6,1
6.1,0.24,0.27,11.5,0.05,51.0,133.0,0.99476,3.22,0.37,10.8,6,1
6.5,4.020276465691006,0.27,1.6,0.039,36.0,116.0,0.99178,3.38,0.57,11.0,7,1
6.2,0.26,0.29,2.0,0.036,16.0,87.0,0.99081,3.33,0.61,11.8,6,1
7.555420238323176,1.1829316204912845,0.25,4.8,0.038,16.0,121.0,0.99198,3.36,0.71,12.6,6,1
2.042389309265189,0.225,0.24,9.8,0.054,59.0,140.0,0.99545,3.17,0.39,10.2,6,1
7.1,1.3697698604013457,0.28,1.9,0.046,33.0,103.0,0.98997,3.12,0.31,12.0,5,1
8.899003187223702,0.26,0.29,4.2,0.043,33.0,114.0,0.9902,3.16,0.31,12.5,6,1
6.4,0.27,0.3,1.6,0.04,19.0,86.0,0.99089,3.32,0.65,11.5,6,1
6.231163891118437,0.41,0.22,7.3,0.035,23.0,117.0,0.99172,3.2,0.39,11.94,7,1
7.543027766460437,0.41,0.24,5.4,0.035,33.0,115.0,0.9901,3.12,0.44,12.8933333333333,7,1
7.2,0.585,0.2,10.4,0.086,17.0,94.0,0.99681,3.13,0.4,9.4,5,1
6.7,0.34,0.26,1.9,0.038,58.0,138.0,0.9893,3.0,0.47,12.2,7,1
6.3,-3.9171052305858822,0.22,7.3,0.035,23.0,117.0,0.99172,3.2,0.39,11.94,7,1
6.7,0.41,0.24,5.4,0.035,33.0,115.0,0.9901,3.12,0.44,12.8933333333333,7,1
5.960950828478589,0.4440548585088566,0.35,7.7,0.056,45.0,191.0,0.99527,3.16,0.5,9.5,5,1
6.3,0.28,0.22,11.5,0.036,27.0,150.0,0.99445,3.0,0.33,,6,1
6.647033538234917,-0.00879756279577762,0.33,1.2,0.042,47.0,121.0,0.99198,3.04,0.68,10.5,7,1
8.4,0.27,0.3,2.2,0.037,36.0,129.0,0.99085,2.89,0.3,11.4666666666667,6,1
3.2953064779558585,0.2,0.28,1.0,0.043,45.0,100.0,0.99033,3.4,0.41,11.4,6,1
6.4,0.24,0.26,8.2,0.054,47.0,182.0,0.99538,3.12,0.5,9.5,5,1
9.771290644052701,-2.6926403656316533,0.34,8.3,0.052,44.0,168.0,0.99627,3.11,0.52,9.2,5,1
6.4,0.24,0.26,8.2,0.054,47.0,182.0,0.99538,3.12,0.5,9.5,5,1
6.4,0.42,0.19,9.3,0.043,28.0,145.0,0.99433,3.23,0.53,10.98,5,1
6.4,-0.4345044591665347,0.26,8.1,0.054,47.0,181.0,0.9954,3.12,0.49,9.4,5,1
10.869112110224314,1.5472573307522348,0.26,8.2,0.054,47.0,182.0,0.99538,3.12,0.5,9.5,5,1
7.4,0.38,0.34,8.3,0.052,44.0,168.0,0.99627,3.11,0.52,9.2,5,1
5.629994923269744,0.19,0.27,13.9,0.057,45.0,155.0,0.99807,2.94,0.41,8.8,8,1
8.960621514913285,0.1769512019679604,0.27,13.9,0.057,45.0,155.0,0.99807,2.94,0.41,8.8,8,1
8.596550873980727,0.19,0.27,13.9,0.057,45.0,155.0,0.99807,2.94,0.41,,8,1
7.3242934340465755,-4.0462990747521,0.27,13.9,0.057,45.0,155.0,0.99807,2.94,0.41,8.8,8,1
7.3,0.19,0.27,13.9,0.057,45.0,155.0,0.99807,2.94,0.41,8.8,8,1
2.72021279990585,0.19,0.27,13.9,0.057,45.0,155.0,0.99807,2.94,0.41,8.8,8,1
3.395207946668222,0.19,0.27,13.9,0.057,45.0,155.0,0.99807,2.94,0.41,8.8,8,1
6.8,-0.5796504995908298,0.29,2.0,0.044,15.0,96.0,0.99232,3.23,0.64,10.4,8,1
7.3,0.19,0.27,13.9,0.057,45.0,155.0,0.99807,2.94,0.41,8.8,8,1
7.4,-1.1340743671196225,0.52,15.7,0.054,36.0,139.0,0.99788,3.04,0.62,10.0333333333333,6,1
5.7,0.28,0.35,1.2,0.052,39.0,141.0,0.99108,3.44,0.69,11.3,6,1
3.457054146545288,0.22,0.25,1.5,0.024,21.0,109.0,0.99234,3.37,0.58,10.4,6,1
6.7,0.27,0.69,1.2,0.176,36.0,106.0,0.99288,2.96,0.43,9.2,6,1
0.6829858292842044,0.2,0.35,3.2,0.034,21.0,107.0,0.99195,3.11,0.54,,6,1
10.924092189716845,0.8505405690935485,0.69,1.2,0.176,36.0,106.0,0.99288,2.96,0.43,,6,1
8.20310968753914,0.4865976856832671,0.3,2.6,0.034,62.0,148.0,0.99121,3.03,0.56,11.3,7,1
7.6,0.31,0.52,13.2,0.042,61.0,148.0,0.99839,2.98,0.47,9.1,6,1
7.110116854802635,0.34,0.28,10.4,0.108,43.0,187.0,0.99738,2.96,0.57,9.4,5,1
7.0,-0.8748391863355408,0.25,5.7,0.015,14.0,73.0,0.98963,2.82,0.59,13.2,6,1
-0.17070745780348595,0.31,0.28,2.5,0.039,34.0,137.0,0.98946,3.22,0.38,,6,1
7.3,0.28,0.35,1.6,0.054,31.0,148.0,0.99178,3.18,0.47,10.7,5,1
7.4,0.16,0.3,1.4,0.064,34.0,166.0,0.99136,3.11,0.42,,6,1
0.9283874349387995,0.31,0.27,7.4,0.049,48.0,169.0,0.99323,3.27,0.45,11.1,6,1
6.4,-1.041990330270054,0.28,2.5,0.039,34.0,137.0,0.98946,3.22,0.38,12.7,6,1
6.2,0.4916677639534993,0.29,5.6,0.046,35.0,178.0,0.99313,3.25,0.51,10.5333333333333,5,1
5.9,0.28,0.34,3.6,0.04,50.0,194.0,0.9912,3.31,0.52,11.6,6,1
6.492975835439125,0.23,0.2,7.5,0.05,44.0,179.0,0.99504,3.18,0.48,9.53333333333333,5,1
7.2,0.34,0.2,5.8,0.062,52.0,203.0,0.99461,3.17,0.44,9.8,6,1
13.21146989645193,0.28,0.35,1.6,0.054,31.0,148.0,0.99178,3.18,0.47,,5,1
4.404067412380755,3.0889302649596884,0.33,1.5,0.039,36.0,110.0,0.99008,3.22,0.65,12.0,6,1
8.791394043237315,0.24,0.27,2.9,0.039,30.0,123.0,0.98959,3.12,0.37,12.8,6,1
7.1,1.1459215681245576,0.25,11.2,0.048,32.0,136.0,0.99663,3.14,0.4,,5,1
4.960292776975118,4.559207975872142,0.21,9.65,0.041,36.0,119.0,0.99334,2.99,0.34,10.9333333333333,6,1
6.3,0.19,0.33,10.1,0.063,63.0,133.0,0.99561,2.86,0.41,,5,1
6.0657177778666,0.29,0.28,3.2,0.035,16.0,117.0,0.98959,3.26,0.42,,6,1
7.1,3.7095729365256718,0.25,11.2,0.048,32.0,136.0,0.99663,3.14,0.4,9.5,5,1
10.144051546678796,0.3,0.28,11.45,0.041,29.0,109.0,0.99418,2.98,0.3,10.9,6,1
6.4,4.780047488627456,0.21,9.65,0.041,36.0,119.0,0.99334,2.99,0.34,10.9333333333333,6,1
6.5,0.22,0.19,4.5,0.096,16.0,115.0,0.9937,3.02,0.44,9.6,5,1
5.9621451095003675,0.23,0.28,2.7,0.053,16.0,92.0,0.99372,3.18,0.56,9.3,5,1
5.0296852758436,4.335882955409168,0.23,3.5,0.038,23.0,112.0,0.99157,3.05,0.37,11.3666666666667,6,1
6.1,0.26,0.28,1.7,0.043,24.0,98.0,0.98918,3.14,0.44,12.5,6,1
6.4,0.35,0.21,2.1,0.051,46.0,171.0,0.9932,3.16,0.5,9.5,5,1
6.0,5.008848550222168,0.32,4.8,0.041,40.0,186.0,0.99235,3.22,0.54,11.0,6,1
10.35421166237429,-3.119428431413702,0.21,5.0,0.042,17.0,133.0,0.99373,3.02,0.53,9.4,5,1
6.5,0.13,0.27,2.6,0.035,32.0,76.0,0.9914,3.21,0.76,11.3333333333333,6,1
6.636673463340786,2.257278833731405,0.2,6.6,0.041,9.0,126.0,0.99494,2.94,0.51,8.8,5,1
9.373615271758489,3.9949616585916896,0.21,5.0,0.042,17.0,133.0,0.99373,3.02,0.53,,5,1
5.7,4.5070819655698555,0.29,7.3,0.05,33.0,143.0,0.99332,3.31,0.5,11.0666666666667,6,1
6.4,0.3,0.27,5.0,0.058,27.0,151.0,0.99198,3.22,0.49,12.2,6,1
7.0,-2.0721564390418576,0.26,1.7,0.041,31.0,110.0,0.99142,3.2,0.53,11.0,6,1
6.5,0.13,0.27,2.6,0.035,32.0,76.0,0.9914,3.21,0.76,11.3333333333333,6,1
4.344253319845939,2.232141574794314,0.21,8.2,0.05,51.0,182.0,0.99542,3.23,0.48,9.5,5,1
6.4,0.4856091948512573,0.21,8.2,0.05,51.0,182.0,0.99542,3.23,0.48,,5,1
10.220022626882928,0.27,0.31,5.0,0.043,54.0,170.0,0.9924,3.28,0.52,11.0,6,1
7.920881823603833,5.751180699022835,0.33,1.2,0.039,34.0,97.0,0.99112,3.11,0.75,11.2,6,1
8.004362878643976,0.26,0.29,7.1,0.036,28.0,100.0,0.99534,3.08,0.36,,6,1
6.3,0.28,0.22,9.5,0.04,30.0,111.0,0.99338,3.05,0.31,10.8,4,1
6.2,0.25,0.44,15.8,0.057,39.0,167.0,0.99804,3.14,0.51,9.2,5,1
7.694887934287524,-3.941874873183352,0.37,15.5,0.048,70.0,203.0,0.99899,3.25,0.77,9.4,5,1
6.2,0.25,0.44,15.8,0.057,39.0,167.0,0.99804,3.14,0.51,,5,1
6.4,-2.1278687442685964,0.28,17.05,0.047,53.0,139.0,0.99724,3.25,0.35,10.5,6,1
6.3,0.2,0.26,12.7,0.046,60.0,143.0,0.99526,3.26,0.35,10.8,6,1
6.6,-5.191901474887035,0.22,12.3,0.051,35.0,146.0,0.99676,3.1,0.67,,5,1
5.883575054010496,0.7038488610992466,0.26,11.8,0.053,55.0,173.0,0.99699,3.11,0.6,9.8,5,1
7.4,0.27,0.26,11.8,0.053,55.0,173.0,0.99699,3.11,0.6,9.8,5,1
7.4,7.061520807808954,0.26,11.8,0.053,55.0,173.0,0.99699,3.11,0.6,,5,1
6.6,0.24,0.22,12.3,0.051,35.0,146.0,0.99676,3.1,0.67,9.4,5,1
7.4,0.27,0.26,11.8,0.053,55.0,173.0,0.99699,3.11,0.6,9.8,5,1
7.1,0.38,0.29,13.6,0.041,30.0,137.0,0.99461,3.02,0.96,12.1,6,1
6.794951568515085,0.43,0.26,5.2,0.043,40.0,176.0,0.99116,3.17,0.41,12.3,6,1
5.2,0.22,0.46,6.2,0.066,41.0,187.0,0.99362,3.19,0.42,,5,1
4.572229286031901,0.29,0.16,7.9,0.044,48.0,197.0,0.99512,3.21,0.36,9.4,5,1
8.778638187934357,0.15697514440012358,0.16,7.9,0.044,48.0,197.0,0.99512,3.21,0.36,9.4,5,1
6.3,0.29,0.29,3.3,0.037,32.0,140.0,0.9895,3.17,0.36,,7,1
6.3,0.4930999675727625,0.32,2.8,0.046,18.0,80.0,0.99043,2.92,0.47,11.05,6,1
5.7,1.9407163118696142,0.16,7.9,0.044,48.0,197.0,0.99512,3.21,0.36,9.4,5,1
6.3,-0.05887145502187252,0.29,3.3,0.037,32.0,140.0,0.9895,3.17,0.36,12.8,7,1
5.7,1.338078057432241,0.47,6.3,0.069,35.0,182.0,0.99391,3.11,0.46,,5,1
5.8,1.476635007983442,0.38,4.9,0.039,22.0,86.0,0.98963,3.23,0.58,13.1,7,1
7.1,-2.2666699562805803,0.27,10.4,0.041,26.0,114.0,0.99335,3.04,0.52,11.5,7,1
5.190828498794013,0.3,0.38,4.9,0.039,22.0,86.0,0.98963,3.23,0.58,13.1,7,1
7.1,0.27,0.27,10.4,0.041,26.0,114.0,0.99335,3.04,0.52,11.5,7,1
1.8104783166183012,0.305,0.22,16.0,0.061,26.0,141.0,0.99824,3.08,0.5,9.1,5,1
0.6617287950321487,-0.04214013464900501,0.47,6.3,0.069,35.0,182.0,0.99391,3.11,0.46,9.75,5,1
1.019845543038727,2.445798779470739,0.28,2.2,0.04,24.0,125.0,0.9917,3.19,0.48,,6,1
6.6,0.22,0.23,17.3,0.047,37.0,118.0,0.99906,3.08,0.46,8.8,6,1
6.6,3.0057283496892864,0.23,17.3,0.047,37.0,118.0,0.99906,3.08,0.46,8.8,6,1
6.6,4.115504968582825,0.23,17.3,0.047,37.0,118.0,0.99906,3.08,0.46,8.8,6,1
6.6,0.22,0.23,17.3,0.047,37.0,118.0,0.99906,3.08,0.46,,6,1
6.2,0.22,0.28,2.2,0.04,24.0,125.0,0.9917,3.19,0.48,10.5,6,1
8.053912272661824,1.226308200348382,0.28,2.2,0.04,24.0,125.0,0.9917,3.19,0.48,10.5,6,1
6.6,0.22,0.23,17.3,0.047,37.0,118.0,0.99906,3.08,0.46,8.8,6,1
6.1,0.22,0.5,6.6,0.045,30.0,122.0,0.99415,3.22,0.49,,6,1
6.2,0.21,0.52,6.5,0.047,28.0,123.0,0.99418,3.22,0.49,9.9,6,1
2.8454870658796674,1.3873571337333224,0.26,12.3,0.044,24.0,205.0,0.99611,3.11,0.58,,5,1
7.800257327515701,0.44,0.27,5.0,0.038,33.0,166.0,0.99124,3.2,0.42,,6,1
6.1,0.31,0.34,2.8,0.042,59.5,162.0,0.99179,3.27,0.47,10.8,6,1
8.50972355247424,2.6105545956438747,0.59,13.6,0.051,60.0,134.0,0.99886,2.96,0.39,8.7,5,1
6.405874215270668,0.38,0.28,2.8,0.043,17.0,67.0,0.98924,3.21,0.47,13.2,6,1
6.7,0.24,0.26,5.4,0.03,15.0,94.0,0.99045,3.15,0.38,,6,1
8.215215610147109,-1.224310640713924,0.26,10.9,0.06,55.0,193.0,0.9969,3.21,0.44,9.4,5,1
7.674910611271579,0.24,0.24,1.7,0.045,18.0,161.0,0.99196,3.25,0.53,11.2,6,1
6.5,0.29,0.3,9.15,0.051,25.0,166.0,0.99339,3.24,0.56,,6,1
6.7,0.28,0.28,4.5,0.051,14.0,92.0,0.99224,3.36,0.58,11.9,6,1
6.5,-1.6173371559674865,0.3,9.15,0.051,25.0,166.0,0.99339,3.24,0.56,,6,1
-2.029189228342849,0.21,0.19,1.4,0.046,51.0,131.0,0.99184,3.22,0.39,,5,1
6.229124277454529,0.09560642703680411,0.16,5.9,0.048,14.0,125.0,0.99428,3.09,0.49,9.8,5,1
6.7,0.34,0.31,16.4,0.051,20.0,146.0,0.99834,3.06,0.54,,5,1
6.6,0.27,0.25,1.2,0.033,36.0,111.0,0.98918,3.16,0.37,12.4,6,1
7.975309402190293,0.34,0.31,16.4,0.051,20.0,146.0,0.99834,3.06,0.54,9.1,5,1
7.2,0.47,0.16,5.9,0.048,14.0,125.0,0.99428,3.09,0.49,,5,1
5.0,-3.4750530986623107,0.25,7.8,0.031,24.0,116.0,0.99241,3.39,0.4,11.3,6,1
5.0,1.570702315099727,0.25,7.8,0.031,24.0,116.0,0.99241,3.39,0.4,11.3,6,1
9.320848432264995,0.46,0.1,2.8,0.024,31.0,111.0,0.98816,3.48,0.34,13.1,6,1
11.659372849747491,3.5272461085047913,0.29,2.9,0.035,15.0,101.0,0.98916,3.04,0.37,12.5,6,1
3.2105484592442304,0.3,0.25,2.5,0.045,32.0,122.0,0.99329,3.18,0.54,10.3,5,1
5.350824102061681,0.28,0.22,12.8,0.039,51.0,150.0,0.99535,3.23,0.43,10.7,6,1
6.9,0.29,0.25,12.2,0.04,29.0,136.0,0.99552,3.05,0.65,,6,1
6.3,-1.830130934515063,0.19,7.7,0.049,47.0,184.0,0.99514,3.22,0.48,,5,1
6.3,0.39,0.22,2.8,0.048,53.0,173.0,0.99304,3.24,0.45,9.8,5,1
6.6,1.685447569655813,0.29,2.9,0.035,15.0,101.0,0.98916,3.04,0.37,,6,1
1.9016555588760058,0.18,0.26,17.3,0.051,17.0,149.0,0.9984,3.0,0.43,,6,1
10.55965522533025,0.28,0.29,19.3,0.051,36.0,174.0,0.99911,3.14,0.5,9.0,5,1
9.038568624445652,0.28,0.29,19.3,0.051,36.0,174.0,0.99911,3.14,0.5,9.0,5,1
7.051763660589524,0.28,0.29,19.3,0.051,36.0,174.0,0.99911,3.14,0.5,9.0,5,1
6.6,-1.53739315282598,0.26,2.7,0.045,19.0,129.0,0.98952,3.24,0.48,13.0,7,1
5.9,0.22,0.18,6.4,0.041,28.0,120.0,0.99403,3.27,0.5,,5,1
6.6,0.18,0.26,17.3,0.051,17.0,149.0,0.9984,3.0,0.43,9.4,6,1
7.7,-2.769726505984778,0.24,2.4,0.044,29.0,157.0,0.99312,3.27,0.56,10.6,6,1
7.1,0.42,0.2,2.8,0.038,28.0,109.0,0.98968,3.23,0.47,13.4,6,1
7.19828458378063,0.32,0.32,1.7,0.031,31.0,114.0,0.98946,3.12,0.35,,6,1
6.6,0.26,0.56,15.4,0.053,32.0,141.0,0.9981,3.11,0.49,,5,1
10.741893301048423,0.26,0.56,15.4,0.053,32.0,141.0,0.9981,3.11,0.49,9.3,5,1
6.2,6.486683131278999,0.24,4.1,0.051,34.0,149.0,0.99306,3.36,0.52,11.0,5,1
6.3,0.25,0.27,6.6,0.054,40.0,158.0,0.99378,3.2,0.48,,5,1
9.833975584280417,-2.796699408051727,0.24,1.2,0.051,31.0,95.0,0.99036,3.24,0.57,11.3,6,1
9.874134089968363,0.23,0.27,2.1,0.042,35.0,100.0,0.99094,3.03,0.63,,6,1
6.070039579346779,-3.692957954263535,0.29,1.0,0.042,35.0,90.0,0.9908,3.76,0.49,11.3,6,1
6.2,0.2,0.28,1.1,0.039,24.0,78.0,0.9899,3.36,0.47,12.1,6,1
5.952315101457512,0.9241461911659383,0.28,1.4,0.039,12.0,83.0,0.99173,3.18,0.65,11.1,5,1
9.401374496052672,1.1655644353822985,0.2,1.6,0.271,24.0,140.0,0.99356,3.11,0.63,9.8,5,1
8.148125715765344,2.251696423569822,0.22,9.8,0.049,50.0,125.0,0.99571,3.2,0.45,10.1,6,1
5.7,0.22,0.33,1.9,0.036,37.0,110.0,0.98945,3.26,0.58,12.4,6,1
6.0,6.203684160529721,0.38,1.3,0.034,37.0,104.0,0.98865,3.11,0.52,12.7,6,1
6.4,-2.011389445583891,0.26,7.9,0.05,53.0,180.0,0.99514,3.14,0.5,9.6,5,1
5.828087591224121,-1.4153105139217013,0.26,7.9,0.05,53.0,180.0,0.99514,3.14,0.5,9.6,5,1
4.946253243497276,5.381416491920571,0.26,4.5,0.053,17.0,126.0,0.9943,3.24,0.46,9.1,5,1
5.9,0.22,0.45,22.6,0.12,55.0,122.0,0.99636,3.1,0.35,12.8,5,1
9.79993980867463,0.32,0.26,7.9,0.05,53.0,180.0,0.99514,3.14,0.5,9.6,5,1
11.19234832630882,3.117371296517353,0.33,3.5,0.037,37.0,155.0,0.98987,3.18,0.37,12.4,6,1
5.8,2.680244013285197,0.18,1.2,0.058,7.0,108.0,0.99288,3.23,0.58,9.55,4,1
3.5518126572557014,-1.214606086521957,0.26,4.5,0.053,17.0,126.0,0.9943,3.24,0.46,9.1,5,1
5.909869973656077,3.6876646612367563,0.33,2.0,0.033,12.0,74.0,0.99064,3.29,0.65,12.5,6,1
6.4,2.559548460543107,0.25,7.8,0.05,13.0,68.0,0.99394,3.16,0.4,9.9,6,1
6.4,0.6986118043580968,0.28,0.9,0.045,32.0,87.0,0.99175,3.47,0.52,11.2,6,1
7.7527992293640935,-1.2747834307004768,0.49,2.9,0.03,28.0,122.0,0.98926,3.13,0.4,,6,1
8.159796993245832,0.8000866631653356,0.49,2.9,0.03,28.0,122.0,0.98926,3.13,0.4,13.0,6,1
5.8,0.3,0.33,3.5,0.033,25.0,116.0,0.99057,3.2,0.44,11.7,6,1
4.5329009222761165,5.225460665449815,0.23,4.2,0.038,13.0,95.0,0.98898,2.97,0.7,13.1,6,1
11.650561891032131,0.19,0.37,9.7,0.032,17.0,50.0,0.9932,3.08,0.66,12.0,6,1
6.8,0.31,0.25,10.5,0.043,30.0,165.0,0.9972,3.36,0.55,,6,1
7.5,0.24,0.29,1.1,0.046,34.0,84.0,0.9902,3.04,0.39,11.45,6,1
6.8,-3.051903257811041,0.39,16.1,0.053,71.0,194.0,0.9988,3.18,0.64,,6,1
8.766285796635513,0.24,0.29,1.1,0.046,34.0,84.0,0.9902,3.04,0.39,,6,1
7.894150225411659,0.29,0.3,8.1,0.212,60.0,150.0,0.9958,3.1,0.4,9.3,5,1
6.8,0.2,0.25,6.2,0.052,22.0,106.0,0.9935,3.09,0.54,10.8,5,1
5.2,0.38,0.26,7.7,0.053,20.0,103.0,0.9925,3.27,0.45,,6,1
13.07665224453526,-2.12939720419041,0.33,2.4,0.053,36.0,175.0,0.992,3.2,0.55,11.0,6,1
6.6,0.54,0.21,16.3,0.055,41.0,182.0,0.9986,3.35,0.54,,6,1
5.752815124266229,0.25,0.31,2.3,0.05,32.0,156.0,0.9914,3.14,0.51,11.4,6,1
5.8,-1.2734073052119963,0.01,8.4,0.041,31.0,104.0,0.9909,3.26,0.72,14.05,7,1
6.5,-0.9124634680292347,0.23,8.5,0.051,20.0,138.0,0.9943,3.03,0.42,,5,1
6.4,0.28,0.23,6.0,0.051,50.0,162.0,0.994,3.15,0.52,10.2,5,1
6.6,0.14278994043691895,0.28,1.1,0.044,38.0,100.0,0.9904,3.22,0.69,11.2,6,1
5.1,0.305,0.13,1.75,0.036,17.0,73.0,0.99,3.4,0.51,12.3333333333333,5,1
5.5347043706731665,0.26,0.3,2.6,0.034,75.0,129.0,0.9902,3.2,0.38,11.5,4,1
2.940033312935114,0.23,0.17,1.3,0.061,14.0,100.0,0.9925,3.07,0.55,9.5,5,1
6.8,3.2057130846057182,0.3,2.1,0.047,35.0,147.0,0.9886,3.24,0.56,13.4,6,1
5.582948583239265,0.27,0.32,1.1,0.034,24.0,110.0,0.9898,3.36,0.4,12.5,6,1
1.6332174281939116,0.27,0.32,1.1,0.034,24.0,110.0,0.9898,3.36,0.4,12.5,6,1
9.043548062579516,0.4,0.29,2.8,0.044,27.0,97.0,0.9904,3.12,0.42,11.2,6,1
6.1,1.7842423432523882,0.18,9.0,0.051,28.5,259.0,0.9964,3.19,0.5,8.8,5,1
7.1,0.46252315151028633,0.26,2.8,0.039,50.0,118.0,0.9908,3.06,0.59,,6,1
6.2,1.1509804252410363,0.32,2.2,0.036,15.0,70.0,0.9899,3.16,0.48,12.7,6,1
8.059990250209976,2.041972881089538,0.17,5.1,0.049,26.0,82.0,0.993,3.0,0.38,9.8,6,1
8.16879207888438,0.2,0.33,3.5,0.049,10.0,40.0,0.9944,3.14,0.36,9.8,6,1
5.8,-4.915117838688784,0.22,12.7,0.058,24.0,183.0,0.9956,3.32,0.42,11.7,6,1
5.498728876546457,3.5247525752638023,0.31,7.5,0.052,55.0,230.0,0.9949,3.19,0.46,9.8,5,1
8.58439924556697,0.36,0.2,2.0,0.048,48.0,191.0,0.9929,3.17,0.51,9.6,5,1
5.592611739330306,-2.279238828659207,0.33,3.5,0.049,10.0,40.0,0.9944,3.14,0.36,9.8,6,1
6.7,-1.150531113532464,0.25,14.3,0.048,79.0,149.0,0.9975,3.12,0.37,,5,1
7.21250360235757,0.16,0.25,9.8,0.049,59.5,137.0,0.995,3.16,0.38,10.0,6,1
7.898529419376233,1.1513059651107596,0.22,12.7,0.058,24.0,183.0,0.9956,3.32,0.42,,6,1
0.4531777677782749,0.27,0.22,12.7,0.058,42.0,206.0,0.9946,3.32,0.38,,6,1
8.854814017106058,0.17,0.17,5.1,0.049,26.0,82.0,0.993,3.0,0.38,9.8,6,1
1.3778126102153,0.14378251598824782,0.19,3.5,0.068,18.0,101.0,0.9934,3.03,0.38,,6,1
7.3,0.26,0.53,12.7,0.047,60.5,164.5,0.9984,3.06,0.45,9.1,6,1
6.947216548445402,0.28,0.54,12.9,0.049,62.0,162.5,0.9984,3.06,0.45,9.1,6,1
3.809826687714321,1.7407913232800185,0.54,12.9,0.049,62.0,162.5,0.9984,3.06,0.45,9.1,6,1
5.8,0.12,0.21,1.3,0.056,35.0,121.0,0.9908,3.32,0.33,,6,1
6.1,0.25,0.18,10.5,0.049,41.0,124.0,0.9963,3.14,0.35,10.5,5,1
10.693739737870045,0.24,0.27,1.5,0.04,35.0,105.0,0.98914,3.13,0.3,12.4,6,1
3.828636837542957,0.26,0.53,12.7,0.047,60.5,156.0,0.9984,3.06,0.45,9.1,6,1
2.349430324103852,0.7054837553692168,0.54,12.9,0.049,62.0,152.0,0.9984,3.06,0.45,9.1,6,1
8.3,0.18,0.37,1.2,0.049,6.0,94.0,0.9937,3.18,0.52,10.1,5,1
7.500056424788946,-0.7779968611848646,0.3,6.2,0.032,24.0,134.0,0.993,2.99,0.39,10.9,6,1
7.058891059937532,0.14,0.36,8.8,0.026,13.0,60.0,0.9956,3.13,0.35,11.05,5,1
5.8,0.28,0.3,3.9,0.026,36.0,105.0,0.98963,3.26,0.58,12.75,6,1
1.4861843140082005,4.8162745081288465,0.34,1.3,0.025,23.0,111.0,0.98961,3.36,0.37,12.7,6,1
8.477445597464548,2.4041965960304053,0.37,9.1,0.037,16.0,76.0,0.9948,3.05,0.54,11.1,5,1
0.9255028126509623,0.28,0.37,9.1,0.037,16.0,76.0,0.9948,3.05,0.54,11.1,5,1
5.8,1.1863519754068585,0.3,3.9,0.026,36.0,105.0,0.98963,3.26,0.58,12.75,6,1
6.3,2.3275595225781,0.53,1.8,0.021,41.0,101.0,0.989315,3.19,0.31,13.0,6,1
6.5,-1.9159884781224872,0.31,2.1,0.033,32.0,95.0,0.989435,2.96,0.61,12.0,6,1
5.9,0.29,0.32,1.4,0.022,17.0,47.0,0.9899,3.35,0.35,11.5,6,1
3.2912770822506254,6.984315225450053,0.22,14.7,0.047,51.0,183.0,0.998275,3.39,0.6,10.5,5,1
6.9,0.28,0.37,9.1,0.037,16.0,76.0,0.9948,3.05,0.54,11.1,5,1
6.8,0.23,0.33,1.9,0.047,20.0,101.0,0.9914,3.1,0.46,11.1,6,1
7.0,-3.032911603249415,0.32,1.8,0.048,25.0,113.0,0.9915,3.11,0.47,,6,1
6.4,0.55,0.26,9.6,0.027,20.0,104.0,0.9924,3.22,0.73,13.1,6,1
3.9743451887376464,0.6195059748802045,0.3,3.9,0.026,36.0,105.0,0.98963,3.26,0.58,,6,1
8.40666717646542,-0.6292788358532209,0.34,1.3,0.025,23.0,111.0,0.98961,3.36,0.37,12.7,6,1
6.8,0.45,0.3,11.8,0.094,23.0,97.0,0.997,3.09,0.44,9.6,5,1
9.986405101039455,-0.773243126281145,0.4,1.9,0.028,32.0,138.0,0.9914,3.26,0.72,11.7,5,1
6.1,0.37,0.46,12.0,0.042,61.0,210.0,0.997,3.17,0.59,9.7,6,1
9.20834674198272,0.21,0.23,7.9,0.033,22.0,130.0,0.9944,3.38,0.59,10.9,6,1
6.440178628613302,-1.1427702689442785,0.32,9.3,0.04,22.0,110.0,0.9958,3.34,0.54,,7,1
5.4,0.27,0.22,4.6,0.022,29.0,107.0,0.98889,3.33,0.54,13.8,6,1
6.0,0.26,0.26,2.2,0.035,10.0,72.0,0.989465,3.11,0.48,12.15,6,1
5.6,-2.135130002995504,0.3,10.2,0.028,28.0,131.0,0.9954,3.49,0.42,10.8,7,1
-1.6819247343854684,0.26,0.27,10.6,0.03,27.0,119.0,0.9947,3.4,0.34,10.7,7,1
7.0,0.23,0.35,1.4,0.036,31.0,113.0,0.9912,3.16,0.48,10.8,7,1
5.8,0.28,0.66,9.1,0.039,26.0,159.0,0.9965,3.66,0.55,10.8,5,1
8.6,0.36,0.26,11.1,0.03,43.5,171.0,0.9948,3.03,0.49,12.0,5,1
5.8,0.28,0.66,9.1,0.039,26.0,159.0,0.9965,3.66,0.55,10.8,5,1
6.4,3.865026614424358,0.27,4.4,0.055,17.0,135.0,0.9925,3.23,0.44,12.2,6,1
7.372559063655675,-3.414108383748652,0.32,2.8,0.05,17.0,126.0,0.9936,3.18,0.55,,6,1
5.8,0.29,0.15,1.1,0.029,12.0,83.0,0.9898,3.3,0.4,11.4,6,1
5.7,0.22,0.28,1.3,0.027,26.0,101.0,0.98948,3.35,0.38,12.5,7,1
5.6,0.22,0.32,1.2,0.024,29.0,97.0,0.98823,3.2,0.46,13.05,7,1
11.21172121767384,3.2706916960514594,0.23,3.3,0.026,31.0,99.0,0.9896,3.1,0.4,12.4,6,1
6.2,0.2,0.26,9.7,0.03,39.0,102.0,0.9908,3.08,0.56,12.9,7,1
6.1,2.2956132041629465,0.24,2.3,0.034,25.0,133.0,0.9906,3.34,0.59,12.0,7,1
5.9,-0.8426733950380383,0.29,1.1,0.036,23.0,56.0,0.9904,3.19,0.38,11.3,5,1
6.3,0.15,0.34,11.4,0.05,25.0,96.0,0.99754,3.21,0.49,10.0,6,1
8.501371223440705,1.727821851381559,0.32,1.2,0.042,40.0,98.0,0.9898,3.42,0.64,11.8,7,1
7.38884702923116,0.2,0.26,14.7,0.045,53.0,125.0,0.998365,2.99,0.69,9.4,6,1
5.7,0.2,0.24,13.8,0.047,44.0,112.0,0.99837,2.97,0.66,8.8,6,1
2.4314917069846422,0.27,0.26,1.3,0.038,32.0,138.0,0.99125,3.46,0.43,11.1,6,1
6.3,0.37,0.51,6.3,0.048,35.0,146.0,0.9943,3.1,1.01,,6,1
6.4,0.23,0.37,7.9,0.05,60.0,150.0,0.99488,2.86,0.49,9.3,6,1
5.9,0.34,0.25,2.0,0.042,12.0,110.0,0.99034,3.02,0.54,11.4,6,1
3.424078989114755,0.33,0.23,11.8,0.03,23.0,158.0,0.99322,3.41,0.64,11.8,6,1
5.4,0.29,0.38,1.2,0.029,31.0,132.0,0.98895,3.28,0.36,12.4,6,1
8.0,-0.14369705308972414,0.35,10.0,0.035,22.0,108.0,0.99457,3.12,0.36,11.6,6,1
12.201443196237024,-3.0030190155280554,0.33,5.2,0.05,30.0,137.0,0.99304,3.26,0.58,11.1,5,1
5.4,0.29,0.38,1.2,0.029,31.0,132.0,0.98895,3.28,0.36,12.4,6,1
6.4,-2.941300964012719,0.3,7.2,0.041,42.0,168.0,0.99331,3.22,0.49,11.1,6,1
7.0,0.33,0.78,9.9,0.042,21.0,251.0,0.99435,3.01,0.55,11.0,6,1
2.4498113960075987,2.416324549409073,0.3,5.3,0.036,27.0,165.0,0.99122,3.12,0.46,12.2,6,1
3.0564763155488426,0.36,0.31,13.55,0.053,20.0,113.0,0.99544,3.2,0.56,11.0,6,1
5.8,2.2307109710550685,0.3,2.2,0.035,26.0,129.0,0.989,3.32,0.47,12.9,6,1
9.927654653495853,0.39,0.3,9.9,0.037,29.0,124.0,0.99414,3.07,0.42,10.9,6,1
6.7,1.2560342429576588,0.29,4.3,0.069,20.0,114.0,0.99014,3.22,0.59,13.4,6,1
6.7,-0.51454961802152,0.0,13.0,0.033,32.0,75.0,0.99551,3.15,0.5,10.7,6,1
5.206522265583416,0.36,0.31,13.55,0.053,20.0,113.0,0.99544,3.2,0.56,11.0,6,1
6.5,-0.41129460089306424,0.33,1.0,0.027,23.0,75.0,0.9908,3.3,0.39,11.4,7,1
8.3,-0.7566594714920793,0.34,1.1,0.043,20.0,116.0,0.9927,3.0,0.47,10.2,6,1
6.9,0.23,0.35,6.9,0.03,45.0,116.0,0.99244,2.8,0.54,11.0,6,1
6.4,0.17,0.34,13.4,0.044,45.0,139.0,0.99752,3.06,0.43,9.1,6,1
5.0,-4.910832405530602,0.18,4.6,0.032,40.0,124.0,0.99114,3.18,0.4,11.0,6,1
3.2547346333861342,0.38,0.29,9.9,0.037,40.0,146.0,0.99326,3.11,0.37,11.5,6,1
11.083913536169046,0.4737597507688379,0.32,3.0,0.036,38.0,93.0,0.9906,3.16,0.59,12.0,6,1
6.9,1.857364583628503,0.32,5.8,0.04,16.0,112.0,0.993,3.04,0.58,11.2,5,1
7.98316793443542,0.28,0.3,12.9,0.033,31.0,177.0,0.99479,3.12,0.39,11.2,6,1
5.0545965068684655,0.5628263963346172,0.27,3.2,0.032,13.0,73.0,0.98942,2.9,0.69,,7,1
2.5626754923014534,0.615,0.04,0.8,0.032,8.0,50.0,0.99036,3.14,0.4,11.0,4,1
5.9,5.7474475160576075,0.36,2.5,0.03,12.0,73.0,0.99201,3.22,0.48,10.8,6,1
12.042219691579813,0.42,0.36,2.4,0.034,19.0,77.0,0.99184,3.25,0.48,10.9,5,1
5.8,0.34,0.21,7.2,0.041,48.0,146.0,0.99441,3.16,0.49,,5,1
5.726644543760178,-2.7436864344899408,0.2,7.3,0.04,42.0,145.0,0.99442,3.15,0.48,,5,1
7.1,0.33,0.18,6.3,0.094,27.0,166.0,0.99474,2.9,0.49,9.5,5,1
10.291984187408481,0.44,0.28,4.25,0.032,43.0,132.0,0.9916,3.26,0.47,,7,1
9.98090063382832,-1.7033111506811611,0.37,1.2,0.039,26.0,99.0,0.99198,3.01,0.62,10.8,5,1
5.2,0.5,0.18,2.0,0.036,23.0,129.0,0.98949,3.36,0.77,13.4,7,1
6.1,0.8390569870510103,0.28,4.25,0.032,43.0,132.0,0.9916,3.26,0.47,,7,1
4.837295315010298,1.3513004305772949,0.12,4.7,0.06,33.0,196.0,0.99556,3.22,0.48,,5,1
6.4,-5.323625875078817,0.19,4.5,0.038,36.0,119.0,0.99151,3.07,0.42,11.2,6,1
7.5,2.113093999626808,0.38,1.4,0.047,30.0,95.0,0.99158,3.22,0.52,11.5,7,1
4.961176655030656,0.5,0.22,4.1,0.036,35.0,131.0,0.9902,3.26,0.55,13.0,7,1
6.6,0.4,0.3,5.3,0.038,20.0,125.0,0.99204,3.36,0.73,12.6,6,1
10.73894469380176,0.4,0.25,4.2,0.032,15.0,91.0,0.98988,3.26,0.52,13.1,6,1
8.3,1.2349505186667962,0.23,6.65,0.034,6.0,158.0,0.99344,3.05,0.48,11.2,5,1
10.687551997859932,-6.058178831499274,0.91,8.2,0.034,50.0,199.0,0.99394,3.39,0.49,11.7,6,1
6.1,-0.16012780665476545,0.37,2.6,0.041,24.0,99.0,0.99153,3.18,0.5,,6,1
0.46925207163779703,-2.235624565816003,0.37,2.6,0.041,24.0,99.0,0.99153,3.18,0.5,10.9,6,1
5.6,0.24,0.34,2.0,0.041,14.0,73.0,0.98981,3.04,0.45,11.6,7,1
5.7,0.25,0.32,12.2,0.041,43.0,127.0,0.99524,3.23,0.53,10.4,7,1
6.6,0.21,0.39,2.3,0.041,31.0,102.0,0.99221,3.22,0.58,10.9,7,1
6.3,0.3,0.91,8.2,0.034,50.0,199.0,0.99394,3.39,0.49,11.7,6,1
6.2,-1.0799697929413707,0.41,5.0,0.043,50.0,188.0,0.99318,3.23,0.64,,6,1
7.449340782946576,-3.724302354033588,0.38,10.7,0.038,49.0,136.0,0.99366,3.11,0.59,11.2,6,1
5.436355585829141,0.345,0.15,10.8,0.033,26.0,120.0,0.99494,3.25,0.49,10.0,6,1
3.400030511184482,0.51,0.25,1.7,0.048,39.0,177.0,0.99212,3.28,0.57,10.5666666666667,5,1
6.0,1.488566036020717,0.41,1.3,0.036,42.0,118.0,0.99018,3.04,0.64,,6,1
6.5,5.795329141710678,0.25,1.7,0.048,39.0,177.0,0.99212,3.28,0.57,10.6,5,1
6.9,0.54,0.26,12.7,0.049,59.0,195.0,0.99596,3.26,0.54,10.5,6,1
6.0,1.0350707225108478,0.41,1.3,0.036,42.0,118.0,0.99018,3.04,0.64,11.75,6,1
6.6,0.26,0.36,1.2,0.035,43.0,126.0,0.99094,3.01,0.63,11.4,6,1
6.485238284151592,-6.23815230529094,0.3,1.3,0.03,25.0,98.0,0.98968,3.37,0.43,12.4,7,1
2.451209627040817,0.21,0.35,5.7,0.043,47.0,197.0,0.99392,3.24,0.5,,6,1
6.8,1.1467881119983963,0.22,3.4,0.035,40.0,122.0,0.99024,3.09,0.47,12.3,6,1
3.6006339360617,0.24,0.34,1.1,0.034,49.0,158.0,0.98774,3.32,0.32,13.1,7,1
3.504578801690098,0.18,0.28,1.0,0.037,24.0,88.0,0.99094,3.29,0.55,10.65,7,1
5.8,-0.3239163765971056,0.29,1.0,0.042,35.0,101.0,0.99044,3.36,0.48,11.4,7,1
6.7,0.61,0.21,1.65,0.117,40.0,240.0,0.9938,3.11,0.57,9.3,5,1
5.7,0.695,0.06,6.8,0.042,9.0,84.0,0.99432,3.44,0.44,,5,1
4.100626207532004,0.695,0.06,6.8,0.042,9.0,84.0,0.99432,3.44,0.44,,5,1
5.7,0.39,0.25,4.9,0.033,49.0,113.0,0.98966,3.26,0.58,13.1,7,1
5.885564519014027,0.38,0.47,1.4,0.051,59.0,210.0,0.99309,3.24,0.5,9.6,5,1
6.3,-2.9430376042623094,0.28,2.5,0.035,18.0,73.0,0.98868,3.1,0.47,,7,1
2.953300014283541,1.3508714941730817,0.41,10.8,0.048,55.0,149.0,0.9937,3.09,0.59,10.9666666666667,7,1
6.0,2.9292941843820675,0.41,10.8,0.048,55.0,149.0,0.9937,3.09,0.59,10.9666666666667,7,1
6.0,0.29,0.41,10.8,0.048,55.0,149.0,0.9937,3.09,0.59,10.9666666666667,7,1
6.0,0.29,0.41,10.8,0.048,55.0,149.0,0.9937,3.09,0.59,11.0,7,1
11.819537086619892,0.43,0.25,2.8,0.036,43.0,132.0,0.98975,3.21,0.47,13.4,6,1
6.6,-1.7554804456794129,0.25,1.3,0.04,28.0,85.0,0.98984,2.87,0.48,11.2,6,1
8.079849700182375,0.33,0.41,2.0,0.027,14.0,79.0,0.99063,3.27,0.63,12.4,6,1
8.0,0.23,0.41,1.1,0.048,35.0,150.0,0.99168,3.09,0.47,11.2,5,1
12.683689085146163,-4.761198432435673,0.36,8.2,0.028,44.0,111.0,0.99272,3.14,0.41,12.4,6,1
5.519760092765941,0.17,0.33,6.0,0.036,30.0,111.0,0.99362,3.32,0.58,,7,1
6.1,-5.875016718628608,0.34,6.1,0.034,31.0,114.0,0.99365,3.32,0.58,10.1333333333333,7,1
7.3,0.17,0.36,8.2,0.028,44.0,111.0,0.99272,3.14,0.41,12.4,6,1
6.4,0.31,0.53,8.8,0.057,36.0,221.0,0.99642,3.17,0.44,,5,1
4.453630113108672,0.16,0.34,6.1,0.034,31.0,114.0,0.99365,3.32,0.58,10.15,7,1
6.0,-1.8270552807559666,0.33,6.0,0.036,30.0,111.0,0.99362,3.32,0.58,10.15,7,1
11.175246843479083,-0.026510407779428757,0.33,1.2,0.049,12.0,117.0,0.99134,3.46,0.44,11.5,5,1
4.865820780378044,0.285,0.49,11.4,0.035,57.0,137.0,0.99732,3.08,0.54,8.9,6,1
4.9,0.335,0.14,1.3,0.036,69.0,168.0,0.99212,3.47,0.46,,5,1
4.365123934032626,-1.2130166909124376,0.14,1.3,0.036,69.0,168.0,0.99212,3.47,0.46,,5,1
6.0,-1.7698462779871458,0.52,6.2,0.028,37.0,104.0,0.99161,3.28,0.51,11.8,7,1
7.960142231491944,0.35,0.29,3.2,0.034,41.0,151.0,0.9912,3.35,0.58,,7,1
1.9868225751081647,0.21,0.37,4.5,0.04,58.0,140.0,0.99332,3.29,0.62,10.6,6,1
6.5,1.9536985813844647,0.32,9.9,0.045,41.0,128.0,0.99636,3.18,0.52,9.6,6,1
8.13388405438095,1.668478138437773,0.52,6.2,0.028,37.0,104.0,0.99161,3.28,0.51,11.8,7,1
6.6,0.285,0.49,11.4,0.035,57.0,137.0,0.99732,3.08,0.54,8.9,6,1
4.7,0.335,0.14,1.3,0.036,69.0,168.0,0.99212,3.47,0.46,10.5,5,1
8.550041198493808,0.63,0.04,1.3,0.058,25.0,133.0,0.99271,3.17,0.39,,4,1
5.6,0.27,0.37,0.9,0.025,11.0,49.0,0.98845,3.29,0.33,13.1,6,1
10.607975954113497,0.9187802082805763,0.33,0.7,0.027,15.0,66.0,0.9899,3.11,0.31,11.8,6,1
9.170133509030423,0.33,0.32,1.0,0.041,39.0,120.0,0.99004,3.06,0.37,12.2,6,1
9.899935058632714,2.689463353032318,0.34,1.0,0.036,52.0,184.0,0.99097,3.44,0.44,11.45,6,1
7.2,0.26,0.32,10.4,0.062,23.0,114.0,0.9966,3.23,0.49,10.5,5,1
6.8,-1.3389220583859553,0.04,1.3,0.058,25.0,133.0,0.99271,3.17,0.39,,4,1
6.7,-3.123677705175704,0.32,12.5,0.035,18.0,156.0,0.99666,2.88,0.36,,6,1
6.7,-1.4070010226821152,0.32,12.5,0.035,18.0,156.0,0.99666,2.88,0.36,9.0,6,1
6.368734298474769,-1.6139083150453126,0.32,12.5,0.035,18.0,156.0,0.99666,2.88,0.36,9.0,6,1
6.7,0.16,0.32,12.5,0.035,18.0,156.0,0.99666,2.88,0.36,9.0,6,1
6.9,0.19,0.31,19.25,0.043,38.0,167.0,0.99954,2.93,0.52,,7,1
6.0,0.36,0.32,1.1,0.053,26.0,173.0,0.99414,3.38,0.54,8.8,5,1
6.7,0.16,0.32,12.5,0.035,18.0,156.0,0.99666,2.88,0.36,9.0,6,1
6.9,0.19,0.31,19.25,0.043,38.0,167.0,0.99954,2.93,0.52,9.1,7,1
4.111989043878818,-5.80386836814108,0.32,9.0,0.032,29.0,113.0,0.99188,3.13,0.65,12.9,7,1
6.1,0.15,0.4,1.2,0.03,19.0,84.0,0.98926,3.19,0.96,13.0,6,1
6.7,-1.2867059186409122,0.32,9.0,0.032,29.0,113.0,0.99188,3.13,0.65,,7,1
7.0,3.5845516655466754,0.74,1.3,0.173,34.0,121.0,0.99334,3.04,0.46,9.2,6,1
13.129956242250087,2.702560291853587,0.33,12.8,0.041,60.0,168.0,0.99659,3.1,0.56,9.8,5,1
6.8,1.8755515708682402,0.33,12.8,0.041,60.0,168.0,0.99659,3.1,0.56,9.8,5,1
1.8199131534340998,0.69,0.09,7.6,0.044,34.0,144.0,0.9948,3.26,0.38,10.1,6,1
6.4,1.0848541297109375,0.09,7.6,0.044,34.0,144.0,0.9948,3.26,0.38,10.1,6,1
5.9,4.466695578426094,0.28,1.4,0.037,36.0,83.0,0.99074,3.33,0.42,10.9,7,1
2.0204607633785763,0.36,0.5,8.3,0.053,51.0,202.0,0.9955,3.2,0.51,9.6,6,1
5.7,-2.9105036846038836,0.16,9.0,0.053,32.0,111.0,0.99474,3.36,0.37,10.4,6,1
7.795384121526493,0.22,0.4,1.85,0.031,25.0,111.0,0.98966,3.03,0.3,11.8,7,1
5.6,-2.6894813658885997,0.16,12.55,0.051,31.0,115.0,0.99564,3.4,0.38,10.8,6,1
7.2,0.33,0.28,1.4,0.034,26.0,109.0,0.99246,3.28,0.57,,6,1
10.77495814453205,0.21,0.31,1.8,0.033,45.0,142.0,0.98984,3.35,0.5,12.7,6,1
5.4,3.702885821065599,0.31,4.0,0.03,27.0,108.0,0.99031,3.3,0.43,12.2,7,1
5.9686525377424955,0.205,0.16,12.55,0.051,31.0,115.0,0.99564,3.4,0.38,10.8,6,1
5.7,0.27,0.16,9.0,0.053,32.0,111.0,0.99474,3.36,0.37,10.4,6,1
6.4,0.362814690516126,0.28,3.0,0.04,19.0,98.0,0.99216,3.25,0.47,11.1,6,1
9.097911099106618,0.22,0.4,1.85,0.031,25.0,111.0,0.98966,3.03,0.3,,7,1
6.7,0.15,0.32,7.9,0.034,17.0,81.0,0.99512,3.29,0.31,10.0,6,1
5.5,-1.6985349211325356,0.38,2.6,0.033,10.0,69.0,0.9909,3.12,0.59,10.8,6,1
4.8,1.8807738802694105,0.38,1.2,0.074,47.0,130.0,0.99132,3.31,0.4,10.3,6,1
5.2,-1.0754008850639551,0.15,7.1,0.043,32.0,134.0,0.99378,3.24,0.48,9.9,6,1
6.7,0.15,0.32,7.9,0.034,17.0,81.0,0.99512,3.29,0.31,10.0,6,1
6.6,0.27,0.32,1.3,0.044,18.0,93.0,0.99044,3.11,0.56,12.25,5,1
0.11259181758412407,0.32,0.33,10.7,0.036,27.0,98.0,0.99521,3.34,0.52,,6,1
4.501365113456589,0.25,0.28,7.7,0.053,37.0,132.0,0.99489,3.06,0.5,9.4,6,1
6.4,-2.0925764864182046,0.46,8.4,0.05,58.0,180.0,0.99495,3.18,0.46,9.7,6,1
0.4781565785702222,0.32,0.33,10.7,0.036,27.0,98.0,0.99521,3.34,0.52,10.2,6,1
6.9,0.31,0.33,12.7,0.038,33.0,116.0,0.9954,3.04,0.65,,6,1
8.64123287468598,0.48,0.48,1.8,0.035,35.0,96.0,0.99121,3.49,0.74,12.2,6,1
6.0,-2.3460554386012706,0.28,7.7,0.053,37.0,132.0,0.99489,3.06,0.5,,6,1
7.2,1.1746480830780486,0.31,10.5,0.035,36.0,122.0,0.99478,3.12,0.4,10.6,6,1
6.8,0.9374464898919874,0.43,1.6,0.05,4.0,65.0,0.99346,3.27,0.47,10.7,5,1
3.258306020232957,0.3,0.6,1.85,0.048,13.0,106.0,0.99331,3.24,0.49,11.85,5,1
5.3,0.31,0.38,10.5,0.031,53.0,140.0,0.99321,3.34,0.46,,6,1
5.3,4.8602402999678525,0.38,10.5,0.031,53.0,140.0,0.99321,3.34,0.46,11.7,6,1
5.2,-0.6852677398045086,0.22,1.0,0.03,47.0,123.0,0.99218,3.55,0.44,10.15,6,1
5.5,-0.7614483463937372,0.31,1.2,0.026,31.0,68.0,0.9898,3.33,0.44,11.6333333333333,6,1
6.0,0.17,0.36,1.7,0.042,14.0,61.0,0.99144,3.22,0.54,10.8,6,1
2.1665434619020587,0.16,0.36,1.6,0.042,13.0,61.0,0.99143,3.22,0.54,10.8,6,1
6.1,4.558900591580748,0.32,9.0,0.031,41.0,134.0,0.99234,3.25,0.26,,7,1
7.042075614884208,0.3,0.25,1.9,0.029,33.0,118.0,0.98972,3.36,0.66,,6,1
8.685473056053189,3.116940379832772,0.31,1.2,0.026,31.0,68.0,0.9898,3.33,0.44,11.65,6,1
6.0,0.32,0.46,1.5,0.05,56.0,189.0,0.99308,3.24,0.49,,5,1
6.1,0.27,0.31,3.9,0.034,42.0,137.0,0.99218,3.24,0.46,10.9,6,1
6.0,0.7046949112882175,0.32,3.6,0.035,36.0,133.0,0.99215,3.23,0.46,10.8,6,1
6.0,0.14,0.37,1.2,0.032,63.0,148.0,0.99185,3.32,0.44,11.2,5,1
5.0,0.24,0.19,5.0,0.043,17.0,101.0,0.99438,3.67,0.57,10.0,5,1
5.623095675312349,0.26,0.25,2.9,0.047,289.0,440.0,0.99314,3.44,0.64,10.5,3,1
6.3,0.23,0.5,10.4,0.043,61.0,132.0,0.99542,2.86,0.46,9.1,6,1
5.6,0.26,0.5,11.4,0.029,25.0,93.0,0.99428,3.23,0.49,10.5,6,1
6.1,-4.343038167743932,0.24,18.35,0.05,33.0,184.0,0.99943,3.12,0.61,9.3,5,1
6.2,0.35,0.25,18.4,0.051,28.0,182.0,0.99946,3.13,0.62,9.3,6,1
6.0,0.14,0.37,1.2,0.032,63.0,148.0,0.99185,3.32,0.44,11.2,5,1
7.3,-2.075564346849698,0.62,7.1,0.033,48.0,185.0,0.99472,3.14,0.62,10.6,6,1
5.1,0.25,0.36,1.3,0.035,40.0,78.0,0.9891,3.23,0.64,12.1,7,1
5.5,0.16,0.26,1.5,0.032,35.0,100.0,0.99076,3.43,0.77,12.0,6,1
6.4,-2.972284392163209,0.35,10.2,0.043,40.0,106.0,0.99632,3.16,0.5,,6,1
8.310517512325529,0.29,0.73,2.2,0.027,21.0,92.0,0.99,3.12,0.48,,6,1
6.0,0.48935533069810755,0.26,3.5,0.035,38.0,111.0,0.98872,3.18,0.47,13.6,7,1
7.6133645006192765,0.38,0.26,3.5,0.035,38.0,111.0,0.98872,3.18,0.47,,7,1
6.5,0.2,0.35,3.9,0.04,27.0,140.0,0.99102,2.98,0.53,11.8,6,1
6.6,-1.3550233436246326,0.26,7.4,0.052,45.0,128.0,0.99388,3.16,0.37,10.0,6,1
6.6,0.17,0.26,7.4,0.052,45.0,128.0,0.99388,3.16,0.37,,6,1
5.553719421672584,4.958714678526899,0.27,11.0,0.035,46.0,116.0,0.99602,3.12,0.38,9.1,6,1
5.9,0.48,0.3,1.5,0.037,19.0,78.0,0.99057,3.47,0.42,11.9,7,1
5.3,0.4,0.25,3.9,0.031,45.0,130.0,0.99072,3.31,0.58,11.75,7,1
2.6158835513412537,-4.454311641322026,0.29,5.4,0.046,34.0,116.0,0.99224,3.24,0.41,11.4,6,1
5.2,0.3,0.34,1.5,0.038,18.0,96.0,0.98942,3.56,0.48,13.0,8,1
8.094674220653928,-3.1640191507381386,0.25,5.0,0.055,28.0,138.0,0.99171,3.27,0.5,12.4,8,1
6.6,0.19,0.25,1.2,0.052,34.0,181.0,0.99352,3.3,0.42,,7,1
8.639287072325248,0.27,0.3,13.0,0.047,69.0,160.0,0.99705,3.16,0.5,9.6,6,1
6.8,0.27,0.3,13.0,0.047,69.0,160.0,0.99705,3.16,0.5,9.6,6,1
6.8,1.0038863546395553,0.3,13.0,0.047,69.0,160.0,0.99705,3.16,0.5,9.6,6,1
6.8,0.27,0.3,13.0,0.047,69.0,160.0,0.99705,3.16,0.5,,6,1
9.082073209270776,0.28,0.45,8.6,0.057,47.0,223.0,0.99654,3.16,0.51,9.1,5,1
5.2,0.21,0.31,1.7,0.048,17.0,61.0,0.98953,3.24,0.37,12.0,7,1
7.1,0.24,0.34,1.2,0.045,6.0,132.0,0.99132,3.16,0.46,11.2,4,1
5.936199272236692,0.27,0.4,1.2,0.076,42.0,124.0,0.99204,3.32,0.47,10.1,6,1
2.294500259562021,1.8343081492925095,0.4,1.2,0.076,47.0,130.0,0.99185,3.13,0.45,10.3,6,1
7.971020484107541,-7.491408692687525,0.32,2.0,0.034,31.0,102.0,0.98952,3.16,0.56,12.3,6,1
5.8,0.315,0.19,19.4,0.031,28.0,106.0,0.99704,2.97,0.4,10.55,6,1
5.995856759314976,-4.616230477495731,0.0,0.8,0.037,30.0,95.0,0.99032,3.1,0.4,10.9,4,1
5.8,0.3,0.09,6.3,0.042,36.0,138.0,0.99382,3.15,0.48,9.7,5,1
5.6,0.3,0.1,6.4,0.043,34.0,142.0,0.99382,3.14,0.48,9.8,5,1
6.7,0.3,0.5,12.1,0.045,38.0,127.0,0.9974,3.04,0.53,8.9,6,1
6.7,0.3,0.5,12.1,0.045,38.0,127.0,0.9974,3.04,0.53,,6,1
6.4,0.31,0.31,12.9,0.045,55.0,161.0,0.99546,3.02,0.59,10.2,5,1
5.451787667029971,0.25,0.29,2.4,0.038,28.0,76.0,0.99088,3.01,0.36,11.7,7,1
4.4,0.32,0.39,4.3,0.03,31.0,127.0,0.98904,3.46,0.36,12.8,8,1
3.016092488418863,-0.5658110794218428,0.4,4.2,0.03,29.0,118.0,0.989,3.57,0.36,12.8,8,1
4.329228464828861,4.378130894454903,0.31,12.9,0.045,55.0,161.0,0.99546,3.02,0.59,,5,1
5.5,6.2832826556509085,0.33,1.7,0.037,24.0,118.0,0.98758,3.15,0.39,13.55,6,1
8.866531336563288,0.3,0.42,2.2,0.036,28.0,128.0,0.9901,3.13,0.38,11.6,6,1
2.4456557992599395,-0.9434924704890777,0.5,12.1,0.045,38.0,127.0,0.9974,3.04,0.53,8.9,6,1
4.7,0.785,0.0,3.4,0.036,23.0,134.0,0.98981,3.53,0.92,13.8,6,1
3.019542195580745,0.31,0.32,7.4,0.175,47.0,159.0,0.9952,3.19,0.5,9.4,6,1
5.013681345984915,-0.19194093226124848,0.3,7.3,0.174,46.0,159.0,0.99519,3.18,0.49,,5,1
6.4,0.105,0.29,1.1,0.035,44.0,140.0,0.99142,3.17,0.55,10.7,7,1
6.4,-2.4055972718539285,0.29,1.1,0.035,44.0,140.0,0.99142,3.17,0.55,10.7,7,1
5.7,0.33,0.32,1.4,0.043,28.0,93.0,0.9897,3.31,0.5,12.3,6,1
10.741252544717,0.32,0.19,14.5,0.042,37.0,115.0,0.99684,3.16,0.43,10.3,5,1
6.2,2.1596191996583665,0.2,8.0,0.047,35.0,111.0,0.99445,3.11,0.42,,6,1
6.0,4.785588753481792,0.33,1.1,0.039,45.0,126.0,0.99051,3.31,0.45,11.6,7,1
9.562841647278546,0.105,0.29,1.1,0.035,44.0,140.0,0.99142,3.17,0.55,10.7,7,1
0.8774775902583238,4.048062212140149,0.34,2.2,0.037,24.0,125.0,0.98986,3.36,0.33,12.8,8,1
10.454041266257459,0.31,0.5,5.8,0.038,42.0,111.0,0.99189,3.18,0.53,,7,1
6.0,0.35,0.46,0.9,0.033,9.0,65.0,0.98934,3.24,0.35,12.1,4,1
9.148260650951052,0.17299816203375068,0.34,6.4,0.034,26.0,99.0,0.99449,3.23,0.41,9.2,6,1
6.6,-2.2355951154056735,0.09,10.9,0.051,37.0,131.0,0.99566,2.93,0.62,9.5,6,1
6.0,0.1945910129294623,0.3,7.3,0.039,39.0,104.0,0.99252,2.91,0.57,11.0,6,1
3.777975021932071,0.35,0.67,8.3,0.053,10.0,100.0,0.9959,3.19,0.5,,5,1
6.0,0.26,0.24,1.3,0.053,66.0,150.0,0.9924,3.21,0.62,10.4,6,1
-2.164374811789335,4.517360113300732,0.4,3.3,0.054,29.0,147.0,0.99482,3.42,0.52,9.1,5,1
6.783335132958273,0.17,0.42,1.0,0.075,19.0,71.0,0.99103,3.32,0.62,,6,1
5.1,0.26,0.33,1.1,0.027,46.0,113.0,0.98946,3.35,0.43,11.4,7,1
5.8,0.36,0.5,1.0,0.127,63.0,178.0,0.99212,3.1,0.45,,5,1
5.7,-0.801551295039855,0.35,5.1,0.026,17.0,113.0,0.99052,3.18,0.67,12.4,6,1
6.2,-4.68628708804326,0.01,3.2,0.041,18.0,120.0,0.99026,3.2,0.94,13.7,7,1
9.467273227899465,-0.6700277599524036,0.2,12.6,0.032,54.0,136.0,0.99516,2.91,0.43,,6,1
5.8,0.385,0.25,3.7,0.031,38.0,122.0,0.99128,3.2,0.63,,6,1
10.773785909400607,0.27,0.4,1.7,0.021,18.0,82.0,0.9891,3.24,0.95,13.1333333333333,6,1
5.7,-0.4370772604650174,0.35,5.1,0.026,17.0,113.0,0.99052,3.18,0.67,12.4,6,1
5.8,-5.103894483808492,0.5,1.0,0.127,63.0,178.0,0.99212,3.1,0.45,9.7,5,1
4.3875182069162495,0.24,0.47,1.3,0.043,18.0,131.0,0.99176,3.19,0.45,11.0,6,1
6.8,0.9261119959949571,0.48,1.5,0.036,35.0,165.0,0.99162,3.18,0.45,,6,1
6.5,0.28,0.34,4.6,0.054,22.0,130.0,0.99193,3.2,0.46,12.0,7,1
6.4,0.23,0.35,10.3,0.042,54.0,140.0,0.9967,3.23,0.47,,5,1
11.255937313988897,1.8580139897661936,0.29,6.1,0.046,29.0,134.0,0.99462,3.48,0.57,10.7,6,1
-0.6837971874501036,0.34,0.29,6.1,0.046,29.0,134.0,0.99462,3.48,0.57,10.7,6,1
5.595848158512137,5.79967784445493,0.33,1.2,0.036,36.0,86.0,0.99058,3.1,0.76,,6,1
5.1483679923527585,0.23,0.35,10.3,0.042,54.0,140.0,0.9967,3.23,0.47,9.2,5,1
6.0,-3.677130870529338,0.33,9.9,0.032,22.0,90.0,0.99258,3.1,0.43,12.1,7,1
9.257011074772908,0.29,0.27,1.6,0.062,17.0,140.0,0.99138,3.23,0.35,11.1,6,1
5.8,0.38,0.26,1.1,0.058,20.0,140.0,0.99271,3.27,0.43,,6,1
5.9,2.5115642938662917,0.26,1.5,0.057,17.0,141.0,0.9917,3.24,0.36,10.7,5,1
9.49490739781934,0.33,0.28,1.2,0.031,33.0,97.0,0.99126,3.49,0.58,,6,1
5.9,0.37,0.3,1.5,0.033,35.0,95.0,0.98986,3.36,0.56,,7,1
5.6,0.295,0.26,1.1,0.035,40.0,102.0,0.99154,3.47,0.56,,6,1
9.562670966300185,3.40050845352763,0.36,11.5,0.096,18.0,92.0,0.99642,3.11,0.49,9.6,5,1
6.5,1.8388627928059293,0.38,7.8,0.031,54.0,216.0,0.99154,3.03,0.42,,6,1
1.248349853762316,-2.7454048985323736,0.24,7.4,0.038,28.0,114.0,0.99313,3.38,0.51,,6,1
5.2,0.405,0.15,1.45,0.038,10.0,44.0,0.99125,3.52,0.4,11.6,4,1
6.8,0.34,0.36,8.9,0.029,44.0,128.0,0.99318,3.28,0.35,11.95,7,1
5.7,-2.974780042227535,0.25,1.1,0.05,97.0,175.0,0.99099,3.44,0.62,11.1,6,1
6.2,0.28,0.57,1.0,0.043,50.0,92.0,0.99004,3.17,0.36,11.5,6,1
5.6,0.6315902568514447,0.25,2.5,0.046,47.0,182.0,0.99093,3.21,0.4,11.3,5,1
4.8,0.29,0.23,1.1,0.044,38.0,180.0,0.98924,3.28,0.34,11.9,6,1
9.187857095396765,0.38,0.29,2.4,0.136,15.0,93.0,0.99336,3.18,0.6,9.5,5,1
6.627125905780475,0.3,0.3,2.3,0.048,40.0,150.0,0.98944,3.29,0.46,12.2,6,1
4.4,0.54,0.09,5.1,0.038,52.0,97.0,0.99022,3.41,0.4,12.2,7,1
7.0,0.6305329795388759,0.35,2.5,0.048,67.0,161.0,0.99146,3.05,0.56,11.1,6,1
6.4,0.33,0.44,8.9,0.055,52.0,164.0,0.99488,3.1,0.48,,5,1
7.0,0.36,0.35,2.5,0.048,67.0,161.0,0.99146,3.05,0.56,11.1,6,1
1.3862968441612278,-1.348301473886119,0.44,8.9,0.055,52.0,164.0,0.99488,3.1,0.48,9.6,5,1
-0.0010414864050609651,0.23,0.38,1.6,0.044,12.0,113.0,0.99176,3.3,0.73,11.4,5,1
5.2,0.25,0.23,1.4,0.047,20.0,77.0,0.99001,3.32,0.62,11.4,5,1
9.313967870062328,0.35,0.29,3.9,0.041,22.0,79.0,0.99005,3.1,0.59,12.0666666666667,6,1
7.1,0.23,0.39,13.7,0.058,26.0,172.0,0.99755,2.9,0.46,9.0,6,1
7.1,4.104911040599767,0.39,13.7,0.058,26.0,172.0,0.99755,2.9,0.46,9.0,6,1
7.5,0.38,0.33,9.2,0.043,19.0,116.0,0.99444,3.08,0.42,11.4,6,1
6.4,-0.8522547474761814,0.51,7.8,0.055,53.0,177.0,0.99502,3.12,0.45,9.6,5,1
6.0,-5.251102232357111,0.34,7.6,0.045,25.0,118.0,0.99222,3.03,0.37,11.0,6,1
6.0,0.52,0.33,7.7,0.046,24.0,119.0,0.99224,3.04,0.38,,6,1
4.959702097062267,-0.36216954351451197,0.29,3.0,0.027,16.0,102.0,0.99067,3.23,0.56,,6,1
5.9,1.6608200447371175,0.3,1.3,0.052,42.0,86.0,0.99069,3.31,0.47,11.55,6,1
6.2,0.36,0.32,4.0,0.036,44.0,92.0,0.98936,3.2,0.5,13.3,7,1
2.144453722635374,1.4358834561831375,0.23,1.1,0.066,22.0,148.0,0.99266,3.3,0.47,9.63333333333333,5,1
6.2,0.355,0.35,2.0,0.046,31.0,95.0,0.98822,3.06,0.46,13.6,6,1
5.7,0.41,0.21,1.9,0.048,30.0,112.0,0.99138,3.29,0.55,,6,1
4.675484213873694,0.6,0.34,1.4,0.031,3.0,60.0,0.98854,3.27,0.38,13.0,6,1
5.8,1.2326677614198387,0.31,4.5,0.046,42.0,124.0,0.99324,3.31,0.64,10.8,6,1
6.6,0.24,0.33,10.1,0.032,8.0,81.0,0.99626,3.19,0.51,9.8,6,1
6.1,0.32,0.28,6.6,0.021,29.0,132.0,0.99188,3.15,0.36,11.45,7,1
5.0,0.2,0.4,1.9,0.015,20.0,98.0,0.9897,3.37,0.55,,6,1
6.0,4.901967043070033,0.41,12.4,0.032,50.0,179.0,0.99622,3.14,0.6,9.7,5,1
5.7,-3.134371715106373,0.32,1.6,0.03,33.0,122.0,0.99044,3.33,0.52,11.9,6,1
5.6,0.2,0.36,2.5,0.048,16.0,125.0,0.99282,3.49,0.49,10.0,6,1
8.49212324333961,-1.051125045052024,0.26,1.2,0.035,18.0,97.0,0.99245,3.12,0.41,9.7,6,1
5.951446619997359,0.38,0.42,2.5,0.038,34.0,117.0,0.99132,3.36,0.59,11.6,7,1
5.9,0.54,0.0,0.8,0.032,12.0,82.0,0.99286,3.25,0.36,,5,1
6.2,0.53,0.02,0.9,0.035,6.0,81.0,0.99234,3.24,0.35,9.5,4,1
1.9440415406217406,0.34,0.4,8.1,0.046,68.0,170.0,0.99494,3.15,0.5,9.53333333333333,6,1
12.25667071069233,0.34,0.4,8.1,0.046,68.0,170.0,0.99494,3.15,0.5,9.53333333333333,6,1
5.0,0.235,0.27,11.75,0.03,34.0,118.0,0.9954,3.07,0.5,9.4,6,1
5.5,0.32,0.13,1.3,0.037,45.0,156.0,0.99184,3.26,0.38,10.7,5,1
4.9,5.1051621140312085,0.17,1.9,0.035,60.0,148.0,0.98964,3.27,0.35,11.5,6,1
6.5,0.33,0.38,8.3,0.048,68.0,174.0,0.99492,3.14,0.5,9.6,5,1
6.6,0.34,0.4,8.1,0.046,68.0,170.0,0.99494,3.15,0.5,,6,1
6.2,0.21,0.28,5.7,0.028,45.0,121.0,0.99168,3.21,1.08,12.15,7,1
9.212653906963677,-5.492049660892852,0.22,1.9,0.023,5.0,56.0,0.98928,3.04,0.79,13.0,7,1
6.8,0.058916658391691884,0.36,1.2,0.052,38.0,127.0,0.9933,3.04,0.54,,5,1
3.893867644979599,0.235,0.27,11.75,0.03,34.0,118.0,0.9954,3.07,0.5,9.4,6,1
6.1,4.026763345711102,0.29,2.2,0.036,25.0,100.0,0.98938,3.06,0.44,,6,1
4.814716032293138,0.21,0.32,0.9,0.038,38.0,121.0,0.99074,3.24,0.46,10.6,6,1
6.5,0.23,0.38,1.3,0.032,29.0,112.0,0.99298,3.29,0.54,9.7,5,1
6.2,3.8520487528021787,0.29,1.6,0.039,24.0,92.0,0.99114,3.27,0.5,,6,1
7.678462184139528,2.3003491185390588,0.36,8.0,0.047,57.0,168.0,0.9949,3.15,0.46,9.6,5,1
6.5,0.24,0.19,1.2,0.041,30.0,111.0,0.99254,2.99,0.46,9.4,6,1
2.111135812779005,2.3463179052850816,0.3,1.1,0.022,20.0,110.0,0.98869,3.34,0.38,,7,1
6.0,0.21,0.38,0.8,0.02,22.0,98.0,0.98941,3.26,0.32,11.8,6,1
6.3,0.030501393002678623,0.28,3.8,0.038,13.0,74.0,0.9901,4.8263728675844355,0.76,8.7,8,0
6.1,0.33,0.18,2.9,0.036,44.0,28.0,0.9912,4.8263728675844355,0.45,12.0,6,1
5.8,0.3,0.49,2.3,0.05,33.0,196.0,0.991,1.6106288255046821,0.38,9.2,6,0
6.145776113056564,-0.6292788358532209,0.38,1.6,0.076,15.0,117.0,0.99212,4.8263728675844355,1.08,11.8,5,1
12.7,-0.6034254259736552,0.4,4.0,0.043,25.0,95.0,0.9957,1.6106288255046821,0.31,9.3,5,1
5.910114889252935,0.18,0.13,7.1,0.036,18.0,54.0,0.98956,1.6106288255046821,0.5,11.4,5,1
6.0,-2.090037862040609,0.51,6.2,0.054,26.0,8.0,0.99222,4.8263728675844355,0.53,9.9,5,1
7.2,0.16,0.42,18.2,0.079,34.0,130.0,0.99242,4.8263728675844355,0.78,11.2,7,0
9.337952539270375,0.37935203954682983,0.27,7.8,0.084,23.0,172.0,0.99706,1.6106288255046821,0.55,11.2,6,1
6.521428892622828,0.26,0.66,1.4,0.025,59.0,37.0,0.9993,4.8263728675844355,0.34,10.7,5,1
7.4,0.14751179653245272,0.47,3.2,0.09,20.0,62.0,0.98974,1.6106288255046821,0.54,12.2,6,1
9.377496811004841,2.067992434493906,0.07,1.6,0.04,40.0,182.0,0.99638,1.6106288255046821,0.32,11.4,5,1
7.0,-2.8178131983042376,0.49,8.3,0.066,34.0,106.0,1.00241,4.8263728675844355,0.55,12.15,5,1
6.7,0.32,0.26,5.4,0.029,39.0,118.0,0.9958,4.8263728675844355,0.46,9.6,7,1
8.0,0.3,0.41,2.7,0.038,26.0,67.0,0.99738,1.6106288255046821,0.63,10.9,6,1
6.7,0.16,0.23,8.3,0.083,32.0,73.0,0.99586,4.8263728675844355,0.32,10.1,5,1
11.032815049659321,0.19,0.34,1.5,0.044,35.0,93.0,0.99755,4.8263728675844355,0.58,9.8,5,1
14.339319552734322,-3.6504967392073535,0.3,4.2,0.052,21.0,153.0,0.99854,4.8263728675844355,0.44,10.9,7,1
7.8,0.12,0.38,2.0,0.042,48.0,162.0,0.99454,1.6106288255046821,0.43,13.4,7,1
3.777975021932071,0.15,0.09,4.0,0.072,25.0,55.0,0.9932,4.8263728675844355,0.58,10.4,5,1
7.0,0.24,0.36,11.5,0.058,35.0,143.0,0.99054,1.6106288255046821,0.38,12.2,6,0
11.989520500625495,-1.4018806948599074,0.28,1.4,0.047,5.0,238.0,0.9976,1.6106288255046821,0.56,10.8,6,0
6.6,0.36,0.25,1.5,0.091,41.0,128.0,0.99492,1.6106288255046821,0.64,10.4,6,1
9.059632089070098,0.16,0.28,1.8,0.049,29.0,21.0,0.99066,4.8263728675844355,0.38,11.8,6,1
10.363013220748908,0.2,0.63,2.0,0.044,7.0,180.0,0.9963,1.6106288255046821,0.65,9.0,6,0
6.8,-0.028263089678888464,0.14,13.5,0.054,81.0,147.0,0.9903,1.6106288255046821,0.69,9.9,6,1
8.437465461984177,0.37,0.35,5.5,0.051,61.0,98.0,0.9968,1.6106288255046821,0.44,10.6,6,1
6.2,0.49,0.26,2.3,0.079,53.0,28.0,0.9976,4.8263728675844355,0.47,10.4,6,1
6.5,0.34,0.28,2.2,0.095,25.0,193.0,0.9953,4.8263728675844355,0.4,9.4,6,1
11.9,0.05248001166022945,0.4,1.1,0.054,6.0,85.0,0.996,4.8263728675844355,0.66,12.3,6,1
12.595089736143782,3.079147060409732,0.37,11.6,0.046,32.0,19.0,0.99713,4.8263728675844355,0.54,9.0,5,0
6.8,0.3,0.3,1.8,0.095,15.0,103.0,0.9979,1.6106288255046821,0.45,10.9,5,0
6.6,2.5808229224746517,0.01,2.9,0.043,31.0,144.0,0.9928,1.6106288255046821,0.6,9.8,6,1
4.9,0.4,0.49,7.2,0.026,20.0,59.0,0.9932,4.8263728675844355,0.37,10.1,5,1
11.2,0.33,0.37,4.5,0.05,19.0,55.0,0.9917,1.6106288255046821,0.5,10.5,5,1
8.2,0.54,0.01,7.1,0.066,28.0,119.0,0.98869,1.6106288255046821,0.63,10.8,6,1
7.471172474978612,0.6,0.45,7.0,0.072,22.0,109.0,0.99376,4.8263728675844355,0.57,10.8,6,1
6.2,0.08,0.3,4.6,0.048,9.0,148.0,0.9918,4.8263728675844355,0.54,10.3,5,0
6.6,0.31,0.31,6.9,0.046,49.0,169.0,0.9926,1.6106288255046821,0.82,9.53333333333333,6,1
9.7,0.255,0.33,2.0,0.054,34.0,159.0,0.9973,4.8263728675844355,0.45,9.4,5,1
6.5,-2.004224497887636,0.31,12.85,0.16,45.0,12.0,0.9944,4.8263728675844355,0.45,12.6,5,1
4.682300045136285,0.24,0.12,1.7,0.028,21.0,180.0,0.99471,1.6106288255046821,0.61,12.3,6,1
6.7,0.63,0.24,1.6,0.087,52.0,171.0,0.999,1.6106288255046821,0.44,11.2,5,1
3.395207946668222,0.26,0.28,15.6,0.034,26.0,11.0,0.99685,4.8263728675844355,0.45,9.8,7,0
6.7,-1.8242642538494604,0.26,0.8,0.078,31.0,122.0,0.9968,4.8263728675844355,0.59,12.5,6,0
9.4,0.96,0.46,12.1,0.037,11.0,92.0,0.99354,4.8263728675844355,0.53,10.8,6,1
6.2,-0.29007846132140813,0.0,1.1,0.027,36.0,111.0,0.99702,1.6106288255046821,0.47,9.2,6,0
5.869168356335987,4.9051073247375605,0.28,2.7,0.061,32.0,158.0,0.9928,1.6106288255046821,0.6,9.5,6,1
7.2,0.421059033235881,0.68,12.9,0.04,40.0,176.0,0.99754,1.6106288255046821,0.53,10.8,6,1
11.456220479247332,0.37,0.35,17.3,0.071,16.0,195.0,0.9971,4.8263728675844355,0.43,9.8,5,1
5.934765031803391,0.25,0.3,7.4,0.047,32.0,86.0,0.9944,4.8263728675844355,0.51,10.8,5,1
6.1,0.21,0.26,2.1,0.039,42.0,146.0,0.99365,4.8263728675844355,0.49,12.4,6,1
8.9,0.25,0.23,1.4,0.097,4.0,87.0,0.99204,4.8263728675844355,0.43,9.4,6,0
2.4171601511209833,0.22,0.28,7.2,0.051,13.0,45.0,0.99606,4.8263728675844355,0.47,11.7,7,0
9.377774654934617,-0.7682081949015732,0.39,11.8,0.048,29.0,18.0,0.99907,1.6106288255046821,0.86,13.4,6,0
8.2,0.25,0.24,1.7,0.084,5.0,150.0,0.9969,4.8263728675844355,0.6,10.8,5,1
6.1,0.33,0.49,3.0,0.046,29.0,18.0,0.99531,4.8263728675844355,0.6,11.8,6,1
7.6,0.38,0.34,1.4,0.033,74.0,72.0,0.99116,4.8263728675844355,0.36,10.6,4,1
8.19000233715347,0.23,0.28,2.1,0.086,3.0,100.0,0.993,4.8263728675844355,0.54,9.6,5,1
6.0,-5.875016718628608,0.49,1.8,0.071,34.0,61.0,0.99324,4.8263728675844355,0.51,9.2,5,1
6.5,0.83,0.34,1.2,0.048,7.0,46.0,0.9939,1.6106288255046821,0.66,9.2,7,0
14.213247797649846,0.445,0.38,1.2,0.035,45.0,131.0,0.9994,4.8263728675844355,0.54,9.7,4,0
5.796199279198603,1.9178737188598387,0.26,2.4,0.062,15.0,174.0,0.99216,4.8263728675844355,0.46,12.3,6,1
6.7,-1.6051314845246707,0.53,8.75,0.119,58.0,33.0,0.99299,4.8263728675844355,0.52,11.0,5,0
10.77495814453205,0.27,0.22,8.0,0.066,13.0,27.0,0.98924,1.6106288255046821,0.4,9.8,5,1
13.0,1.8807738802694105,0.0,14.4,0.054,25.0,81.0,0.98974,4.8263728675844355,0.57,9.3,5,1
7.2,-1.6972607415449832,0.48,2.2,0.058,10.0,98.0,0.99297,1.6106288255046821,0.4,9.3,8,0
7.9,0.2,0.26,1.6,0.043,15.0,32.0,0.99043,1.6106288255046821,0.4,9.5,6,0
7.5,3.5601228661964806,0.3,15.5,0.082,42.0,178.0,0.9976,1.6106288255046821,0.54,11.4,6,1
8.1,-0.4836756965159621,0.49,7.0,0.05,9.0,112.0,0.99174,4.8263728675844355,0.46,9.7,6,0
13.662471733767486,0.16,0.2,3.7,0.029,24.0,134.0,0.99512,4.8263728675844355,0.77,9.2,7,0
7.9,-2.3751477115940123,0.34,1.2,0.066,14.0,110.0,0.9967,4.8263728675844355,0.66,9.4,5,1
6.8,0.3,0.34,16.7,0.038,8.0,197.0,0.99538,1.6106288255046821,0.37,11.4,6,1
6.6,0.2,0.38,2.3,0.052,11.0,15.0,0.99659,1.6106288255046821,0.7,9.5,7,0
7.2,-4.676954360137521,0.31,1.9,0.045,29.0,146.0,0.9895,1.6106288255046821,0.53,11.6,6,1
7.349927924119787,-5.921612234470365,0.24,1.9,0.038,6.0,60.0,0.9908,1.6106288255046821,0.67,11.0,4,1
9.775743161203135,-3.123677705175704,0.18,1.1,0.044,10.0,28.0,0.99224,4.8263728675844355,0.56,10.1,6,1
5.416944695821124,0.735,0.31,9.9,0.058,30.0,35.0,0.9987,1.6106288255046821,0.53,11.0,6,1
7.6,0.35,0.26,10.7,0.052,22.0,153.0,0.9939,4.8263728675844355,0.52,9.2,6,1
7.4,2.2362449538356772,0.3,18.05,0.043,7.0,142.0,0.9932,4.8263728675844355,0.53,9.5,5,1
6.6,0.28,0.29,1.8,0.048,61.0,238.0,0.9953,1.6106288255046821,0.52,10.8,5,1
7.5,0.415,0.37,2.0,0.057,6.0,13.0,0.99839,1.6106288255046821,0.43,12.8,6,1
8.8,0.4,0.49,7.4,0.089,36.0,88.0,0.9937,1.6106288255046821,0.45,9.0,6,1
7.1,0.31,0.32,1.1,0.051,39.0,23.0,0.9932,4.8263728675844355,0.48,10.6,5,1
6.6,-1.7845428904847445,0.14,2.1,0.046,20.0,229.0,0.9948,1.6106288255046821,0.47,9.9,4,1
9.719097669305551,1.3252524163272659,0.43,19.5,0.034,27.0,29.0,0.9951,4.8263728675844355,0.37,12.8,4,1
9.2,4.878443730259098,0.74,5.8,0.092,27.0,294.0,0.9906,1.6106288255046821,0.54,10.9,6,1
7.5,0.3,0.26,1.6,0.051,31.0,157.0,0.99459,1.6106288255046821,0.38,13.0,5,0
6.6,-0.0298256602044652,0.28,10.7,0.038,29.0,102.0,0.9954,1.6106288255046821,0.73,10.2,6,1
5.7,0.28,0.18,1.6,0.084,33.0,91.0,0.99784,4.8263728675844355,0.49,11.2,6,1
5.7,5.198687695691855,0.24,1.6,0.068,4.0,294.0,0.99659,4.8263728675844355,0.47,12.4,5,0
8.0,1.1625512832212697,0.3,2.2,0.083,11.0,121.0,0.9962,1.6106288255046821,0.54,9.0,5,1
6.2,-1.793520212333184,0.32,1.0,0.092,67.0,171.0,0.99761,4.8263728675844355,0.52,10.9,6,1
2.9885523804605985,3.6395518587514166,0.31,8.0,0.016,30.0,61.0,0.99268,1.6106288255046821,0.9,12.5,5,1
6.2,0.82,0.27,7.9,0.048,23.0,29.0,0.99518,4.8263728675844355,0.48,11.8,5,1
7.2,2.5633233204911083,0.04,1.9,0.036,13.0,245.0,0.993,4.8263728675844355,0.71,9.6,6,0
6.4,0.23,0.38,1.7,0.032,39.0,114.0,0.99573,4.8263728675844355,0.46,11.9,6,1
6.8,-2.31510771070024,0.28,1.0,0.073,49.0,159.0,0.99185,4.8263728675844355,0.4,9.1,5,0
6.8,0.26,0.3,2.0,0.014,14.0,147.0,0.9975,1.6106288255046821,0.5,9.4,6,1
4.390847913025288,0.32,0.35,8.7,0.05,54.0,87.0,0.994,1.6106288255046821,0.46,11.9,6,1
10.37818827147126,0.16,0.32,1.4,0.036,29.0,118.0,1.0006,1.6106288255046821,1.13,11.5,5,1
6.7,0.31,0.17,1.8,0.049,41.0,126.0,0.9948,1.6106288255046821,0.48,11.3,6,1
7.7,-1.3177553915828204,0.23,10.7,0.038,47.0,173.0,0.99021,1.6106288255046821,0.59,10.0,8,1
2.998819457315106,0.3,0.19,9.9,0.078,52.0,130.0,0.99562,1.6106288255046821,0.35,12.4,6,1
7.8,-1.972942558732134,0.47,1.7,0.032,52.0,16.0,0.9988,4.8263728675844355,0.55,12.8,5,1
8.58439924556697,0.9114072555778702,0.45,7.0,0.048,40.0,25.0,0.9942,1.6106288255046821,0.59,12.7,6,1
8.0,-2.146228809562635,0.25,4.7,0.041,9.0,55.0,0.9933,4.8263728675844355,0.33,10.5,6,0
5.2698326810054015,0.645,0.4,1.8,0.092,42.0,95.0,0.9928,4.8263728675844355,0.38,10.15,6,1
7.160601520589763,0.27,0.28,13.15,0.051,9.0,98.0,0.9976,1.6106288255046821,0.44,12.9,6,1
7.8130310561140845,0.22,0.33,2.4,0.036,35.0,15.0,0.99276,1.6106288255046821,0.55,11.0,6,1
8.5,0.2335322191752421,0.48,3.5,0.05,37.0,114.0,0.99035,4.8263728675844355,0.78,9.4,6,1
6.525202455735962,0.41,0.42,4.4,0.073,8.0,26.0,0.9934,1.6106288255046821,0.63,10.2,6,0
5.373415462955776,1.4716574132220777,0.74,19.9,0.046,42.0,128.0,0.99954,4.8263728675844355,0.64,9.9,5,1
7.1,0.16,0.54,2.2,0.05,38.0,76.0,0.9896,1.6106288255046821,0.37,10.2,6,1
9.257011074772908,0.23,0.24,1.3,0.06,29.0,136.0,0.9917,4.8263728675844355,0.49,10.8,8,1
6.050314905858991,0.12,0.31,10.7,0.035,53.0,62.0,0.9964,1.6106288255046821,0.52,11.1,7,1
6.5,0.26,0.79,1.8,0.055,48.0,188.0,0.9944,4.8263728675844355,0.86,10.1,6,1
7.4,1.9758316194936718,0.34,7.8,0.062,57.0,138.0,0.9944,1.6106288255046821,0.64,11.7,3,1
3.7608985824540575,0.75,0.28,16.05,0.062,21.0,156.0,0.9965,4.8263728675844355,0.46,10.1,5,1
7.8,-2.8707843533367456,0.34,4.3,0.03,5.0,118.0,0.99316,1.6106288255046821,0.63,10.8,6,1
5.6,0.21,0.28,3.6,0.033,29.0,206.0,0.99672,4.8263728675844355,0.51,11.3,5,1
6.6,5.234914475970413,0.21,1.6,0.062,15.0,17.0,0.98964,4.8263728675844355,0.4,9.8,4,1
4.583023199556537,0.41,0.35,8.0,0.084,29.0,98.0,0.9938,1.6106288255046821,0.59,9.0,5,1
11.37918139750387,-3.846922058908995,0.5,1.2,0.057,6.0,64.0,0.9936,4.8263728675844355,0.56,10.0,5,1
8.2,0.37,0.23,1.4,0.024,11.0,224.0,0.99839,1.6106288255046821,0.25,11.0,6,1
12.315395942085573,-0.8647818607342885,0.33,16.9,0.093,28.0,137.0,0.9974,4.8263728675844355,0.57,9.5,7,1
6.737353624010041,0.19,0.18,1.7,0.065,11.0,189.0,0.9962,1.6106288255046821,0.4,11.5,6,1
7.1,-2.467287977011106,0.41,1.8,0.048,35.0,201.0,0.99545,4.8263728675844355,0.47,9.8,6,1
7.1,0.17,0.34,15.5,0.081,21.0,100.0,0.99299,1.6106288255046821,0.47,9.4,6,1
8.866531336563288,0.23,0.44,2.6,0.047,25.0,49.0,0.98994,4.8263728675844355,0.56,9.2,6,1
8.2,-5.48327542525059,0.2,2.3,0.017,53.0,103.0,0.9908,4.8263728675844355,0.72,10.5,4,1
7.2,0.715,0.17,2.0,0.112,50.0,227.0,0.9968,4.8263728675844355,0.5,9.0,6,1
7.6,0.62,0.27,4.5,0.069,39.0,135.0,0.99738,1.6106288255046821,0.56,10.7,6,0
7.6,0.1268499431181412,0.45,1.6,0.034,16.0,223.0,0.99204,4.8263728675844355,0.49,12.8,8,1
7.27400730258238,0.28,0.31,14.95,0.032,26.0,20.0,0.9925,1.6106288255046821,0.37,11.9,5,1
6.8,0.46,0.42,7.9,0.049,6.0,130.0,0.9953,1.6106288255046821,0.52,9.4,8,1
6.5,0.42,0.43,4.5,0.042,61.0,260.0,0.99441,4.8263728675844355,0.41,9.9,4,1
5.9,0.41,0.25,2.1,0.046,42.0,57.0,0.9907,1.6106288255046821,0.54,10.4,6,1
5.8,-0.4477803686181941,0.28,9.7,0.058,37.0,126.0,0.9938,1.6106288255046821,0.55,8.8,6,1
6.1,0.2,0.28,2.2,0.026,35.0,88.0,0.9906,1.6106288255046821,0.75,9.0,6,1
8.2,0.14,0.38,16.05,0.038,52.0,42.0,0.99528,1.6106288255046821,0.36,9.5,7,1
9.874134089968363,2.2699383391191548,0.33,2.2,0.053,44.0,104.0,0.99594,4.8263728675844355,0.38,9.0,4,1
7.03583552268435,0.27,0.51,2.9,0.081,58.0,45.0,0.99546,4.8263728675844355,0.49,9.8,5,1
8.674468785323793,0.26,0.51,2.1,0.042,50.0,43.0,0.99368,4.8263728675844355,0.5,11.4,7,1
8.4,-5.548931904585445,0.24,1.2,0.152,21.0,74.0,0.9933,4.8263728675844355,0.55,10.8,3,0
6.2,-1.3932294265792617,0.25,2.0,0.042,54.0,94.0,0.9969,1.6106288255046821,0.6,9.3,6,0
7.4,0.26,0.38,8.2,0.092,62.0,87.0,0.99925,1.6106288255046821,0.52,10.3,6,1
11.396133698779547,0.34,0.22,7.9,0.174,29.0,177.0,0.99244,1.6106288255046821,0.39,10.6,5,1
9.9868656776583,-1.254713688855374,0.55,7.8,0.085,39.0,120.0,0.9946,1.6106288255046821,0.46,9.3,5,1
6.1,0.27,0.03,1.8,0.039,10.0,68.0,0.9958,1.6106288255046821,0.5,9.8,7,0
5.040428363816783,0.26,0.2,5.9,0.067,41.0,183.0,0.98993,1.6106288255046821,0.68,9.0,6,0
7.1,0.26,0.58,5.2,0.025,18.0,122.0,0.9912,1.6106288255046821,0.38,12.5,6,0
5.4,0.25,0.5,6.4,0.038,11.0,141.0,0.9974,4.8263728675844355,0.62,10.4,5,1
6.0,0.23,0.55,15.6,0.098,40.0,161.0,0.9914,1.6106288255046821,0.45,10.5,6,1
6.3,5.347552163305582,0.15,1.6,0.094,65.0,82.0,0.99016,4.8263728675844355,0.35,12.1,6,0
7.158869298158088,0.54,0.24,1.6,0.048,3.0,210.0,0.9941,4.8263728675844355,0.4,10.6,5,1
7.5,-2.734013749198879,0.54,2.8,0.047,38.0,101.0,0.9948,1.6106288255046821,0.65,11.4,7,1
8.0,0.5,0.17,8.6,0.035,19.0,178.0,0.9976,4.8263728675844355,0.38,11.9,6,1
6.6,-0.7094881021997395,0.43,2.4,0.052,46.0,72.0,0.99272,1.6106288255046821,0.36,9.4,5,0
11.3,3.041655200189591,0.27,1.7,0.078,31.0,121.0,0.9928,4.8263728675844355,0.54,10.8,6,1
6.5,0.23,0.35,12.7,0.037,41.0,71.0,0.9964,1.6106288255046821,0.4,11.0,5,1
6.4,0.26,0.3,4.5,0.033,31.0,10.0,0.99633,1.6106288255046821,0.52,9.4,6,1
7.2,0.39,0.59,9.2,0.054,39.0,44.0,0.99142,4.8263728675844355,0.56,10.0,5,1
3.2732265694395446,0.26,0.32,9.8,0.057,50.0,180.0,0.99656,4.8263728675844355,0.37,10.2,5,1
18.589385345584915,0.34,0.3,4.6,0.029,3.0,154.0,0.9978,4.8263728675844355,0.58,12.4,5,1
6.3,0.32,0.07,2.0,0.044,22.0,42.0,0.99328,4.8263728675844355,0.4,12.2,8,1
11.193953672688645,0.26,0.01,13.1,0.099,46.0,37.0,0.9958,1.6106288255046821,0.58,10.8,6,1
6.6,0.21,0.29,1.4,0.077,41.0,15.0,0.99405,4.8263728675844355,0.51,11.3333333333333,6,1
5.514674663286467,0.16,0.35,6.5,0.085,29.0,92.0,0.9944,1.6106288255046821,0.46,10.4,7,1
4.204824267929994,0.22,0.39,1.7,0.042,37.0,87.0,0.9978,4.8263728675844355,0.32,11.3,6,1
1.990073099407459,0.27,0.25,1.5,0.112,49.0,237.0,0.9897,4.8263728675844355,0.51,12.2,8,1
10.741252544717,0.54,0.17,5.0,0.047,54.0,99.0,0.9937,4.8263728675844355,0.42,9.7,5,0
10.847843261833173,8.531048030485218,0.6,1.8,0.078,13.0,83.0,0.98981,1.6106288255046821,0.38,9.3,6,1
5.7,0.31,0.32,0.9,0.037,56.0,98.0,0.9931,4.8263728675844355,0.56,11.4,7,1
0.9897758709278346,-5.980392647023288,0.25,2.1,0.051,21.0,139.0,0.9978,4.8263728675844355,0.65,12.4,6,1
10.163016780407695,-0.6322830846818814,0.25,15.3,0.111,60.0,116.0,0.99705,1.6106288255046821,1.02,9.7,7,1
13.348075373648575,0.36,0.0,6.1,0.031,32.0,66.0,0.99489,4.8263728675844355,0.59,10.5,6,1
6.6,0.23,0.86,10.5,0.056,17.0,112.0,1.0,1.6106288255046821,0.41,11.2,5,1
6.8,-1.3941536242052224,0.2,2.3,0.068,26.0,24.0,0.99712,1.6106288255046821,0.4,9.5,5,1
6.1,0.22,0.58,12.0,0.036,48.0,148.0,0.9906,4.8263728675844355,0.38,10.8,7,1
7.1,0.46,0.39,1.8,0.048,54.0,89.0,0.99432,4.8263728675844355,0.55,12.2,6,1
6.8,0.31,0.22,1.6,0.106,10.0,172.0,0.9982,1.6106288255046821,0.48,10.4,5,0
6.5,0.47,0.42,7.4,0.083,33.0,91.0,0.99827,1.6106288255046821,0.52,8.7,7,1
6.3,0.59,0.15,0.8,0.053,53.0,13.0,0.994,1.6106288255046821,0.38,10.6,4,1
5.28345198016015,0.44,0.28,7.8,0.032,30.0,151.0,0.9903,1.6106288255046821,0.29,9.9,6,0
10.0,0.33,0.25,13.4,0.048,16.0,117.0,0.99018,1.6106288255046821,0.38,9.9,6,1
5.2,0.74,0.24,3.3,0.043,12.0,236.0,0.9941,1.6106288255046821,0.39,11.4,5,1
14.870428474409998,0.59,0.3,9.2,0.043,8.0,95.0,0.9982,1.6106288255046821,0.5,9.4,5,0
4.942865413032443,0.37,0.26,5.3,0.058,17.0,17.0,0.99628,4.8263728675844355,0.38,9.1,4,1
8.111292226551573,0.58,0.41,2.6,0.093,5.0,111.0,0.9986,4.8263728675844355,0.55,11.7,5,1
6.6,0.31,0.41,8.9,0.038,7.0,103.0,0.9944,4.8263728675844355,0.57,11.2,7,1
6.9,2.9860988541226234,0.24,2.6,0.058,6.0,222.0,0.9948,1.6106288255046821,0.39,9.3,6,1
3.02566770689444,-2.769726505984778,0.54,11.2,0.057,42.0,57.0,0.98856,4.8263728675844355,0.38,12.6,6,1
8.0,1.9926349427936376,0.35,1.1,0.033,12.0,84.0,0.9892,4.8263728675844355,0.47,9.2,6,0
11.6,0.4,0.3,13.4,0.047,43.0,140.0,0.99526,4.8263728675844355,0.52,8.7,6,1
6.1,-3.137648254110303,0.29,8.0,0.034,27.0,47.0,0.99472,1.6106288255046821,0.5,9.4,6,1
7.0,0.4,0.36,2.8,0.036,13.0,52.0,0.99385,1.6106288255046821,0.57,9.8,5,1
8.5,0.29,0.38,7.8,0.068,36.0,84.0,0.9968,1.6106288255046821,0.53,9.5,6,1
10.397830752445795,-1.348301473886119,0.42,2.1,0.063,17.0,117.0,0.9898,1.6106288255046821,0.63,9.2,6,1
7.7,0.22,0.4,6.2,0.056,53.0,108.0,0.99518,1.6106288255046821,0.5,9.0,6,1
6.6,0.46,0.26,10.2,0.036,16.0,52.0,0.9919,1.6106288255046821,0.63,10.4,6,1
4.752349569955502,1.726023391350648,0.1,11.8,0.049,8.0,118.0,0.9986,4.8263728675844355,0.35,9.2,5,1
6.2,3.9702274746120843,0.33,5.7,0.044,57.0,43.0,0.9934,4.8263728675844355,0.5,10.8,6,0
8.5,0.39,0.36,1.0,0.079,35.0,130.0,0.99412,4.8263728675844355,0.49,10.5,5,0
6.2,1.3329298849924816,0.31,2.3,0.033,18.0,70.0,0.99807,4.8263728675844355,0.42,9.5,8,1
9.1,0.36,0.33,5.6,0.033,36.0,114.0,0.99611,4.8263728675844355,0.54,9.8,6,0
7.6,-0.4345044591665347,0.33,16.0,0.036,23.0,14.0,0.99646,1.6106288255046821,0.46,10.7,5,0
0.9897758709278346,-2.377249165367193,0.1,1.8,0.056,44.0,33.0,0.99057,4.8263728675844355,0.48,9.1,5,1
7.7,0.54,0.33,2.9,0.05,34.0,145.0,0.99573,1.6106288255046821,0.5,9.8,6,1
4.4,0.1945910129294623,0.2,1.3,0.034,77.0,241.0,0.9964,4.8263728675844355,0.73,10.8,4,1
12.0,-4.081833962705095,0.18,9.1,0.039,30.0,98.0,0.99082,4.8263728675844355,0.37,10.1,5,1
5.785489350354786,0.24,0.12,1.7,0.034,19.0,158.0,0.99457,1.6106288255046821,0.88,10.2,6,0
9.0,0.26,0.47,2.1,0.032,20.0,59.0,0.9957,4.8263728675844355,0.36,12.4,6,0
9.5,0.3,0.28,7.4,0.033,43.0,183.0,0.9936,4.8263728675844355,0.63,12.6,8,0
6.433678961867342,0.125,0.4,4.8,0.03,18.0,53.0,0.99324,4.8263728675844355,0.39,9.5,7,1
6.5,-0.6089361803249387,0.12,12.9,0.042,29.0,61.0,0.99538,4.8263728675844355,0.49,9.7,6,0
6.9,-0.7372473329114072,0.51,1.5,0.046,22.0,186.0,0.9914,1.6106288255046821,0.42,11.1,6,1
9.2,-3.9490193512262994,0.34,8.0,0.055,13.0,74.0,0.99704,4.8263728675844355,0.56,12.4,6,1
10.2,0.125,0.47,1.2,0.047,52.0,92.0,0.9976,4.8263728675844355,0.49,10.8,7,0
6.7,0.23,0.37,1.3,0.031,8.0,132.0,0.9959,4.8263728675844355,0.65,9.4,6,0
4.111989043878818,0.38,0.22,1.3,0.027,56.0,34.0,0.9968,1.6106288255046821,0.43,9.5,4,1
12.375237997876336,0.24,0.47,4.6,0.028,31.0,97.0,0.99773,1.6106288255046821,0.5,11.5,6,1
7.7,7.230579832926756,0.13,11.8,0.098,18.0,110.0,0.9936,1.6106288255046821,0.44,9.1,7,1
7.7,-0.11493748389407504,0.3,1.6,0.043,3.0,120.0,0.99579,1.6106288255046821,0.71,11.8,5,1
8.4,0.22,0.29,1.6,0.055,13.0,28.0,0.98947,4.8263728675844355,0.52,12.0,6,1
7.6,0.26,0.24,17.5,0.026,40.0,62.0,0.99258,4.8263728675844355,0.37,9.4,7,1
7.0,-0.1668794083520099,0.26,8.7,0.081,68.0,79.0,0.9984,4.8263728675844355,0.6,11.3,7,1
7.0,0.36,0.38,15.4,0.039,19.0,161.0,0.9956,1.6106288255046821,0.52,9.8,6,1
5.702287264587636,0.44,0.3,2.1,0.08,53.0,115.0,0.9934,1.6106288255046821,0.53,9.8,6,1
6.5,0.1,0.0,6.3,0.026,8.0,72.0,0.99688,1.6106288255046821,0.53,9.8,6,1
5.9,-0.8442434855337675,0.3,9.7,0.048,44.0,163.0,0.9955,1.6106288255046821,0.59,10.9,5,1
2.298361326094005,1.9407163118696142,0.65,8.3,0.042,37.0,115.5,0.9971,4.8263728675844355,0.49,10.1,6,0
8.846592919829533,1.990540478358737,0.34,5.1,0.037,6.0,110.0,0.9958,1.6106288255046821,0.43,10.8,7,1
6.3,0.5,0.48,7.8,0.045,38.0,148.0,0.9916,4.8263728675844355,0.49,9.5,6,1
6.4814391570976,3.2057130846057182,0.34,1.4,0.03,14.0,102.0,0.99648,4.8263728675844355,0.53,9.8,6,1
3.3111247829277715,0.8135592220821882,0.3,15.7,0.029,30.0,45.0,0.99006,4.8263728675844355,0.72,10.1,6,1
3.472480137930725,0.57,0.23,13.3,0.06,22.0,132.0,1.0002,4.8263728675844355,0.6,9.5,4,1
5.721787265311299,1.3263377468332647,0.43,4.6,0.045,78.0,163.0,0.99026,4.8263728675844355,0.56,13.0,7,1
5.6,0.25,0.36,2.1,0.039,15.0,10.0,0.9957,1.6106288255046821,0.72,11.7,8,1
7.6,0.4,0.44,1.6,0.048,36.0,21.0,0.9954,4.8263728675844355,0.38,12.2,5,1
5.7,0.13,0.22,1.8,0.05,50.0,111.0,0.99808,1.6106288255046821,0.57,10.6,6,0
0.5786718393937234,6.347860386458908,0.3,1.1,0.054,54.0,15.0,0.9958,1.6106288255046821,0.38,9.4,7,0
9.1,0.43,0.31,1.1,0.053,35.0,37.0,0.99512,1.6106288255046821,0.59,11.3,7,1
7.3,-1.6931656070482775,0.23,1.4,0.05,19.0,150.0,0.9935,1.6106288255046821,0.52,9.8,5,1
7.1,-3.6671146591968027,0.34,8.1,0.024,75.0,166.0,0.99668,1.6106288255046821,0.44,12.2,5,0
7.1781288785075645,0.36,0.24,2.4,0.04,38.0,108.0,0.9928,1.6106288255046821,0.59,12.0,6,1
7.1,0.245,0.0,3.8,0.057,5.0,147.0,0.99665,1.6106288255046821,0.45,9.6,7,0
7.7,0.28,0.3,4.6,0.036,8.0,180.0,0.99538,1.6106288255046821,0.45,11.9,5,0
7.1,0.18,0.28,2.0,0.062,22.0,159.0,0.99624,4.8263728675844355,0.44,10.6,6,0
13.348075373648575,0.735,0.4,9.0,0.089,36.0,176.0,0.99672,4.8263728675844355,0.4,12.9,4,0
8.8,0.34,0.3,1.4,0.059,49.0,135.0,0.99976,4.8263728675844355,0.73,10.0,6,0
6.7,-0.1516469793087789,0.4,7.95,0.074,11.0,23.0,0.9963,1.6106288255046821,0.42,9.6,6,1
6.6,-2.5629158394992038,0.23,4.0,0.083,38.0,124.0,0.9918,1.6106288255046821,0.82,10.0,6,1
7.3,0.215,0.36,1.4,0.051,10.0,107.0,0.996,1.6106288255046821,0.67,11.5,5,1
8.082756459461315,0.3,0.22,1.8,0.042,59.5,227.0,0.99475,1.6106288255046821,0.36,10.6,6,1
6.4,0.39,0.41,17.8,0.053,39.0,145.0,0.9978,1.6106288255046821,0.6,10.7,6,1
6.9,2.014518369354713,0.28,1.9,0.047,50.0,222.0,0.99547,4.8263728675844355,0.59,9.9,5,1
6.8,-0.36416491589577793,0.06,2.2,0.089,23.0,201.0,0.99612,4.8263728675844355,0.51,10.7,5,1
7.3,0.39,0.33,9.9,0.075,21.0,191.0,0.9906,1.6106288255046821,0.58,10.6,7,1
6.636673463340786,0.16,0.3,0.8,0.093,9.0,159.0,0.98964,4.8263728675844355,0.65,10.5,6,1
7.7,5.119189534140196,0.49,4.7,0.024,5.0,166.0,0.9958,1.6106288255046821,0.54,9.4,6,0
11.1,0.23,0.1,2.0,0.082,16.0,207.0,0.99704,4.8263728675844355,0.53,9.2,5,1
10.194239188822115,0.35,0.32,1.4,0.04,9.0,173.0,0.9966,4.8263728675844355,0.53,11.5,6,1
6.6136686170580425,0.12,0.42,2.5,0.029,14.0,156.0,0.99458,4.8263728675844355,0.78,9.5,7,1
8.288193836570152,0.27,0.38,5.2,0.047,14.0,100.0,0.98952,1.6106288255046821,0.56,9.0,5,0
10.3,-1.0337604617791873,0.34,6.2,0.045,15.0,127.0,0.9952,4.8263728675844355,0.49,10.0,6,0
4.495757366457649,0.26,0.17,6.2,0.08,31.0,24.0,0.99112,1.6106288255046821,0.63,11.4,6,1
12.033214916270731,-3.166016868238733,0.42,1.9,0.038,16.0,30.0,0.9917,1.6106288255046821,0.54,9.8,6,1
10.4,0.53,0.39,4.2,0.026,7.0,71.0,0.9924,4.8263728675844355,0.34,9.0,6,1
10.9,3.5244884867790414,0.24,2.0,0.031,38.0,104.0,0.99128,1.6106288255046821,0.31,9.2,6,1
9.83530822922604,-0.24668354329759243,0.32,2.3,0.04,32.0,118.0,0.99052,4.8263728675844355,0.38,12.2,5,1
6.8,0.16,0.44,4.3,0.043,21.0,144.0,0.99534,4.8263728675844355,0.52,9.8,6,0
7.8,5.063448766480974,0.27,12.6,0.074,66.0,109.0,0.99862,1.6106288255046821,0.41,11.8,6,1
8.5,0.31,0.48,13.5,0.067,32.0,234.0,0.99172,1.6106288255046821,0.5,12.4,8,1
11.229037927274469,0.25,0.31,14.5,0.04,47.0,71.0,0.9918,1.6106288255046821,0.52,13.6,5,0
10.158218362594386,0.34,0.39,2.0,0.06,14.0,168.0,0.99302,4.8263728675844355,0.55,10.4,5,1
7.6,0.3,0.34,1.7,0.039,46.0,110.0,0.9966,1.6106288255046821,0.45,9.4,6,1
9.833975584280417,-0.04214013464900501,0.33,8.0,0.085,45.0,170.0,0.9938,1.6106288255046821,0.74,10.5,6,1
6.9,0.19,0.07,4.7,0.042,28.0,111.0,0.9939,4.8263728675844355,0.84,10.7,6,1
6.534381869430167,0.21,0.29,2.5,0.034,10.0,182.0,0.9916,1.6106288255046821,0.42,10.9,6,1
5.940421281312542,0.24,0.26,5.1,0.028,62.0,80.0,0.99474,4.8263728675844355,0.47,9.2,6,0
9.322182284511253,2.0839608663218097,0.26,4.8,0.061,8.0,183.0,0.9931,4.8263728675844355,0.72,11.0,6,0
6.7,0.27,0.04,12.4,0.067,36.0,88.0,1.0004,4.8263728675844355,0.76,9.0,5,1
7.3,0.41,0.56,4.75,0.04,35.0,186.0,0.9892,4.8263728675844355,0.67,9.5,6,1
6.456966955158383,0.42,0.02,7.2,0.043,35.0,151.0,0.99282,4.8263728675844355,0.4,10.4,4,1
6.760329272454325,0.24,0.13,1.3,0.036,20.0,201.0,0.99536,4.8263728675844355,0.6,10.8,7,1
6.9,-2.0418799500908733,0.22,18.15,0.043,35.0,191.0,0.9978,4.8263728675844355,0.54,8.4,6,1
8.978001314375405,-1.6283296698653946,0.72,2.0,0.057,11.0,156.0,0.99584,4.8263728675844355,0.46,9.9,6,1
7.8,0.26,0.31,6.4,0.082,5.0,171.0,0.99784,4.8263728675844355,0.42,9.2,6,1
7.0,3.9547726363825286,0.21,11.2,0.056,53.0,196.0,0.99776,1.6106288255046821,0.46,12.3,6,1
6.1,0.21,0.42,6.3,0.03,36.0,87.0,0.9962,1.6106288255046821,0.81,11.1,6,0
10.1,-0.15697216977401052,0.05,6.2,0.204,49.0,140.0,0.99612,1.6106288255046821,0.38,11.7,6,1
9.773426350495638,-6.949903262493312,0.14,1.4,0.08,19.0,117.0,0.999,1.6106288255046821,0.36,11.7,5,1
6.0,0.24,0.0,6.9,0.038,32.0,19.0,0.998,4.8263728675844355,0.64,9.5,8,1
3.1394166602573783,0.37,0.34,6.1,0.03,27.0,84.0,0.99772,1.6106288255046821,0.41,8.8,7,0
8.1,-3.574492082407904,0.4,5.2,0.076,6.0,211.0,0.99178,1.6106288255046821,0.39,10.3,5,1
8.3,0.34,0.3,12.8,0.045,22.0,68.0,0.9962,1.6106288255046821,0.69,9.4,7,1
0.1688750043549625,0.23,0.16,2.0,0.049,30.0,141.0,0.99296,4.8263728675844355,0.37,10.3,6,1
12.46200086541553,0.26,0.29,6.3,0.029,22.0,162.0,0.9927,1.6106288255046821,0.44,10.2,6,1
6.0,-0.8186900493561036,0.29,1.4,0.051,31.0,113.0,0.9968,4.8263728675844355,0.69,9.4,6,1
11.819537086619892,3.5771187748868365,0.49,2.7,0.048,14.0,185.0,0.992,4.8263728675844355,0.6,11.6,5,1
10.9,0.8135592220821882,0.37,1.0,0.078,13.0,58.0,0.9934,4.8263728675844355,0.38,10.6,6,1
6.8,0.31,0.01,2.1,0.11,39.0,171.0,0.9978,4.8263728675844355,0.75,11.5,6,0
8.778638187934357,-0.2932204702994694,0.28,2.0,0.078,47.0,251.0,0.9962,1.6106288255046821,0.93,9.0,6,0
5.9,-1.9736343381581212,0.28,4.5,0.097,10.0,89.0,0.9948,4.8263728675844355,0.64,9.8,5,1
10.5,0.5842293194844497,0.35,6.0,0.059,11.0,151.0,0.99825,4.8263728675844355,0.44,11.0,5,1
7.2,0.38,0.26,6.4,0.028,17.0,180.0,0.9983,1.6106288255046821,0.44,9.9,7,1
6.4,0.22,0.17,6.0,0.052,32.0,31.0,0.9915,1.6106288255046821,0.6,9.1,5,1
6.27249569640014,-0.60881202416879,0.24,7.4,0.071,35.0,172.0,0.99773,1.6106288255046821,0.67,10.3,5,1
10.927494906482748,2.5184497255010583,0.34,11.8,0.089,22.0,132.0,0.99965,4.8263728675844355,0.36,9.0,5,1
6.8,0.31,0.32,7.4,0.019,40.0,108.0,0.9919,1.6106288255046821,0.73,9.8,6,0
8.3,0.21,0.0,2.5,0.042,46.0,149.0,0.99273,1.6106288255046821,0.71,9.9,6,0
6.7,0.33,0.43,7.1,0.033,53.0,75.0,0.99334,1.6106288255046821,0.71,12.2,5,0
12.556316273525775,0.5,0.4,2.0,0.075,40.0,175.0,0.99198,1.6106288255046821,0.63,11.0,6,1
6.8,0.19,0.42,1.2,0.068,20.0,125.0,0.9934,1.6106288255046821,0.48,11.8,6,1
6.5,0.23,0.2,4.5,0.034,48.0,104.0,0.99122,4.8263728675844355,0.61,8.9,5,0
8.8,0.32,0.5,1.4,0.066,14.0,113.0,0.9939,1.6106288255046821,0.56,9.9,7,0
7.2,0.67,0.67,8.8,0.106,37.0,114.0,0.99174,4.8263728675844355,0.5,8.9,6,1
9.2,0.45,0.06,2.3,0.041,10.0,92.0,0.99642,4.8263728675844355,0.5,10.0,6,1
8.4,0.27,0.25,19.35,0.07,26.0,143.0,0.9981,4.8263728675844355,0.64,10.5,7,1
7.2,0.35,0.28,2.0,0.053,28.0,113.0,0.99432,4.8263728675844355,0.35,10.8,6,1
6.760329272454325,0.9764798868831093,0.45,1.2,0.054,15.0,48.0,0.99225,4.8263728675844355,0.56,11.1,5,0
5.603647711770413,0.19,0.42,5.1,0.039,25.0,166.0,0.9986,4.8263728675844355,0.38,9.0,5,1
9.746591991797915,0.54,0.2,1.7,0.053,51.0,41.0,0.9924,4.8263728675844355,0.42,12.1,6,1
